--
-- PostgreSQL database dump
--

-- Dumped from database version 15.1
-- Dumped by pg_dump version 15.1

SET statement_timeout = 0;
SET lock_timeout = 0;
SET idle_in_transaction_session_timeout = 0;
SET client_encoding = 'UTF8';
SET standard_conforming_strings = on;
SELECT pg_catalog.set_config('search_path', '', false);
SET check_function_bodies = false;
SET xmloption = content;
SET client_min_messages = warning;
SET row_security = off;

SET default_tablespace = '';

SET default_table_access_method = heap;

--
-- Name: QuestionUser; Type: TABLE; Schema: public; Owner: DriverSchoolUser
--

CREATE TABLE public."QuestionUser" (
    "SavedQuestionsId" integer NOT NULL,
    "UsersId" integer NOT NULL
);


ALTER TABLE public."QuestionUser" OWNER TO "DriverSchoolUser";

--
-- Name: Questions; Type: TABLE; Schema: public; Owner: DriverSchoolUser
--

CREATE TABLE public."Questions" (
    "Id" integer NOT NULL,
    "Title" text NOT NULL,
    "Text" text NOT NULL,
    "Answers" text[] NOT NULL,
    "AnswerIndex" integer NOT NULL,
    "Themes" text[],
    "ImageUri" text NOT NULL,
    "CreationDate" timestamp with time zone NOT NULL,
    "Explanation" text,
    "IsSerious" boolean DEFAULT false NOT NULL
);


ALTER TABLE public."Questions" OWNER TO "DriverSchoolUser";

--
-- Name: Questions_Id_seq; Type: SEQUENCE; Schema: public; Owner: DriverSchoolUser
--

ALTER TABLE public."Questions" ALTER COLUMN "Id" ADD GENERATED BY DEFAULT AS IDENTITY (
    SEQUENCE NAME public."Questions_Id_seq"
    START WITH 1
    INCREMENT BY 1
    NO MINVALUE
    NO MAXVALUE
    CACHE 1
);


--
-- Name: QuizSummaries; Type: TABLE; Schema: public; Owner: DriverSchoolUser
--

CREATE TABLE public."QuizSummaries" (
    "Id" integer NOT NULL,
    "Score" integer NOT NULL,
    "isSuccess" boolean NOT NULL,
    "CreationDate" timestamp with time zone NOT NULL,
    "UserId" integer DEFAULT 2 NOT NULL
);


ALTER TABLE public."QuizSummaries" OWNER TO "DriverSchoolUser";

--
-- Name: QuizSummaries_Id_seq; Type: SEQUENCE; Schema: public; Owner: DriverSchoolUser
--

ALTER TABLE public."QuizSummaries" ALTER COLUMN "Id" ADD GENERATED BY DEFAULT AS IDENTITY (
    SEQUENCE NAME public."QuizSummaries_Id_seq"
    START WITH 1
    INCREMENT BY 1
    NO MINVALUE
    NO MAXVALUE
    CACHE 1
);


--
-- Name: QuizzSummaryElement; Type: TABLE; Schema: public; Owner: DriverSchoolUser
--

CREATE TABLE public."QuizzSummaryElement" (
    "Id" integer NOT NULL,
    "UserAnswerIndex" integer NOT NULL,
    "QuizzSummaryId" integer,
    "IsAnswerCorrect" boolean NOT NULL,
    "QuestionId" integer NOT NULL,
    "CreationDate" timestamp with time zone NOT NULL
);


ALTER TABLE public."QuizzSummaryElement" OWNER TO "DriverSchoolUser";

--
-- Name: QuizzSummaryElement_Id_seq; Type: SEQUENCE; Schema: public; Owner: DriverSchoolUser
--

ALTER TABLE public."QuizzSummaryElement" ALTER COLUMN "Id" ADD GENERATED BY DEFAULT AS IDENTITY (
    SEQUENCE NAME public."QuizzSummaryElement_Id_seq"
    START WITH 1
    INCREMENT BY 1
    NO MINVALUE
    NO MAXVALUE
    CACHE 1
);


--
-- Name: Users; Type: TABLE; Schema: public; Owner: DriverSchoolUser
--

CREATE TABLE public."Users" (
    "Id" integer NOT NULL,
    "Email" text NOT NULL,
    "UserName" text NOT NULL,
    "CreationDate" timestamp with time zone NOT NULL
);


ALTER TABLE public."Users" OWNER TO "DriverSchoolUser";

--
-- Name: Users_Id_seq; Type: SEQUENCE; Schema: public; Owner: DriverSchoolUser
--

ALTER TABLE public."Users" ALTER COLUMN "Id" ADD GENERATED BY DEFAULT AS IDENTITY (
    SEQUENCE NAME public."Users_Id_seq"
    START WITH 1
    INCREMENT BY 1
    NO MINVALUE
    NO MAXVALUE
    CACHE 1
);


--
-- Name: __EFMigrationsHistory; Type: TABLE; Schema: public; Owner: DriverSchoolUser
--

CREATE TABLE public."__EFMigrationsHistory" (
    "MigrationId" character varying(150) NOT NULL,
    "ProductVersion" character varying(32) NOT NULL
);


ALTER TABLE public."__EFMigrationsHistory" OWNER TO "DriverSchoolUser";

--
-- Data for Name: QuestionUser; Type: TABLE DATA; Schema: public; Owner: DriverSchoolUser
--

COPY public."QuestionUser" ("SavedQuestionsId", "UsersId") FROM stdin;
7	2
19	2
39	1
13	1
1	1
42	2
39	2
20	2
36	2
51	2
\.


--
-- Data for Name: Questions; Type: TABLE DATA; Schema: public; Owner: DriverSchoolUser
--

COPY public."Questions" ("Id", "Title", "Text", "Answers", "AnswerIndex", "Themes", "ImageUri", "CreationDate", "Explanation", "IsSerious") FROM stdin;
21	Régime moteur	Lorsque je roule au diesel, je dois passer une vitesse lorsque le régime moteur atteint :	{"2000 tours/minute","1500 tours/minute","2500 tours/minute"}	0	{Divers}	https://i.imgur.com/jWAV9xD.jpg	2024-01-31 10:36:12.981043-08	Lorsque vous roulez au diesel, il est généralement recommandé de passer une vitesse lorsque le régime moteur atteint environ 2000 tours/minute. Cela permet d'optimiser l'efficacité du moteur, assurant une consommation de carburant raisonnable tout en offrant une puissance adéquate pour la conduite. Le choix précis du régime moteur pour passer à une vitesse supérieure peut varier en fonction du véhicule et des conditions de conduite, mais 2000 tours/minute est une référence courante.	f
1	Taille minimual intérieure 	Quelle est la largeur minimale intérieure pour que 2 passagers puissent prendre place à côté du conducteur ? 	{"1,35 m","1,20 m","1,65 m"}	0	{Equipement}	https://i.imgur.com/RMnWOBq.jpg	2024-01-31 10:36:12.976689-08	\N	t
13	Descente dangereuse	Quel danger représente ce panneau ?	{"Descente dangereuse","Montée à forte inclinaison","Un virage dangereux à gauche"}	0	{Panneau}	https://i.imgur.com/H753mkR.png	2024-01-31 10:36:12.980658-08	Pour se rapeller du sens, imaginez la voiture venant de gauche, si elle descend c'est un panneau qui indique une descente, sinon une montée.	f
15	Chaussée glissante	Quel danger représente ce panneau ?	{"Chaussée glissante","Succession de virages dangereux","Possiblité de verglas"}	0	{Panneau}	https://i.imgur.com/sqSbqt9.png	2024-01-31 10:36:12.980671-08	Chaussée glissante	f
16	Type de panneau	Que représente un panneau rond à fond bleu	{"Une obligation","Une indication","Une interiction"}	0	{Panneau}	https://i.imgur.com/SbrSltU.jpg	2024-01-31 10:36:12.980676-08		f
17	Modification du constat	Après avoir quitté les lieux de l'accident je me rends compte que le recto remplit avec l'autre partie est erroné. Puis-je la modifier ?	{Non,Oui}	0	{Accident}	https://i.imgur.com/wy4jCoa.png	2024-01-31 10:36:12.980682-08	Dans aucun cas il n'est toléré de modifier le recto du constat. Si vous vous rendez compte d'une erreur, vous devez le signaler à votre assureur	f
18	Moteur 4 temps	Dans l'ordre, le cycle d'un moteur 4 temps est :	{"Admission, compression, explosion, échappement","Explosion, admission, compression, échappement","Echappement , explosion, compression, admission"}	0	{Divers}	https://i.imgur.com/FJjPSsZ.jpg	2024-01-31 10:36:12.981014-08	Le cycle d'un moteur 4 temps est : admission, compression, explosion, échappement. L'air-carburant entre pendant l'admission, se comprime pendant la compression, explose lors de l'explosion, puis les gaz brûlés sont évacués pendant l'échappement, générant ainsi de la puissance.	f
19	Avertir	Lorsque je suis sur route ordinaire, un accident doit être signalé:	{"Des deux côtés, en amont et en aval de l'accident","Uniquement en amont","Uniquement en aval"}	0	{Accident}	https://i.imgur.com/y9MEvmo.jpg	2024-01-31 10:36:12.981028-08	Il faut impérativement signaler un accident des deux côtés lorsqu'on est sur route ordinaire, en amont et en aval de l'accident. Sur route ordinaire il faut placer le triangle à 30m en amont et en aval de l'accident	f
20	Régime moteur	Lorsque je roule à l'essence, je dois passer une vitesse lorsque le régime moteur atteint :	{"2500 tours/minute","2000 tours/minute","1500 tours/minute"}	0	{Divers}	https://i.imgur.com/jWAV9xD.jpg	2024-01-31 10:36:12.981035-08	Lorsque vous roulez à l'essence, il est généralement recommandé de passer une vitesse lorsque le régime moteur atteint environ 2500 tours/minute. Cela permet d'optimiser l'efficacité du moteur, assurant une consommation de carburant raisonnable tout en offrant une puissance adéquate pour la conduite. Le choix précis du régime moteur pour passer à une vitesse supérieure peut varier en fonction du véhicule et des conditions de conduite, mais 2500 tours/minute est une référence courante.	f
23	Inscriptions sur le pneu	Sur le flanc de ce pneu, je peux lire : 215/60 R 16 91V. Que signifie le 60?	{"Le rapport hauteur/largeur du pneu","La largeur de la bande de roulement (en mm)","Le diamètre de la jante en pouces "}	0	{Divers}	https://i.imgur.com/xg253cb.jpg	2024-01-31 10:36:12.981062-08	Le nombre 60 dans l'inscription du pneu (215/60 R 16 91V) représente le rapport hauteur/largeur du pneu.	f
24	Inscriptions sur le pneu	Sur le flanc de ce pneu, je peux lire : 215/60 R 16 91V. Que signifie le 16?	{"Le diamètre de la jante en pouces ","Le rapport hauteur/largeur du pneu","La largeur de la bande de roulement (en mm)"}	0	{Divers}	https://i.imgur.com/xg253cb.jpg	2024-01-31 10:36:12.981068-08	Le nombre 16 dans l'inscription du pneu (215/60 R 16 91V) représente la taille de la jante en pouces.	f
26	Consommation carburant	Lorsque je roule à haut régime moteur, ma consommation de carburant :	{"Est augmentée","Est diminuée","N'est pas impactée"}	0	{Divers}	https://i.imgur.com/oNlJxss.jpg	2024-01-31 10:36:12.981081-08	Lorsque vous roulez à haut régime moteur, votre consommation de carburant a tendance à augmenter. Cela est dû à une combustion plus rapide du carburant pour fournir l'énergie nécessaire à des régimes élevés. En général, maintenir un régime moteur modéré peut contribuer à une meilleure efficacité énergétique et donc à une consommation de carburant plus faible.	f
28	Depasser cycliste hors agglomération TODO Image	Je me déplace hors agglomération, je veux dépasser un cycliste. Je dois respecter une distance latérale de:	{"1,5m",1m,"0,5m"}	0	{Dépassements}	https://i.imgur.com/oNlJxss.jpg	2024-01-31 10:36:12.981094-08	Respectez un distance de 1,5m lors d'un dépassement de cycliste hors agglomération et de 1m en agglomération.	t
29	Depasser cycliste en agglomération TODO Image	Je me déplace en agglomération, je veux dépasser un cycliste. Je dois respecter une distance latérale de:	{1m,"0,5m","1,5m"}	0	{Dépassements}	https://i.imgur.com/oNlJxss.jpg	2024-01-31 10:36:12.981106-08	Respectez un distance de 1,5m lors d'un dépassement de cycliste hors agglomération et de 1m en agglomération.	t
30	Feux brouillard lors de forte pluie	Lors de forte pluie, les feux suivants sont obligatoires	{"Brouillard arrière","Brouillard avant","Les deux"}	0	{Feux}	https://i.imgur.com/6Zu40uS.jpg	2024-01-31 10:36:12.981114-08	L'usage des feux de brouillard arrière est obligatoire en cas de forte pluie. (Infraction du 3e degré)	t
31	Cyclomoteur avec permis B provisoire	Ai-je le droit de conduire un cyclomoteur avec un permis B provisoire ?	{Non,Oui}	0	{Permis}	https://i.imgur.com/CmK27J9.jpg	2024-01-31 10:36:12.981243-08	Pour conduire un cyclomoteur, il faut être titulaire d'un permis AM ou d'un permis B définitif. Le permis B provisoire ne permet pas de conduire un cyclomoteur.	f
35	Evitement travaux en agglomération TODO Image	En agglomération, des travaux obligent les piétons à emprunter la chaussée. Je dois :	{"M'écarter de 1m","M'écarter de 0,50m","M'écarter de 1,5m"}	0	{Divers}	https://i.imgur.com/broOTrM.png	2024-01-31 10:36:12.981389-08	1m en agglomération et 1,5m hors agglomération, facile a retenir c'est la même distance que pour les dépassemnts de cyclistes.	t
36	Perception immédiate résident belge	Un résidant belge peut-il faire l'objet d'une perception immédiate dans le cas d'une infraction du 4eme degré ?	{Non,"De 1250 euros","De 1500 euros"}	0	{Divers}	https://i.imgur.com/S8tldG2.jpg	2024-01-31 10:36:12.981398-08	Un résidant belge ne peut pas faire l'objet d'une perception immédiate dans le cas d'une infraction du 4eme degré.	f
37	Numéro européen des urgences	Quel est le numéro d'urgence gratuit qui permet de joindre les services de secours partout en Europe ?	{"Le 112","Le 101","Le 100"}	0	{Divers}	https://i.imgur.com/JfhzzO4.png	2024-01-31 10:36:12.981406-08	Le 112 est le numéro de téléphone réservé aux appels d’urgence et valide dans l’ensemble de l’Union européenne (il est aussi utilisé dans la plupart des autres pays européens, selon les opérateurs de télécommunications ou les législations locales).	f
38	Panneau voie prioritaire	Ce panneau indique que :	{"Je suis sur une voie prioritaire","Je suis sur un autoroute","J'ai priorité au prochain carrefour"}	0	{Panneau}	https://i.imgur.com/2a1c2PW.png	2024-01-31 10:36:12.98142-08	Ce panneau jaune indique que vous circulez sur une voie prioritaire, vous avez donc priorité dans les carrefours suivants.	f
40	Priorité ponctuelle	Ce panneau indique:	{"J'ai priorité à gauche et a droite au prochain carrefour","Voie prioritaire","Intersection dans 150m"}	0	{Panneau}	https://i.imgur.com/1JePkjk.png	2024-01-31 10:36:12.981436-08	Ce panneau indique que vous avez la priorité sur tous les véhicules qui viennent de gauche ou de droite	f
41	Interdiction de dépasser un véhicule a plus de 2 roues	Ce panneau indique qu'il est interdit de :	{"Dépasser un véhicule attelé ou à plus de 2 roues","Dépasser pour tout les conducteurs","Rester sur la bande de gauche"}	0	{Panneau}	https://i.imgur.com/RT8GLcN.png	2024-01-31 10:36:12.981455-08	Le signal d'interdiction interdit aux conducteurs de dépasser par la gauche: \n\n Un véhicule attelé ou un véhicule a plus de deux roues. \n\n On peut donc dépasser un véhicule à deux roues, par contre un deux roues ne peut pas dépasser un véhicule attelé ou à plus de deux roues.	f
39	Panneau ceder passager 200m	Ce panneau indique que :	{"Dans 200m je devrais céder le passage","Je dois céder le passage pendant 200 m","Carrefour dans 200 m"}	0	{Panneau}	https://i.imgur.com/6U5g7a5.png	2024-01-31 10:36:12.981428-08	Le panneau bleu indique que le panneau ci-dessus se trouve dans 200 m, et celui ci indique un céder le passage.\n\nVous devrez donc céder le passage dans 200 mètres.	f
5	Sample Question TODO Image	Les quatre chiffres précédés de la mention DOT vous indiquent la date de fabrication de ce pneu :	{"Oui, les deux premiers chiffres indiquent la semaine, les deux suivants, l'année","Oui, les deux premiers chiffres indiquent l'année, les deux suivants, la semaine",Non}	0	{Equipement}	https://diy7ta1tt6jst.cloudfront.net/prod/okulus/98f3472d-b769-4cb8-b525-ce68298f0e07	2024-01-31 10:36:12.979463-08	\N	f
2	Chargement qui dépasse à l'arrière TODO Image 	Un chargement constitué d'objets indivisibles ne peut jamais dépasser l'arrière de plus de :	{"3 m, mais doit être signalé dès qu'il dépasse de plus de 1 m","2 m, mais doit être signalé dès qu'il dépasse de plus de 1 m","1 m"}	0	{Equipement}	https://diy7ta1tt6jst.cloudfront.net/prod/okulus/3224e3d8-e2cd-468b-a6e6-d3cf5c62994b	2024-01-31 10:36:12.979412-08	\N	f
3	Sample Question TODO Image	Cette veste de sécurité est un accessoire :	{Obligatoire,Conseillé,Interdit}	0	{Equipement}	https://diy7ta1tt6jst.cloudfront.net/prod/okulus/2480037b-6c78-496c-b7e6-47aaf4e8ded7	2024-01-31 10:36:12.979441-08	Elle est toujours obligatoire pour le chauffeur du véhicule.	f
4	Carburant le plus écologique	Quel carburant se montre le plus écologique :	{"Le gaz (LPG)",L'essence,"Le diesel"}	0	{Equipement}	https://i.imgur.com/n4WstbJ.jpg	2024-01-31 10:36:12.979453-08	\N	f
6	Sample Question TODO Image and explanation	Après avoir déposé son passager, ce conducteur sort les bagages du coffre. Ce véhicule doit être considéré comme :	{"A l'arrêt",Arrêté,"En stationnement"}	0	{Equipement}	https://diy7ta1tt6jst.cloudfront.net/prod/okulus/ecc87641-444e-4a8e-91a6-b71aaaa19ac3	2024-01-31 10:36:12.980461-08	\N	f
8	Sample Question	Celui qui pousse à la main une moto doit être considéré comme :	{Conducteur,Piéton,Passager}	0	{Divers}	https://i.imgur.com/7DK3eHO.jpg	2024-01-31 10:36:12.98048-08	\N	f
10	Sample Question	Qui décide d'une interdiction temporaire de conduire ?	{"L'agent qualifié","Le procureur du Roi","Le juge"}	0	{Priorité}	https://diy7ta1tt6jst.cloudfront.net/prod/okulus/1a377c16-df7f-412e-a0f9-f831d52fa922	2024-01-31 10:36:12.98049-08	\N	f
11	Virage dangereux. Virage à gauche	Quel danger représente ce panneau ?	{"Un virage dangereux à gauche dans 150m","Un cul de sac","Un virage dangereux à droite dans 150m"}	0	{Panneau}	https://i.imgur.com/4DCV0ck.png	2024-01-31 10:36:12.980495-08	Le panneau indique un virage dangereux à gauche dans 150m	f
7	Déposer passager sur place handicapé	Je peux m'immobiliser sur cet emplacement pour déposer mon passager :	{Oui,Non}	0	{Panneau}	https://i.imgur.com/MLQlLV6.png	2024-01-31 10:36:12.980474-08	Il est effectivement autorisé de s'arrêter sur cette place ci c'est pour déposer un passager.	f
9	Sample Question	Je peux m'engager dans ce carrefour pour virer à gauche :	{Non,Oui}	0	{Priorité}	https://diy7ta1tt6jst.cloudfront.net/prod/okulus/26dcbf26-03a6-4380-b5c7-e872150c92ad	2024-01-31 10:36:12.980485-08	\N	f
12	Virage dangereux. Double virage ou succession de plus de deux virages, le premier à gauche	Quel danger représente ce panneau ?	{"Virage dangereux. Double virage ou succession de plus de deux virages, le premier à gauche","Virage dangereux. Double virage ou succession de plus de deux virages, le premier à droite","Un virage dangereux à gauche"}	0	{Panneau}	https://i.imgur.com/PgMoS2b.png	2024-01-31 10:36:12.980646-08	Virage dangereux. Double virage ou succession de plus de deux virages, le premier à gauche	f
14	Rétrécissement de la chaussée	Quel danger représente ce panneau ?	{"Rétrécissement de la chaussée par la gauche","Rétrécissement de la chaussée par la droite","Travaux sur la bande de gauche"}	0	{Panneau}	https://i.imgur.com/iHJrzWZ.png	2024-01-31 10:36:12.980664-08	Rétrécissement de la chaussée par la gauche	f
22	Transport vélo	Lorsque je transporte des vélos, quel est l'endroit ou ils augmenterons la consommation du véhicule le moins possible:	{"A l'arrière du véhicule","Sur le toit du véhicule","Peu importe"}	0	{Divers}	https://i.imgur.com/vx3HhDC.png	2024-01-31 10:36:12.981051-08	Lorsque vous transportez des vélos, les placer à l'arrière du véhicule est généralement préférable pour minimiser la consommation de carburant. Cela s'explique par la moindre résistance à l'air à l'arrière du véhicule, réduisant ainsi la traînée aérodynamique.	f
25	Inscriptions sur le pneu	Sur le flanc de ce pneu je peux lire : 215/60 R 16 91V. Que signifie le 215?	{"La largeur de la bande de roulement (en mm)","Le rapport hauteur/largeur du pneu","Le diamètre de la jante en pouces "}	0	{Divers}	https://i.imgur.com/xg253cb.jpg	2024-01-31 10:36:12.981075-08	Le nombre 16 dans l'inscription du pneu (215/60 R 16 91V) représente la taille de la jante en pouces.	f
27	Feux de routes TODO Image	Je circule en feux de route et je rattrape une voiture. Je dois repasser un feux de croisement si je suis a moins de:	{"50m de la voiture","100m de la voiture","200m de la voiture"}	0	{Feux}	https://i.imgur.com/oNlJxss.jpg	2024-01-31 10:36:12.981088-08	TODO	t
32	Status du véhicule pour téléphoner	Pour répondre au téléphone, mon véhicule doit être considéré comme :	{"En stationnement",Arrêté,"A l'arrêt"}	0	{Divers}	https://i.imgur.com/trFixDQ.png	2024-01-31 10:36:12.98125-08	Un véhicule à l’arrêt est un véhicule ne participant plus à la circulation et qui est rangé par la volonté de son conducteur pour embarquer ou débarquer des personnes ou des choses.\n\nUn véhicule en stationnement est un véhicule ne participant plus à la circulation, qui est rangé par la volonté de son conducteur pour d’autres raisons que l’embarquement ou le débarquement de personnes ou de choses, ou qui reste rangé au-delà du temps nécessaire à ces opérations.\n\nUn véhicule arrêté est simplement un véhicule qui ne bouge pas mais qui est dans la circulation, devant un feu rouge par exemple.	f
33	Franchissement passage a niveau	Lorsqu'un train passe sur un passage à niveau, je peux le franchir :	{"Quand la barrière est complètement levée et que les feux rouges sont éteints","Juste après le passage du train","Dès que la barrière se lève"}	0	{Divers}	https://i.imgur.com/KtQ97iE.png	2024-01-31 10:36:12.981364-08	Un véhicule à l’arrêt est un véhicule ne participant plus à la circulation et qui est rangé par la volonté de son conducteur pour embarquer ou débarquer des personnes ou des choses.\n\nUn véhicule en stationnement est un véhicule ne participant plus à la circulation, qui est rangé par la volonté de son conducteur pour d’autres raisons que l’embarquement ou le débarquement de personnes ou de choses, ou qui reste rangé au-delà du temps nécessaire à ces opérations.\n\nUn véhicule arrêté est simplement un véhicule qui ne bouge pas mais qui est dans la circulation, devant un feu rouge par exemple.	f
34	Hiérarie des indications a suivre	Je dois suivre les indications données dans cette priorité :	{"Agent de police, signaux lumineux, signaux routiers, règles normales de circulation","Signaux lumineux, agent de police, règles normales de circulation, signaux routiers","Signaux routiers, agent de police, signaux lumineux, règles normales de circulation"}	0	{Divers}	https://i.imgur.com/broOTrM.png	2024-01-31 10:36:12.98138-08	L'ordre hiérarchique des indications à suivre est le suivant : agent de police, signaux lumineux, signaux routiers, règles normales de circulation	t
42	Interdiction de dépasser un véhicule a plus de 2 roues	Après ce panneau, qui puis-je dépasser par la gauche ?	{"Une motocyclette","Tout type de véhicules à moteur","Aucun véhicule"}	0	{Panneau}	https://i.imgur.com/RT8GLcN.png	2024-01-31 10:36:12.981464-08	Le signal d'interdiction interdit aux conducteurs de dépasser par la gauche: \n\n Un véhicule attelé ou un véhicule a plus de deux roues. \n\n On peut donc dépasser un véhicule à deux roues, par contre un deux roues ne peut pas dépasser un véhicule attelé ou à plus de deux roues.	f
43	Interdiction de dépasser un véhicule a plus de 2 roues pour les camions	Quelle est la signification de ce panneau ?	{"Interdiction pour les camions et véhicules d'une M.M.A qui excède 3500 kg de dépasser un véhicule a plus de 2 roues ou attelé","Interdiction pour tout les véhicules de dépasser un véhicule a plus de 2 roues ou attelé","Interdiction pour un camion de dépasser une voiture"}	0	{Panneau}	https://i.imgur.com/CEFDjDF.png	2024-01-31 10:36:12.981472-08	Interdiction pour les camions et véhicules d'une M.M.A qui excède 3500 kg de dépasser un véhicule a plus de 2 roues ou attelé, jusqu'au carrefour suivant. Une voiture peut donc dépasser une voiture après ce panneau.	f
45	Retirer pour écologie	Lorsque je n'en n'ai plus besoin, pour une conduite plus économique:	{"Je retire le coffre de toît","Le coffre de toît n'a pas d'influence sur la consommation"}	0	{Divers}	https://i.imgur.com/nG9iwte.jpg	2024-01-31 10:36:12.981494-08	\N	f
47	Pieton impliqué dans un accident indirectement	Un conducteur freine brutalement pour laisser passer cette dame et se fait emboutir par l'arrière, quelle affirmation est vraie:	{"Elle doit rester, si elle quitte les lieux elle commet un délit de fuite","Elle n'est pas impliquée dans l'accident elle peut donc partir","Elle n'est pas blessée et donc rien ne l'implique dans l'accident"}	0	{Divers}	https://i.imgur.com/ZBmj6NT.jpg	2024-01-31 10:36:12.981506-08	On ne peut rien reprocher à cette dame mais étant donné que si elle n'était pas sur les lieux l'évenement ne se serait pas déroulé de la même façon, elle est impliquée dans l'accidente.	t
48	Consommation et pression de pneu	Si mes pneus sont sous-gonflés, ma consommation de carburant	{Augmente,Diminue,"N'est pas impactée"}	0	{Divers}	https://i.imgur.com/hepsX4f.jpg	2024-01-31 10:36:12.981515-08	Des pneus qui ne sont pas suffisamment gonflés augmentent la résistance au roulement et augmentent donc la consommation	f
44	Dechéance par le juge exces de vitesse en agglo	Le juge sera dans l'obligation de prononcer une déchéance du permis de conduire si l'exces de vitesse en agglomération dépasse: ?	{"30 km/h","20 km/h","40 km/h"}	0	{Divers}	https://i.imgur.com/S8tldG2.jpg	2024-01-31 10:36:12.98148-08	Les déchéances sont: \n\nPossible en cas de conduite sous influence, infraction du 2eme ou 3eme degré, pour les excès de plus de 30km/h ou de 20km/h dans les zones lentes\n\nObligatoires: infraction du 4eme degré, excès de vitesse de plus de 40km/h ou plus de 30km/h en zone lente. \n\nObligatoire pour les permis B de moins de 2 ans: pour toute infraction qui rend une déchéance possible (Voir plus haut). 	f
46	Voiture sans abs	Je n'ai pas d'ABS (Anti - Blocking - System) sur mon véhicule, pour garantir un bon freinage je dois: 	{"Enfoncer violemment, relacher quand les roues se bloquent, et recommencer","Enfoncer violemment là pédale pour bloquer les roues","Enfoncer très progressivement la pédale"}	0	{Divers}	https://i.imgur.com/ly1L7g3.jpg	2024-01-31 10:36:12.981499-08	 C'est comme ça, mais en beaucoup plus rapide, que fonctionne l'ABS en desserrant le freinage chaque fois que les roues se bloquent.	f
49	Hors agglo vitesse flandre	Sur cette route hors agglomération en flandre je suis limité à :	{"70 km/h","50 km/h","90 km/h"}	0	{Vitesse}	https://i.imgur.com/2ztZQJm.jpg	2024-01-31 10:36:12.981525-08	Sur route ordinaire hors agglomération la vitesse est limitée à \n\n- 90km/h en région wallonne \n\n- 70km/h en région flammande et Bruxelles-capitale	f
50	Hors agglo vitesse wallonnie	Sur cette route hors agglomération en Wallonnie je suis limité à :	{"90 km/h","70 km/h","50 km/h"}	0	{Vitesse}	https://i.imgur.com/EoOP6ac.jpg	2024-01-31 10:36:12.981536-08	Sur route ordinaire hors agglomération la vitesse est limitée à \n\n- 90km/h en région wallonne \n\n- 70km/h en région flammande et Bruxelles-capitale	f
51	Hors agglo vitesse Wallonnie (avec panneau 70)	Sur cette route hors agglomération en Wallonnie je suis limité à :	{"70 km/h","50 km/h","90 km/h"}	0	{Vitesse}	https://i.imgur.com/4RwS0pQ.jpg	2024-01-31 10:36:12.981542-08	Sur route ordinaire hors agglomération la vitesse est limitée à \n\n- 90km/h en région wallonne \n\n- 70km/h en région flammande et Bruxelles-capitale \n\nHors ici il y a un panneau qui indique 70 km/h, c'est donc lui qui est prioritaire (Agent de police, feux lumineux, panneaux, règles normales de circulation.	f
\.


--
-- Data for Name: QuizSummaries; Type: TABLE DATA; Schema: public; Owner: DriverSchoolUser
--

COPY public."QuizSummaries" ("Id", "Score", "isSuccess", "CreationDate", "UserId") FROM stdin;
2	-35	f	2024-02-02 14:25:55.801869-08	2
3	-29	f	2024-02-02 15:16:57.336431-08	2
4	-29	f	2024-02-03 10:40:46.872911-08	2
5	-35	f	2024-02-03 10:47:26.235504-08	2
6	-2	f	2024-02-03 11:00:47.595901-08	2
7	-16	f	2024-02-03 11:07:39.215433-08	2
8	-30	f	2024-02-03 11:15:02.39462-08	2
9	-33	f	2024-02-03 11:26:34.446577-08	2
10	-30	f	2024-02-03 13:54:04.933176-08	2
11	-29	f	2024-02-03 14:20:44.748895-08	2
12	-28	f	2024-02-03 14:21:20.867051-08	2
13	-35	f	2024-02-03 14:22:55.776078-08	2
14	-34	f	2024-02-03 14:31:04.307383-08	2
15	50	t	2024-02-04 03:10:19.045635-08	2
16	-34	f	2024-02-04 09:48:44.322474-08	2
17	43	t	2024-02-04 10:25:31.559936-08	2
18	-29	f	2024-02-04 12:35:21.44213-08	2
19	48	t	2024-02-04 13:33:51.61675-08	4
20	48	t	2024-02-04 13:35:49.648851-08	4
21	39	f	2024-02-04 13:43:55.025359-08	4
23	-34	f	2024-02-05 00:44:52.650408-08	2
24	50	t	2024-02-05 01:22:22.146782-08	2
25	-26	f	2024-02-05 03:10:24.436075-08	4
26	-22	f	2024-02-05 03:17:25.149995-08	4
27	-34	f	2024-02-05 03:23:10.995977-08	4
28	-35	f	2024-02-05 03:25:52.69105-08	4
29	9	f	2024-02-05 04:51:06.105065-08	6
30	14	f	2024-02-05 10:52:19.359399-08	2
31	-40	f	2024-02-06 05:00:33.25319-08	2
32	44	t	2024-02-06 07:54:52.368156-08	2
33	-35	f	2024-02-06 09:19:32.160664-08	2
34	-40	f	2024-02-06 09:53:54.633011-08	1
35	-35	f	2024-02-06 09:58:54.468008-08	1
36	-40	f	2024-02-06 10:13:53.075719-08	1
37	-35	f	2024-02-07 13:47:28.504678-08	2
38	46	t	2024-02-09 03:42:33.066945-08	2
39	-38	f	2024-02-10 03:46:44.389109-08	1
40	42	t	2024-02-10 03:48:08.750752-08	1
41	-31	f	2024-02-10 04:01:35.759947-08	1
42	-40	f	2024-02-10 06:03:09.648874-08	1
43	-40	f	2024-02-10 08:22:21.633781-08	1
44	-35	f	2024-02-10 08:23:36.881431-08	1
45	-40	f	2024-02-10 08:23:41.116373-08	1
46	-34	f	2024-02-10 08:24:38.064697-08	1
47	-50	f	2024-02-10 08:27:22.830469-08	1
48	48	t	2024-02-10 08:35:37.620551-08	1
49	-33	f	2024-02-10 10:17:34.320004-08	2
50	-35	f	2024-02-11 01:42:31.640664-08	2
51	-37	f	2024-02-11 05:05:38.827919-08	2
52	-16	f	2024-02-13 07:51:06.73768-08	2
53	-40	f	2024-02-13 08:01:29.821746-08	2
54	-40	f	2024-02-13 08:20:49.237137-08	2
55	-35	f	2024-02-13 08:21:10.855337-08	2
56	-40	f	2024-02-13 08:26:47.851483-08	2
57	-40	f	2024-02-13 08:31:45.030371-08	2
58	-40	f	2024-02-15 08:32:04.790224-08	2
59	-39	f	2024-02-16 13:01:21.751771-08	2
60	-28	f	2024-02-16 14:55:26.891586-08	2
\.


--
-- Data for Name: QuizzSummaryElement; Type: TABLE DATA; Schema: public; Owner: DriverSchoolUser
--

COPY public."QuizzSummaryElement" ("Id", "UserAnswerIndex", "QuizzSummaryId", "IsAnswerCorrect", "QuestionId", "CreationDate") FROM stdin;
2	-1	2	f	43	2024-02-02 14:25:55.80189-08
3	-1	2	f	42	2024-02-02 14:25:55.801936-08
4	-1	2	f	39	2024-02-02 14:25:55.80196-08
5	-1	2	f	17	2024-02-02 14:25:55.801969-08
6	-1	2	f	45	2024-02-02 14:25:55.801986-08
7	-1	2	f	23	2024-02-02 14:25:55.801995-08
8	-1	2	f	4	2024-02-02 14:25:55.802001-08
9	-1	2	f	46	2024-02-02 14:25:55.802007-08
10	-1	2	f	44	2024-02-02 14:25:55.802015-08
11	-1	2	f	11	2024-02-02 14:25:55.802022-08
12	-1	2	f	1	2024-02-02 14:25:55.802034-08
13	-1	2	f	38	2024-02-02 14:25:55.802047-08
14	-1	2	f	14	2024-02-02 14:25:55.802052-08
15	-1	2	f	51	2024-02-02 14:25:55.802059-08
16	-1	2	f	34	2024-02-02 14:25:55.802067-08
17	-1	2	f	18	2024-02-02 14:25:55.802086-08
18	-1	2	f	32	2024-02-02 14:25:55.802093-08
19	-1	2	f	8	2024-02-02 14:25:55.802107-08
20	-1	2	f	2	2024-02-02 14:25:55.802113-08
21	-1	2	f	49	2024-02-02 14:25:55.802119-08
22	-1	2	f	19	2024-02-02 14:25:55.802125-08
23	-1	2	f	7	2024-02-02 14:25:55.802131-08
24	-1	2	f	25	2024-02-02 14:25:55.802136-08
25	-1	2	f	21	2024-02-02 14:25:55.802142-08
26	-1	2	f	20	2024-02-02 14:25:55.802148-08
27	-1	2	f	12	2024-02-02 14:25:55.802154-08
28	-1	2	f	22	2024-02-02 14:25:55.802362-08
29	-1	2	f	29	2024-02-02 14:25:55.802372-08
30	-1	2	f	5	2024-02-02 14:25:55.802378-08
31	-1	2	f	28	2024-02-02 14:25:55.802385-08
32	-1	2	f	47	2024-02-02 14:25:55.802396-08
33	-1	2	f	41	2024-02-02 14:25:55.802402-08
34	-1	2	f	40	2024-02-02 14:25:55.802411-08
35	-1	2	f	36	2024-02-02 14:25:55.802417-08
36	-1	2	f	30	2024-02-02 14:25:55.802422-08
37	-1	2	f	13	2024-02-02 14:25:55.802428-08
38	-1	2	f	15	2024-02-02 14:25:55.802433-08
39	-1	2	f	9	2024-02-02 14:25:55.802438-08
40	-1	2	f	50	2024-02-02 14:25:55.802444-08
41	-1	2	f	35	2024-02-02 14:25:55.80245-08
42	-1	2	f	27	2024-02-02 14:25:55.802456-08
43	-1	2	f	24	2024-02-02 14:25:55.802461-08
44	-1	2	f	3	2024-02-02 14:25:55.802466-08
45	-1	2	f	6	2024-02-02 14:25:55.802472-08
46	-1	2	f	10	2024-02-02 14:25:55.802477-08
47	-1	2	f	26	2024-02-02 14:25:55.802483-08
48	-1	2	f	31	2024-02-02 14:25:55.802489-08
49	-1	2	f	16	2024-02-02 14:25:55.802494-08
50	-1	2	f	48	2024-02-02 14:25:55.802499-08
51	-1	2	f	37	2024-02-02 14:25:55.802505-08
52	1	3	t	35	2024-02-02 15:16:57.336449-08
53	-1	3	f	24	2024-02-02 15:16:57.336473-08
54	-1	3	f	27	2024-02-02 15:16:57.336479-08
55	-1	3	f	5	2024-02-02 15:16:57.336488-08
56	-1	3	f	6	2024-02-02 15:16:57.336493-08
57	-1	3	f	48	2024-02-02 15:16:57.336506-08
58	-1	3	f	4	2024-02-02 15:16:57.336511-08
59	-1	3	f	39	2024-02-02 15:16:57.336516-08
60	-1	3	f	32	2024-02-02 15:16:57.336521-08
61	-1	3	f	29	2024-02-02 15:16:57.336531-08
62	-1	3	f	50	2024-02-02 15:16:57.336545-08
63	-1	3	f	2	2024-02-02 15:16:57.33655-08
64	-1	3	f	7	2024-02-02 15:16:57.336555-08
65	-1	3	f	42	2024-02-02 15:16:57.336559-08
66	-1	3	f	9	2024-02-02 15:16:57.336565-08
67	-1	3	f	1	2024-02-02 15:16:57.336574-08
68	-1	3	f	47	2024-02-02 15:16:57.336579-08
69	-1	3	f	37	2024-02-02 15:16:57.336584-08
70	-1	3	f	16	2024-02-02 15:16:57.336589-08
71	-1	3	f	51	2024-02-02 15:16:57.336593-08
72	-1	3	f	41	2024-02-02 15:16:57.336598-08
73	-1	3	f	23	2024-02-02 15:16:57.336604-08
74	-1	3	f	3	2024-02-02 15:16:57.336608-08
75	-1	3	f	22	2024-02-02 15:16:57.336612-08
76	-1	3	f	21	2024-02-02 15:16:57.336617-08
77	-1	3	f	17	2024-02-02 15:16:57.336622-08
78	-1	3	f	19	2024-02-02 15:16:57.336627-08
79	-1	3	f	26	2024-02-02 15:16:57.336631-08
80	-1	3	f	8	2024-02-02 15:16:57.338733-08
81	-1	3	f	25	2024-02-02 15:16:57.33874-08
82	-1	3	f	10	2024-02-02 15:16:57.33875-08
83	-1	3	f	31	2024-02-02 15:16:57.338754-08
84	-1	3	f	34	2024-02-02 15:16:57.33876-08
85	-1	3	f	46	2024-02-02 15:16:57.338764-08
86	-1	3	f	30	2024-02-02 15:16:57.338769-08
87	-1	3	f	40	2024-02-02 15:16:57.338773-08
88	-1	3	f	43	2024-02-02 15:16:57.338777-08
89	-1	3	f	33	2024-02-02 15:16:57.338783-08
90	-1	3	f	12	2024-02-02 15:16:57.33879-08
91	-1	3	f	28	2024-02-02 15:16:57.338795-08
92	-1	3	f	44	2024-02-02 15:16:57.338799-08
93	-1	3	f	15	2024-02-02 15:16:57.338805-08
94	-1	3	f	45	2024-02-02 15:16:57.338809-08
95	-1	3	f	36	2024-02-02 15:16:57.338813-08
96	-1	3	f	14	2024-02-02 15:16:57.338817-08
97	-1	3	f	18	2024-02-02 15:16:57.338822-08
98	-1	3	f	13	2024-02-02 15:16:57.338826-08
99	-1	3	f	11	2024-02-02 15:16:57.338831-08
100	-1	3	f	20	2024-02-02 15:16:57.338835-08
101	-1	3	f	38	2024-02-02 15:16:57.338839-08
102	1	4	t	3	2024-02-03 10:40:46.874781-08
103	-1	4	f	34	2024-02-03 10:40:46.876486-08
104	-1	4	f	30	2024-02-03 10:40:46.876508-08
105	-1	4	f	9	2024-02-03 10:40:46.876518-08
106	-1	4	f	51	2024-02-03 10:40:46.876531-08
107	-1	4	f	1	2024-02-03 10:40:46.876554-08
108	-1	4	f	15	2024-02-03 10:40:46.876563-08
109	-1	4	f	39	2024-02-03 10:40:46.87657-08
110	-1	4	f	16	2024-02-03 10:40:46.876578-08
111	-1	4	f	29	2024-02-03 10:40:46.876584-08
112	-1	4	f	50	2024-02-03 10:40:46.876597-08
113	-1	4	f	32	2024-02-03 10:40:46.876607-08
114	-1	4	f	45	2024-02-03 10:40:46.876618-08
115	-1	4	f	43	2024-02-03 10:40:46.876625-08
116	-1	4	f	47	2024-02-03 10:40:46.876638-08
117	-1	4	f	28	2024-02-03 10:40:46.876648-08
118	-1	4	f	5	2024-02-03 10:40:46.876656-08
119	-1	4	f	48	2024-02-03 10:40:46.876664-08
120	-1	4	f	20	2024-02-03 10:40:46.876671-08
121	-1	4	f	33	2024-02-03 10:40:46.876683-08
122	-1	4	f	14	2024-02-03 10:40:46.876692-08
123	-1	4	f	46	2024-02-03 10:40:46.8767-08
124	-1	4	f	11	2024-02-03 10:40:46.876708-08
125	-1	4	f	24	2024-02-03 10:40:46.876716-08
126	-1	4	f	25	2024-02-03 10:40:46.876725-08
127	-1	4	f	36	2024-02-03 10:40:46.876733-08
128	-1	4	f	49	2024-02-03 10:40:46.87674-08
129	-1	4	f	37	2024-02-03 10:40:46.876813-08
130	-1	4	f	10	2024-02-03 10:40:46.876829-08
131	-1	4	f	21	2024-02-03 10:40:46.876836-08
132	-1	4	f	23	2024-02-03 10:40:46.876845-08
133	-1	4	f	44	2024-02-03 10:40:46.876853-08
134	-1	4	f	12	2024-02-03 10:40:46.876862-08
135	-1	4	f	41	2024-02-03 10:40:46.876875-08
136	-1	4	f	17	2024-02-03 10:40:46.876883-08
137	-1	4	f	7	2024-02-03 10:40:46.876891-08
138	-1	4	f	8	2024-02-03 10:40:46.876898-08
139	-1	4	f	6	2024-02-03 10:40:46.876904-08
140	-1	4	f	26	2024-02-03 10:40:46.876915-08
141	-1	4	f	22	2024-02-03 10:40:46.876924-08
142	-1	4	f	40	2024-02-03 10:40:46.876933-08
143	-1	4	f	35	2024-02-03 10:40:46.87694-08
144	-1	4	f	18	2024-02-03 10:40:46.876948-08
145	-1	4	f	38	2024-02-03 10:40:46.87696-08
146	-1	4	f	4	2024-02-03 10:40:46.876967-08
147	-1	4	f	2	2024-02-03 10:40:46.876974-08
148	-1	4	f	19	2024-02-03 10:40:46.876981-08
149	-1	4	f	31	2024-02-03 10:40:46.876989-08
150	-1	4	f	13	2024-02-03 10:40:46.876996-08
151	-1	4	f	42	2024-02-03 10:40:46.877006-08
152	0	5	f	13	2024-02-03 10:47:26.235528-08
153	-1	5	f	20	2024-02-03 10:47:26.235566-08
154	-1	5	f	5	2024-02-03 10:47:26.235581-08
155	-1	5	f	26	2024-02-03 10:47:26.235591-08
156	-1	5	f	35	2024-02-03 10:47:26.235602-08
157	-1	5	f	37	2024-02-03 10:47:26.235622-08
158	-1	5	f	10	2024-02-03 10:47:26.23563-08
159	-1	5	f	15	2024-02-03 10:47:26.235638-08
160	-1	5	f	41	2024-02-03 10:47:26.235647-08
161	-1	5	f	16	2024-02-03 10:47:26.23566-08
162	-1	5	f	12	2024-02-03 10:47:26.235673-08
163	-1	5	f	11	2024-02-03 10:47:26.235689-08
164	-1	5	f	19	2024-02-03 10:47:26.235697-08
165	-1	5	f	6	2024-02-03 10:47:26.235704-08
166	-1	5	f	51	2024-02-03 10:47:26.235715-08
167	-1	5	f	23	2024-02-03 10:47:26.235733-08
168	-1	5	f	34	2024-02-03 10:47:26.235742-08
169	-1	5	f	44	2024-02-03 10:47:26.235755-08
170	-1	5	f	29	2024-02-03 10:47:26.235765-08
171	-1	5	f	9	2024-02-03 10:47:26.235772-08
172	-1	5	f	27	2024-02-03 10:47:26.235779-08
173	-1	5	f	45	2024-02-03 10:47:26.235786-08
174	-1	5	f	42	2024-02-03 10:47:26.2358-08
175	-1	5	f	47	2024-02-03 10:47:26.23581-08
176	-1	5	f	31	2024-02-03 10:47:26.23582-08
177	-1	5	f	25	2024-02-03 10:47:26.235827-08
178	-1	5	f	36	2024-02-03 10:47:26.235836-08
179	-1	5	f	28	2024-02-03 10:47:26.23693-08
180	-1	5	f	32	2024-02-03 10:47:26.236939-08
181	-1	5	f	4	2024-02-03 10:47:26.236951-08
182	-1	5	f	48	2024-02-03 10:47:26.236962-08
183	-1	5	f	40	2024-02-03 10:47:26.236969-08
184	-1	5	f	39	2024-02-03 10:47:26.236983-08
185	-1	5	f	38	2024-02-03 10:47:26.236989-08
186	-1	5	f	8	2024-02-03 10:47:26.236996-08
187	-1	5	f	18	2024-02-03 10:47:26.237002-08
188	-1	5	f	50	2024-02-03 10:47:26.237009-08
189	-1	5	f	21	2024-02-03 10:47:26.237021-08
190	-1	5	f	2	2024-02-03 10:47:26.237028-08
191	-1	5	f	7	2024-02-03 10:47:26.237035-08
192	-1	5	f	43	2024-02-03 10:47:26.237041-08
193	-1	5	f	1	2024-02-03 10:47:26.237049-08
194	-1	5	f	22	2024-02-03 10:47:26.237055-08
195	-1	5	f	24	2024-02-03 10:47:26.237064-08
196	-1	5	f	33	2024-02-03 10:47:26.237071-08
197	-1	5	f	30	2024-02-03 10:47:26.237081-08
198	-1	5	f	49	2024-02-03 10:47:26.237087-08
199	-1	5	f	3	2024-02-03 10:47:26.237094-08
200	-1	5	f	17	2024-02-03 10:47:26.237108-08
201	-1	5	f	14	2024-02-03 10:47:26.237114-08
202	2	6	t	15	2024-02-03 11:00:47.595926-08
203	0	6	f	44	2024-02-03 11:00:47.595949-08
204	-1	6	f	18	2024-02-03 11:00:47.595967-08
205	0	6	t	14	2024-02-03 11:00:47.595975-08
206	2	6	f	42	2024-02-03 11:00:47.595994-08
207	2	6	t	37	2024-02-03 11:00:47.596003-08
208	2	6	t	16	2024-02-03 11:00:47.596011-08
209	2	6	f	51	2024-02-03 11:00:47.596017-08
210	1	6	f	11	2024-02-03 11:00:47.596031-08
211	-1	6	f	6	2024-02-03 11:00:47.596042-08
212	0	6	f	12	2024-02-03 11:00:47.596048-08
213	1	6	t	26	2024-02-03 11:00:47.596055-08
214	2	6	f	48	2024-02-03 11:00:47.596063-08
215	0	6	f	4	2024-02-03 11:00:47.59607-08
216	-1	6	f	1	2024-02-03 11:00:47.596077-08
217	1	6	t	3	2024-02-03 11:00:47.596087-08
218	1	6	t	38	2024-02-03 11:00:47.596092-08
219	-1	6	f	43	2024-02-03 11:00:47.596099-08
220	1	6	f	22	2024-02-03 11:00:47.596105-08
221	2	6	f	29	2024-02-03 11:00:47.596112-08
222	-1	6	f	33	2024-02-03 11:00:47.596123-08
223	-1	6	f	20	2024-02-03 11:00:47.596133-08
224	-1	6	f	9	2024-02-03 11:00:47.596139-08
225	-1	6	f	2	2024-02-03 11:00:47.596144-08
226	1	6	t	49	2024-02-03 11:00:47.596156-08
227	-1	6	f	23	2024-02-03 11:00:47.596163-08
228	-1	6	f	21	2024-02-03 11:00:47.59617-08
229	1	6	t	39	2024-02-03 11:00:47.597077-08
230	2	6	f	32	2024-02-03 11:00:47.597089-08
231	1	6	t	17	2024-02-03 11:00:47.597105-08
232	1	6	t	30	2024-02-03 11:00:47.597111-08
233	0	6	t	45	2024-02-03 11:00:47.597117-08
234	1	6	t	41	2024-02-03 11:00:47.597123-08
235	1	6	t	13	2024-02-03 11:00:47.59713-08
236	1	6	f	40	2024-02-03 11:00:47.597141-08
237	0	6	f	19	2024-02-03 11:00:47.597146-08
238	0	6	t	34	2024-02-03 11:00:47.597152-08
239	-1	6	f	27	2024-02-03 11:00:47.597158-08
240	-1	6	f	35	2024-02-03 11:00:47.597163-08
241	-1	6	f	24	2024-02-03 11:00:47.597169-08
242	0	6	t	10	2024-02-03 11:00:47.597178-08
243	2	6	f	46	2024-02-03 11:00:47.597185-08
244	1	6	f	7	2024-02-03 11:00:47.59719-08
245	-1	6	f	25	2024-02-03 11:00:47.597195-08
246	1	6	t	8	2024-02-03 11:00:47.5972-08
247	-1	6	f	47	2024-02-03 11:00:47.597205-08
248	-1	6	f	5	2024-02-03 11:00:47.597216-08
249	-1	6	f	36	2024-02-03 11:00:47.597221-08
250	2	6	t	28	2024-02-03 11:00:47.597227-08
251	0	6	f	31	2024-02-03 11:00:47.597232-08
252	1	7	t	38	2024-02-03 11:07:39.215441-08
253	1	7	t	29	2024-02-03 11:07:39.215455-08
254	1	7	f	25	2024-02-03 11:07:39.21546-08
255	0	7	t	27	2024-02-03 11:07:39.215463-08
256	0	7	t	45	2024-02-03 11:07:39.21547-08
257	-1	7	f	30	2024-02-03 11:07:39.215473-08
258	-1	7	f	42	2024-02-03 11:07:39.215476-08
259	-1	7	f	32	2024-02-03 11:07:39.215493-08
260	-1	7	f	11	2024-02-03 11:07:39.215498-08
261	-1	7	f	16	2024-02-03 11:07:39.215501-08
262	-1	7	f	37	2024-02-03 11:07:39.215503-08
263	-1	7	f	34	2024-02-03 11:07:39.215511-08
264	-1	7	f	6	2024-02-03 11:07:39.215514-08
265	-1	7	f	23	2024-02-03 11:07:39.215517-08
266	-1	7	f	7	2024-02-03 11:07:39.215519-08
267	-1	7	f	39	2024-02-03 11:07:39.215522-08
268	-1	7	f	43	2024-02-03 11:07:39.215524-08
269	-1	7	f	15	2024-02-03 11:07:39.215531-08
270	-1	7	f	31	2024-02-03 11:07:39.215533-08
271	-1	7	f	41	2024-02-03 11:07:39.215536-08
272	-1	7	f	51	2024-02-03 11:07:39.215541-08
273	-1	7	f	28	2024-02-03 11:07:39.215544-08
274	-1	7	f	1	2024-02-03 11:07:39.21555-08
275	-1	7	f	36	2024-02-03 11:07:39.215553-08
276	-1	7	f	9	2024-02-03 11:07:39.215556-08
277	-1	7	f	47	2024-02-03 11:07:39.215558-08
278	-1	7	f	44	2024-02-03 11:07:39.215561-08
279	-1	7	f	49	2024-02-03 11:07:39.215565-08
280	-1	7	f	13	2024-02-03 11:07:39.216493-08
281	-1	7	f	33	2024-02-03 11:07:39.216496-08
282	-1	7	f	17	2024-02-03 11:07:39.216501-08
283	-1	7	f	24	2024-02-03 11:07:39.216503-08
284	-1	7	f	46	2024-02-03 11:07:39.216505-08
285	-1	7	f	4	2024-02-03 11:07:39.216511-08
286	-1	7	f	21	2024-02-03 11:07:39.216513-08
287	-1	7	f	26	2024-02-03 11:07:39.216515-08
288	-1	7	f	48	2024-02-03 11:07:39.216518-08
289	-1	7	f	3	2024-02-03 11:07:39.216524-08
290	-1	7	f	22	2024-02-03 11:07:39.216526-08
291	-1	7	f	20	2024-02-03 11:07:39.216529-08
292	-1	7	f	8	2024-02-03 11:07:39.216531-08
293	-1	7	f	12	2024-02-03 11:07:39.216532-08
294	-1	7	f	18	2024-02-03 11:07:39.216534-08
295	-1	7	f	10	2024-02-03 11:07:39.216538-08
296	-1	7	f	5	2024-02-03 11:07:39.21654-08
297	-1	7	f	50	2024-02-03 11:07:39.216542-08
298	-1	7	f	19	2024-02-03 11:07:39.216544-08
299	-1	7	f	40	2024-02-03 11:07:39.216546-08
300	-1	7	f	14	2024-02-03 11:07:39.216552-08
301	-1	7	f	2	2024-02-03 11:07:39.216554-08
302	1	8	f	4	2024-02-03 11:15:02.394632-08
303	1	8	t	3	2024-02-03 11:15:02.394645-08
304	1	8	t	23	2024-02-03 11:15:02.394648-08
305	1	8	t	6	2024-02-03 11:15:02.394654-08
306	1	8	f	45	2024-02-03 11:15:02.394656-08
307	0	8	f	31	2024-02-03 11:15:02.394659-08
308	-1	8	f	11	2024-02-03 11:15:02.394661-08
309	-1	8	f	27	2024-02-03 11:15:02.394663-08
310	-1	8	f	24	2024-02-03 11:15:02.394665-08
311	-1	8	f	33	2024-02-03 11:15:02.394669-08
312	-1	8	f	36	2024-02-03 11:15:02.394679-08
313	-1	8	f	20	2024-02-03 11:15:02.394681-08
314	-1	8	f	1	2024-02-03 11:15:02.39469-08
315	-1	8	f	29	2024-02-03 11:15:02.394692-08
316	-1	8	f	12	2024-02-03 11:15:02.394694-08
317	-1	8	f	14	2024-02-03 11:15:02.394696-08
318	-1	8	f	51	2024-02-03 11:15:02.394698-08
319	-1	8	f	28	2024-02-03 11:15:02.394708-08
320	-1	8	f	39	2024-02-03 11:15:02.39471-08
321	1	8	f	50	2024-02-03 11:15:02.394712-08
322	0	8	t	7	2024-02-03 11:15:02.394714-08
323	1	8	t	26	2024-02-03 11:15:02.394716-08
324	-1	8	f	38	2024-02-03 11:15:02.394719-08
325	-1	8	f	40	2024-02-03 11:15:02.394724-08
326	-1	8	f	25	2024-02-03 11:15:02.394726-08
327	-1	8	f	22	2024-02-03 11:15:02.394728-08
328	-1	8	f	44	2024-02-03 11:15:02.39473-08
329	-1	8	f	21	2024-02-03 11:15:02.394733-08
330	-1	8	f	2	2024-02-03 11:15:02.395852-08
331	-1	8	f	18	2024-02-03 11:15:02.395856-08
332	-1	8	f	41	2024-02-03 11:15:02.395859-08
333	-1	8	f	46	2024-02-03 11:15:02.39587-08
334	-1	8	f	34	2024-02-03 11:15:02.395872-08
335	-1	8	f	15	2024-02-03 11:15:02.395876-08
336	-1	8	f	9	2024-02-03 11:15:02.395878-08
337	-1	8	f	47	2024-02-03 11:15:02.39588-08
338	-1	8	f	8	2024-02-03 11:15:02.395886-08
339	-1	8	f	5	2024-02-03 11:15:02.395887-08
340	-1	8	f	30	2024-02-03 11:15:02.395889-08
341	-1	8	f	48	2024-02-03 11:15:02.395891-08
342	-1	8	f	16	2024-02-03 11:15:02.395893-08
343	-1	8	f	10	2024-02-03 11:15:02.395895-08
344	-1	8	f	43	2024-02-03 11:15:02.395897-08
345	-1	8	f	17	2024-02-03 11:15:02.395905-08
346	-1	8	f	37	2024-02-03 11:15:02.395907-08
347	-1	8	f	32	2024-02-03 11:15:02.395909-08
348	-1	8	f	49	2024-02-03 11:15:02.395912-08
349	-1	8	f	42	2024-02-03 11:15:02.39592-08
350	-1	8	f	13	2024-02-03 11:15:02.395923-08
351	-1	8	f	35	2024-02-03 11:15:02.395924-08
352	0	9	t	25	2024-02-03 11:26:34.446591-08
353	1	9	t	8	2024-02-03 11:26:34.446606-08
354	-1	9	f	28	2024-02-03 11:26:34.44661-08
355	-1	9	f	33	2024-02-03 11:26:34.446614-08
356	-1	9	f	22	2024-02-03 11:26:34.446636-08
357	-1	9	f	16	2024-02-03 11:26:34.44664-08
358	-1	9	f	23	2024-02-03 11:26:34.446642-08
359	-1	9	f	13	2024-02-03 11:26:34.446645-08
360	-1	9	f	5	2024-02-03 11:26:34.446648-08
361	-1	9	f	21	2024-02-03 11:26:34.446655-08
362	-1	9	f	10	2024-02-03 11:26:34.446658-08
363	-1	9	f	38	2024-02-03 11:26:34.446661-08
364	-1	9	f	15	2024-02-03 11:26:34.446663-08
365	-1	9	f	30	2024-02-03 11:26:34.446666-08
366	-1	9	f	47	2024-02-03 11:26:34.446668-08
367	-1	9	f	1	2024-02-03 11:26:34.446675-08
368	-1	9	f	35	2024-02-03 11:26:34.446677-08
369	-1	9	f	34	2024-02-03 11:26:34.44668-08
370	-1	9	f	45	2024-02-03 11:26:34.446683-08
371	-1	9	f	18	2024-02-03 11:26:34.446685-08
372	-1	9	f	12	2024-02-03 11:26:34.446694-08
373	-1	9	f	3	2024-02-03 11:26:34.446697-08
374	-1	9	f	11	2024-02-03 11:26:34.446699-08
375	-1	9	f	20	2024-02-03 11:26:34.446702-08
376	-1	9	f	29	2024-02-03 11:26:34.446704-08
377	-1	9	f	7	2024-02-03 11:26:34.446707-08
378	-1	9	f	9	2024-02-03 11:26:34.446713-08
379	-1	9	f	48	2024-02-03 11:26:34.446715-08
380	-1	9	f	44	2024-02-03 11:26:34.447147-08
381	-1	9	f	32	2024-02-03 11:26:34.447156-08
382	-1	9	f	19	2024-02-03 11:26:34.447164-08
383	-1	9	f	40	2024-02-03 11:26:34.447168-08
384	-1	9	f	51	2024-02-03 11:26:34.447178-08
385	-1	9	f	49	2024-02-03 11:26:34.447183-08
386	-1	9	f	46	2024-02-03 11:26:34.447186-08
387	-1	9	f	6	2024-02-03 11:26:34.447188-08
388	-1	9	f	31	2024-02-03 11:26:34.447191-08
389	-1	9	f	17	2024-02-03 11:26:34.447194-08
390	-1	9	f	41	2024-02-03 11:26:34.447201-08
391	-1	9	f	37	2024-02-03 11:26:34.447205-08
392	-1	9	f	27	2024-02-03 11:26:34.447208-08
393	-1	9	f	42	2024-02-03 11:26:34.447211-08
394	-1	9	f	4	2024-02-03 11:26:34.447215-08
395	-1	9	f	36	2024-02-03 11:26:34.44722-08
396	-1	9	f	14	2024-02-03 11:26:34.447223-08
397	-1	9	f	24	2024-02-03 11:26:34.447225-08
398	-1	9	f	39	2024-02-03 11:26:34.447228-08
399	-1	9	f	43	2024-02-03 11:26:34.44723-08
400	-1	9	f	26	2024-02-03 11:26:34.447233-08
401	-1	9	f	2	2024-02-03 11:26:34.447239-08
402	1	10	f	48	2024-02-03 13:54:04.933189-08
403	-1	10	f	7	2024-02-03 13:54:04.933202-08
404	-1	10	f	42	2024-02-03 13:54:04.933205-08
405	-1	10	f	15	2024-02-03 13:54:04.933214-08
406	-1	10	f	35	2024-02-03 13:54:04.933221-08
407	-1	10	f	40	2024-02-03 13:54:04.933223-08
408	-1	10	f	36	2024-02-03 13:54:04.933226-08
409	-1	10	f	14	2024-02-03 13:54:04.933228-08
410	-1	10	f	39	2024-02-03 13:54:04.93323-08
411	-1	10	f	19	2024-02-03 13:54:04.933232-08
412	-1	10	f	27	2024-02-03 13:54:04.933237-08
413	-1	10	f	20	2024-02-03 13:54:04.933239-08
414	-1	10	f	37	2024-02-03 13:54:04.933241-08
415	-1	10	f	11	2024-02-03 13:54:04.933243-08
416	-1	10	f	34	2024-02-03 13:54:04.933245-08
417	-1	10	f	49	2024-02-03 13:54:04.93325-08
418	-1	10	f	46	2024-02-03 13:54:04.933253-08
419	-1	10	f	44	2024-02-03 13:54:04.933255-08
420	-1	10	f	17	2024-02-03 13:54:04.933259-08
421	-1	10	f	1	2024-02-03 13:54:04.933261-08
422	-1	10	f	26	2024-02-03 13:54:04.933263-08
423	-1	10	f	18	2024-02-03 13:54:04.933271-08
424	-1	10	f	8	2024-02-03 13:54:04.933273-08
425	-1	10	f	2	2024-02-03 13:54:04.933275-08
426	-1	10	f	32	2024-02-03 13:54:04.933277-08
427	-1	10	f	30	2024-02-03 13:54:04.933285-08
428	-1	10	f	33	2024-02-03 13:54:04.933287-08
429	-1	10	f	21	2024-02-03 13:54:04.934281-08
430	-1	10	f	10	2024-02-03 13:54:04.934285-08
431	-1	10	f	25	2024-02-03 13:54:04.934292-08
432	-1	10	f	41	2024-02-03 13:54:04.934294-08
433	-1	10	f	23	2024-02-03 13:54:04.934298-08
434	-1	10	f	29	2024-02-03 13:54:04.9343-08
435	-1	10	f	43	2024-02-03 13:54:04.934302-08
436	-1	10	f	16	2024-02-03 13:54:04.934307-08
437	-1	10	f	5	2024-02-03 13:54:04.934309-08
438	-1	10	f	51	2024-02-03 13:54:04.934311-08
439	-1	10	f	13	2024-02-03 13:54:04.934314-08
440	-1	10	f	4	2024-02-03 13:54:04.934316-08
441	-1	10	f	24	2024-02-03 13:54:04.934321-08
442	-1	10	f	3	2024-02-03 13:54:04.934323-08
443	-1	10	f	47	2024-02-03 13:54:04.934324-08
444	-1	10	f	31	2024-02-03 13:54:04.934326-08
445	-1	10	f	22	2024-02-03 13:54:04.934328-08
446	-1	10	f	12	2024-02-03 13:54:04.93433-08
447	-1	10	f	38	2024-02-03 13:54:04.934332-08
448	-1	10	f	45	2024-02-03 13:54:04.934334-08
449	-1	10	f	9	2024-02-03 13:54:04.934336-08
450	-1	10	f	6	2024-02-03 13:54:04.934431-08
451	-1	10	f	50	2024-02-03 13:54:04.934433-08
452	0	11	t	14	2024-02-03 14:20:44.748908-08
453	1	11	f	22	2024-02-03 14:20:44.748921-08
454	-1	11	f	7	2024-02-03 14:20:44.748924-08
455	-1	11	f	17	2024-02-03 14:20:44.748927-08
456	-1	11	f	10	2024-02-03 14:20:44.748929-08
457	-1	11	f	34	2024-02-03 14:20:44.748935-08
458	-1	11	f	21	2024-02-03 14:20:44.748938-08
459	-1	11	f	35	2024-02-03 14:20:44.74894-08
460	-1	11	f	16	2024-02-03 14:20:44.748943-08
461	-1	11	f	44	2024-02-03 14:20:44.748945-08
462	-1	11	f	31	2024-02-03 14:20:44.74896-08
463	-1	11	f	13	2024-02-03 14:20:44.748963-08
464	-1	11	f	47	2024-02-03 14:20:44.748965-08
465	-1	11	f	26	2024-02-03 14:20:44.748967-08
466	-1	11	f	8	2024-02-03 14:20:44.748973-08
467	-1	11	f	42	2024-02-03 14:20:44.748975-08
468	-1	11	f	49	2024-02-03 14:20:44.748979-08
469	-1	11	f	5	2024-02-03 14:20:44.748981-08
470	-1	11	f	45	2024-02-03 14:20:44.748984-08
471	-1	11	f	32	2024-02-03 14:20:44.748986-08
472	-1	11	f	4	2024-02-03 14:20:44.748995-08
473	-1	11	f	38	2024-02-03 14:20:44.748997-08
474	-1	11	f	1	2024-02-03 14:20:44.748999-08
475	-1	11	f	6	2024-02-03 14:20:44.749001-08
476	-1	11	f	41	2024-02-03 14:20:44.749003-08
477	-1	11	f	46	2024-02-03 14:20:44.749012-08
478	-1	11	f	48	2024-02-03 14:20:44.749014-08
479	-1	11	f	25	2024-02-03 14:20:44.749833-08
480	-1	11	f	19	2024-02-03 14:20:44.749837-08
481	-1	11	f	20	2024-02-03 14:20:44.74984-08
482	-1	11	f	28	2024-02-03 14:20:44.749842-08
483	-1	11	f	2	2024-02-03 14:20:44.749844-08
484	-1	11	f	37	2024-02-03 14:20:44.74985-08
485	-1	11	f	23	2024-02-03 14:20:44.749852-08
486	-1	11	f	9	2024-02-03 14:20:44.749854-08
487	-1	11	f	24	2024-02-03 14:20:44.749856-08
488	-1	11	f	43	2024-02-03 14:20:44.749858-08
489	-1	11	f	11	2024-02-03 14:20:44.749866-08
490	-1	11	f	14	2024-02-03 14:20:44.749868-08
491	-1	11	f	40	2024-02-03 14:20:44.749869-08
492	-1	11	f	18	2024-02-03 14:20:44.749871-08
493	-1	11	f	39	2024-02-03 14:20:44.749873-08
494	-1	11	f	51	2024-02-03 14:20:44.749878-08
495	-1	11	f	15	2024-02-03 14:20:44.749885-08
496	-1	11	f	27	2024-02-03 14:20:44.749887-08
497	-1	11	f	36	2024-02-03 14:20:44.749889-08
498	-1	11	f	33	2024-02-03 14:20:44.749891-08
499	-1	11	f	29	2024-02-03 14:20:44.749901-08
500	-1	11	f	50	2024-02-03 14:20:44.749903-08
501	-1	11	f	3	2024-02-03 14:20:44.749905-08
502	1	12	t	18	2024-02-03 14:21:20.867063-08
503	1	12	t	29	2024-02-03 14:21:20.867076-08
504	-1	12	f	25	2024-02-03 14:21:20.867079-08
505	-1	12	f	32	2024-02-03 14:21:20.867081-08
506	-1	12	f	27	2024-02-03 14:21:20.867096-08
507	-1	12	f	49	2024-02-03 14:21:20.867099-08
508	-1	12	f	21	2024-02-03 14:21:20.867102-08
509	-1	12	f	12	2024-02-03 14:21:20.867104-08
510	-1	12	f	16	2024-02-03 14:21:20.867109-08
511	-1	12	f	45	2024-02-03 14:21:20.867111-08
512	-1	12	f	19	2024-02-03 14:21:20.867113-08
513	-1	12	f	9	2024-02-03 14:21:20.867115-08
514	-1	12	f	15	2024-02-03 14:21:20.867117-08
515	-1	12	f	37	2024-02-03 14:21:20.867119-08
516	-1	12	f	17	2024-02-03 14:21:20.867121-08
517	-1	12	f	3	2024-02-03 14:21:20.867125-08
518	-1	12	f	31	2024-02-03 14:21:20.867127-08
519	-1	12	f	28	2024-02-03 14:21:20.867129-08
520	-1	12	f	46	2024-02-03 14:21:20.867131-08
521	-1	12	f	8	2024-02-03 14:21:20.867133-08
522	-1	12	f	23	2024-02-03 14:21:20.867141-08
523	-1	12	f	47	2024-02-03 14:21:20.867143-08
524	-1	12	f	2	2024-02-03 14:21:20.867145-08
525	-1	12	f	4	2024-02-03 14:21:20.867147-08
526	-1	12	f	11	2024-02-03 14:21:20.867149-08
527	-1	12	f	5	2024-02-03 14:21:20.867151-08
528	-1	12	f	39	2024-02-03 14:21:20.867157-08
529	-1	12	f	7	2024-02-03 14:21:20.867158-08
530	-1	12	f	22	2024-02-03 14:21:20.86716-08
531	-1	12	f	1	2024-02-03 14:21:20.868153-08
532	-1	12	f	43	2024-02-03 14:21:20.868156-08
533	-1	12	f	35	2024-02-03 14:21:20.868158-08
534	-1	12	f	48	2024-02-03 14:21:20.868165-08
535	-1	12	f	30	2024-02-03 14:21:20.868167-08
536	-1	12	f	38	2024-02-03 14:21:20.868169-08
537	-1	12	f	26	2024-02-03 14:21:20.868171-08
538	-1	12	f	36	2024-02-03 14:21:20.868173-08
539	-1	12	f	6	2024-02-03 14:21:20.868178-08
540	-1	12	f	13	2024-02-03 14:21:20.86818-08
541	-1	12	f	50	2024-02-03 14:21:20.868182-08
542	-1	12	f	40	2024-02-03 14:21:20.868185-08
543	-1	12	f	41	2024-02-03 14:21:20.868187-08
544	-1	12	f	34	2024-02-03 14:21:20.868193-08
545	-1	12	f	14	2024-02-03 14:21:20.868196-08
546	-1	12	f	51	2024-02-03 14:21:20.868198-08
547	-1	12	f	20	2024-02-03 14:21:20.868201-08
548	-1	12	f	33	2024-02-03 14:21:20.868203-08
549	-1	12	f	24	2024-02-03 14:21:20.86821-08
550	-1	12	f	10	2024-02-03 14:21:20.868212-08
551	-1	12	f	44	2024-02-03 14:21:20.868214-08
552	1	13	f	28	2024-02-03 14:22:55.776086-08
553	-1	13	f	15	2024-02-03 14:22:55.776109-08
554	-1	13	f	14	2024-02-03 14:22:55.776112-08
555	-1	13	f	13	2024-02-03 14:22:55.776115-08
556	-1	13	f	2	2024-02-03 14:22:55.776118-08
557	-1	13	f	4	2024-02-03 14:22:55.776121-08
558	-1	13	f	32	2024-02-03 14:22:55.776124-08
559	-1	13	f	33	2024-02-03 14:22:55.776133-08
560	-1	13	f	29	2024-02-03 14:22:55.776137-08
561	-1	13	f	39	2024-02-03 14:22:55.77614-08
562	-1	13	f	30	2024-02-03 14:22:55.776143-08
563	-1	13	f	34	2024-02-03 14:22:55.776145-08
564	-1	13	f	3	2024-02-03 14:22:55.776151-08
565	-1	13	f	49	2024-02-03 14:22:55.776154-08
566	-1	13	f	1	2024-02-03 14:22:55.776157-08
567	-1	13	f	19	2024-02-03 14:22:55.776159-08
568	-1	13	f	12	2024-02-03 14:22:55.776162-08
569	-1	13	f	40	2024-02-03 14:22:55.776167-08
570	-1	13	f	24	2024-02-03 14:22:55.77617-08
571	-1	13	f	42	2024-02-03 14:22:55.776173-08
572	-1	13	f	45	2024-02-03 14:22:55.776176-08
573	-1	13	f	10	2024-02-03 14:22:55.776178-08
574	-1	13	f	22	2024-02-03 14:22:55.776181-08
575	-1	13	f	25	2024-02-03 14:22:55.776187-08
576	-1	13	f	9	2024-02-03 14:22:55.776189-08
577	-1	13	f	44	2024-02-03 14:22:55.776192-08
578	-1	13	f	11	2024-02-03 14:22:55.776195-08
579	-1	13	f	5	2024-02-03 14:22:55.776197-08
580	-1	13	f	8	2024-02-03 14:22:55.776402-08
581	-1	13	f	27	2024-02-03 14:22:55.776405-08
582	-1	13	f	51	2024-02-03 14:22:55.776408-08
583	-1	13	f	46	2024-02-03 14:22:55.776417-08
584	-1	13	f	41	2024-02-03 14:22:55.776424-08
585	-1	13	f	6	2024-02-03 14:22:55.776427-08
586	-1	13	f	47	2024-02-03 14:22:55.77643-08
587	-1	13	f	50	2024-02-03 14:22:55.776433-08
588	-1	13	f	36	2024-02-03 14:22:55.776435-08
589	-1	13	f	21	2024-02-03 14:22:55.776441-08
590	-1	13	f	23	2024-02-03 14:22:55.776444-08
591	-1	13	f	31	2024-02-03 14:22:55.776446-08
592	-1	13	f	38	2024-02-03 14:22:55.776448-08
593	-1	13	f	37	2024-02-03 14:22:55.77645-08
594	-1	13	f	7	2024-02-03 14:22:55.776456-08
595	-1	13	f	16	2024-02-03 14:22:55.776458-08
596	-1	13	f	48	2024-02-03 14:22:55.77646-08
597	-1	13	f	35	2024-02-03 14:22:55.776462-08
598	-1	13	f	26	2024-02-03 14:22:55.776465-08
599	-1	13	f	17	2024-02-03 14:22:55.776468-08
600	-1	13	f	43	2024-02-03 14:22:55.776476-08
601	-1	13	f	18	2024-02-03 14:22:55.776479-08
602	1	14	t	3	2024-02-03 14:31:04.307394-08
603	-1	14	f	5	2024-02-03 14:31:04.307409-08
604	-1	14	f	20	2024-02-03 14:31:04.307413-08
605	-1	14	f	1	2024-02-03 14:31:04.307416-08
606	-1	14	f	36	2024-02-03 14:31:04.307419-08
607	-1	14	f	13	2024-02-03 14:31:04.307422-08
608	-1	14	f	22	2024-02-03 14:31:04.307425-08
609	-1	14	f	44	2024-02-03 14:31:04.307429-08
610	-1	14	f	29	2024-02-03 14:31:04.307433-08
611	-1	14	f	10	2024-02-03 14:31:04.307437-08
612	-1	14	f	17	2024-02-03 14:31:04.307439-08
613	-1	14	f	49	2024-02-03 14:31:04.307443-08
614	-1	14	f	40	2024-02-03 14:31:04.307446-08
615	-1	14	f	23	2024-02-03 14:31:04.307449-08
616	-1	14	f	9	2024-02-03 14:31:04.307451-08
617	-1	14	f	27	2024-02-03 14:31:04.307454-08
618	-1	14	f	46	2024-02-03 14:31:04.307456-08
619	-1	14	f	28	2024-02-03 14:31:04.307459-08
620	-1	14	f	38	2024-02-03 14:31:04.307462-08
621	-1	14	f	21	2024-02-03 14:31:04.307464-08
622	-1	14	f	8	2024-02-03 14:31:04.307467-08
623	-1	14	f	37	2024-02-03 14:31:04.307469-08
624	-1	14	f	18	2024-02-03 14:31:04.307473-08
625	-1	14	f	45	2024-02-03 14:31:04.307475-08
626	-1	14	f	32	2024-02-03 14:31:04.307478-08
627	-1	14	f	42	2024-02-03 14:31:04.307482-08
628	-1	14	f	25	2024-02-03 14:31:04.307486-08
629	-1	14	f	19	2024-02-03 14:31:04.308462-08
630	-1	14	f	47	2024-02-03 14:31:04.308466-08
631	-1	14	f	2	2024-02-03 14:31:04.308469-08
632	-1	14	f	51	2024-02-03 14:31:04.308472-08
633	-1	14	f	16	2024-02-03 14:31:04.308475-08
634	-1	14	f	7	2024-02-03 14:31:04.308478-08
635	-1	14	f	31	2024-02-03 14:31:04.30848-08
636	-1	14	f	12	2024-02-03 14:31:04.308482-08
637	-1	14	f	24	2024-02-03 14:31:04.308484-08
638	-1	14	f	30	2024-02-03 14:31:04.308486-08
639	-1	14	f	26	2024-02-03 14:31:04.308487-08
640	-1	14	f	11	2024-02-03 14:31:04.30849-08
641	-1	14	f	41	2024-02-03 14:31:04.308492-08
642	-1	14	f	35	2024-02-03 14:31:04.308495-08
643	-1	14	f	34	2024-02-03 14:31:04.308497-08
644	-1	14	f	48	2024-02-03 14:31:04.308499-08
645	-1	14	f	15	2024-02-03 14:31:04.308502-08
646	-1	14	f	43	2024-02-03 14:31:04.308504-08
647	-1	14	f	14	2024-02-03 14:31:04.308506-08
648	-1	14	f	33	2024-02-03 14:31:04.308508-08
649	-1	14	f	39	2024-02-03 14:31:04.308511-08
650	-1	14	f	50	2024-02-03 14:31:04.308513-08
651	-1	14	f	6	2024-02-03 14:31:04.308515-08
652	0	15	t	7	2024-02-04 03:10:19.050226-08
653	1	15	t	6	2024-02-04 03:10:19.051672-08
654	2	15	t	2	2024-02-04 03:10:19.051706-08
655	2	15	t	28	2024-02-04 03:10:19.05172-08
656	2	15	t	15	2024-02-04 03:10:19.05174-08
657	2	15	t	20	2024-02-04 03:10:19.051749-08
658	0	15	t	42	2024-02-04 03:10:19.051758-08
659	0	15	t	32	2024-02-04 03:10:19.051789-08
660	0	15	t	11	2024-02-04 03:10:19.051805-08
661	1	15	t	17	2024-02-04 03:10:19.051813-08
662	1	15	t	38	2024-02-04 03:10:19.051821-08
663	1	15	t	39	2024-02-04 03:10:19.051828-08
664	1	15	t	30	2024-02-04 03:10:19.051836-08
665	1	15	t	29	2024-02-04 03:10:19.051845-08
666	1	15	t	1	2024-02-04 03:10:19.051853-08
667	2	15	t	50	2024-02-04 03:10:19.051862-08
668	1	15	t	21	2024-02-04 03:10:19.05187-08
669	0	15	t	45	2024-02-04 03:10:19.051878-08
670	1	15	t	18	2024-02-04 03:10:19.051885-08
671	1	15	t	46	2024-02-04 03:10:19.051898-08
672	0	15	t	10	2024-02-04 03:10:19.051906-08
673	1	15	t	13	2024-02-04 03:10:19.051913-08
674	1	15	t	35	2024-02-04 03:10:19.051921-08
675	1	15	t	19	2024-02-04 03:10:19.051929-08
676	2	15	t	36	2024-02-04 03:10:19.05194-08
677	2	15	t	4	2024-02-04 03:10:19.051948-08
678	1	15	t	12	2024-02-04 03:10:19.051955-08
679	0	15	t	27	2024-02-04 03:10:19.051962-08
680	2	15	t	37	2024-02-04 03:10:19.052033-08
681	1	15	t	8	2024-02-04 03:10:19.052042-08
682	2	15	t	24	2024-02-04 03:10:19.052053-08
683	1	15	t	51	2024-02-04 03:10:19.05206-08
684	0	15	t	33	2024-02-04 03:10:19.052069-08
685	2	15	t	40	2024-02-04 03:10:19.052078-08
686	0	15	t	22	2024-02-04 03:10:19.052085-08
687	1	15	t	3	2024-02-04 03:10:19.052098-08
688	0	15	t	5	2024-02-04 03:10:19.052105-08
689	1	15	t	44	2024-02-04 03:10:19.052113-08
690	0	15	t	14	2024-02-04 03:10:19.052123-08
691	0	15	t	47	2024-02-04 03:10:19.05213-08
692	2	15	t	16	2024-02-04 03:10:19.052143-08
693	0	15	t	48	2024-02-04 03:10:19.05215-08
694	1	15	t	23	2024-02-04 03:10:19.052158-08
695	1	15	t	31	2024-02-04 03:10:19.052165-08
696	1	15	t	49	2024-02-04 03:10:19.052172-08
697	0	15	t	25	2024-02-04 03:10:19.052179-08
698	1	15	t	41	2024-02-04 03:10:19.05219-08
699	1	15	t	9	2024-02-04 03:10:19.0522-08
700	0	15	t	43	2024-02-04 03:10:19.052207-08
701	1	15	t	26	2024-02-04 03:10:19.052215-08
702	1	16	f	27	2024-02-04 09:48:44.322499-08
703	1	16	f	28	2024-02-04 09:48:44.322526-08
704	0	16	f	30	2024-02-04 09:48:44.322536-08
705	1	16	f	14	2024-02-04 09:48:44.322545-08
706	2	16	f	26	2024-02-04 09:48:44.322553-08
707	0	16	t	11	2024-02-04 09:48:44.322561-08
708	-1	16	f	20	2024-02-04 09:48:44.322572-08
709	-1	16	f	32	2024-02-04 09:48:44.322579-08
710	-1	16	f	50	2024-02-04 09:48:44.322594-08
711	-1	16	f	25	2024-02-04 09:48:44.3226-08
712	-1	16	f	34	2024-02-04 09:48:44.322616-08
713	-1	16	f	42	2024-02-04 09:48:44.322626-08
714	-1	16	f	41	2024-02-04 09:48:44.322634-08
715	-1	16	f	3	2024-02-04 09:48:44.322641-08
716	-1	16	f	33	2024-02-04 09:48:44.322648-08
717	-1	16	f	29	2024-02-04 09:48:44.322667-08
718	-1	16	f	46	2024-02-04 09:48:44.322673-08
719	-1	16	f	5	2024-02-04 09:48:44.322679-08
720	-1	16	f	43	2024-02-04 09:48:44.322685-08
721	-1	16	f	12	2024-02-04 09:48:44.322695-08
722	-1	16	f	48	2024-02-04 09:48:44.3227-08
723	-1	16	f	21	2024-02-04 09:48:44.322706-08
724	-1	16	f	7	2024-02-04 09:48:44.322712-08
725	-1	16	f	44	2024-02-04 09:48:44.322717-08
726	-1	16	f	36	2024-02-04 09:48:44.32276-08
727	-1	16	f	39	2024-02-04 09:48:44.322767-08
728	-1	16	f	51	2024-02-04 09:48:44.322772-08
729	-1	16	f	1	2024-02-04 09:48:44.322779-08
730	-1	16	f	38	2024-02-04 09:48:44.322792-08
731	-1	16	f	13	2024-02-04 09:48:44.322798-08
732	-1	16	f	24	2024-02-04 09:48:44.322809-08
733	-1	16	f	37	2024-02-04 09:48:44.322814-08
734	-1	16	f	16	2024-02-04 09:48:44.32282-08
735	-1	16	f	47	2024-02-04 09:48:44.322831-08
736	-1	16	f	49	2024-02-04 09:48:44.322837-08
737	-1	16	f	17	2024-02-04 09:48:44.322843-08
738	-1	16	f	22	2024-02-04 09:48:44.322848-08
739	-1	16	f	40	2024-02-04 09:48:44.322854-08
740	-1	16	f	23	2024-02-04 09:48:44.32286-08
741	-1	16	f	35	2024-02-04 09:48:44.322869-08
742	-1	16	f	8	2024-02-04 09:48:44.322875-08
743	-1	16	f	15	2024-02-04 09:48:44.32288-08
744	-1	16	f	2	2024-02-04 09:48:44.322885-08
745	-1	16	f	45	2024-02-04 09:48:44.32289-08
746	-1	16	f	6	2024-02-04 09:48:44.322895-08
747	-1	16	f	19	2024-02-04 09:48:44.322905-08
748	-1	16	f	4	2024-02-04 09:48:44.32291-08
749	-1	16	f	9	2024-02-04 09:48:44.322915-08
750	-1	16	f	18	2024-02-04 09:48:44.32292-08
751	-1	16	f	10	2024-02-04 09:48:44.322926-08
752	2	17	t	37	2024-02-04 10:25:31.56121-08
753	2	17	t	4	2024-02-04 10:25:31.562619-08
754	2	17	t	16	2024-02-04 10:25:31.562637-08
755	1	17	t	8	2024-02-04 10:25:31.562645-08
756	1	17	t	46	2024-02-04 10:25:31.562652-08
757	0	17	t	25	2024-02-04 10:25:31.562664-08
758	0	17	t	11	2024-02-04 10:25:31.562673-08
759	0	17	t	33	2024-02-04 10:25:31.56268-08
760	1	17	t	29	2024-02-04 10:25:31.56271-08
761	2	17	t	40	2024-02-04 10:25:31.562719-08
762	2	17	t	28	2024-02-04 10:25:31.562726-08
763	1	17	t	31	2024-02-04 10:25:31.562733-08
764	1	17	f	34	2024-02-04 10:25:31.562744-08
765	1	17	t	35	2024-02-04 10:25:31.562753-08
766	0	17	t	47	2024-02-04 10:25:31.56276-08
767	1	17	t	21	2024-02-04 10:25:31.56277-08
768	2	17	t	15	2024-02-04 10:25:31.562779-08
769	0	17	t	48	2024-02-04 10:25:31.562788-08
770	0	17	t	27	2024-02-04 10:25:31.562796-08
771	1	17	t	41	2024-02-04 10:25:31.562802-08
772	0	17	t	14	2024-02-04 10:25:31.562813-08
773	0	17	t	32	2024-02-04 10:25:31.56282-08
774	1	17	t	26	2024-02-04 10:25:31.562833-08
775	0	17	t	10	2024-02-04 10:25:31.562841-08
776	0	17	t	7	2024-02-04 10:25:31.562848-08
777	0	17	t	45	2024-02-04 10:25:31.562854-08
778	1	17	t	6	2024-02-04 10:25:31.562861-08
779	1	17	t	44	2024-02-04 10:25:31.562868-08
780	2	17	t	2	2024-02-04 10:25:31.562927-08
781	1	17	t	9	2024-02-04 10:25:31.562935-08
782	1	17	t	1	2024-02-04 10:25:31.562941-08
783	1	17	t	49	2024-02-04 10:25:31.562948-08
784	1	17	t	51	2024-02-04 10:25:31.562956-08
785	1	17	t	38	2024-02-04 10:25:31.562966-08
786	1	17	t	39	2024-02-04 10:25:31.562973-08
787	1	17	t	30	2024-02-04 10:25:31.56298-08
788	1	17	t	12	2024-02-04 10:25:31.562987-08
789	2	17	t	36	2024-02-04 10:25:31.562994-08
790	1	17	t	13	2024-02-04 10:25:31.563002-08
791	1	17	t	18	2024-02-04 10:25:31.563011-08
792	1	17	t	3	2024-02-04 10:25:31.563019-08
793	0	17	f	19	2024-02-04 10:25:31.563025-08
794	2	17	t	24	2024-02-04 10:25:31.563033-08
795	0	17	t	22	2024-02-04 10:25:31.56304-08
796	1	17	t	17	2024-02-04 10:25:31.563048-08
797	1	17	t	23	2024-02-04 10:25:31.563057-08
798	0	17	t	42	2024-02-04 10:25:31.563064-08
799	0	17	t	43	2024-02-04 10:25:31.563072-08
800	0	17	t	5	2024-02-04 10:25:31.56308-08
801	2	17	t	50	2024-02-04 10:25:31.563087-08
802	1	18	t	29	2024-02-04 12:35:21.442151-08
803	-1	18	f	12	2024-02-04 12:35:21.442206-08
804	-1	18	f	49	2024-02-04 12:35:21.442218-08
805	-1	18	f	43	2024-02-04 12:35:21.442232-08
806	-1	18	f	1	2024-02-04 12:35:21.44224-08
807	-1	18	f	46	2024-02-04 12:35:21.442247-08
808	-1	18	f	40	2024-02-04 12:35:21.442252-08
809	-1	18	f	13	2024-02-04 12:35:21.442257-08
810	-1	18	f	15	2024-02-04 12:35:21.442266-08
811	-1	18	f	21	2024-02-04 12:35:21.442271-08
812	-1	18	f	28	2024-02-04 12:35:21.442281-08
813	-1	18	f	26	2024-02-04 12:35:21.442286-08
814	-1	18	f	44	2024-02-04 12:35:21.442291-08
815	-1	18	f	33	2024-02-04 12:35:21.442301-08
816	-1	18	f	37	2024-02-04 12:35:21.442309-08
817	-1	18	f	7	2024-02-04 12:35:21.442321-08
818	-1	18	f	39	2024-02-04 12:35:21.442325-08
819	-1	18	f	27	2024-02-04 12:35:21.442333-08
820	-1	18	f	48	2024-02-04 12:35:21.442337-08
821	-1	18	f	19	2024-02-04 12:35:21.442342-08
822	-1	18	f	36	2024-02-04 12:35:21.442346-08
823	-1	18	f	22	2024-02-04 12:35:21.442351-08
824	-1	18	f	17	2024-02-04 12:35:21.442356-08
825	-1	18	f	9	2024-02-04 12:35:21.442362-08
826	-1	18	f	30	2024-02-04 12:35:21.442366-08
827	-1	18	f	38	2024-02-04 12:35:21.44237-08
828	-1	18	f	25	2024-02-04 12:35:21.442374-08
829	-1	18	f	42	2024-02-04 12:35:21.442549-08
830	-1	18	f	51	2024-02-04 12:35:21.442565-08
831	-1	18	f	18	2024-02-04 12:35:21.442571-08
832	-1	18	f	16	2024-02-04 12:35:21.442581-08
833	-1	18	f	4	2024-02-04 12:35:21.442585-08
834	-1	18	f	23	2024-02-04 12:35:21.442589-08
835	-1	18	f	45	2024-02-04 12:35:21.442598-08
836	-1	18	f	50	2024-02-04 12:35:21.442602-08
837	-1	18	f	20	2024-02-04 12:35:21.442607-08
838	-1	18	f	6	2024-02-04 12:35:21.442611-08
839	-1	18	f	47	2024-02-04 12:35:21.442615-08
840	-1	18	f	2	2024-02-04 12:35:21.44262-08
841	-1	18	f	3	2024-02-04 12:35:21.442628-08
842	-1	18	f	31	2024-02-04 12:35:21.442632-08
843	-1	18	f	32	2024-02-04 12:35:21.442636-08
844	-1	18	f	5	2024-02-04 12:35:21.442641-08
845	-1	18	f	14	2024-02-04 12:35:21.442645-08
846	-1	18	f	24	2024-02-04 12:35:21.442653-08
847	-1	18	f	41	2024-02-04 12:35:21.442657-08
848	-1	18	f	35	2024-02-04 12:35:21.442662-08
849	-1	18	f	10	2024-02-04 12:35:21.442667-08
850	-1	18	f	11	2024-02-04 12:35:21.442671-08
851	-1	18	f	34	2024-02-04 12:35:21.442675-08
852	1	19	t	29	2024-02-04 13:33:51.616766-08
853	1	19	t	18	2024-02-04 13:33:51.616788-08
854	0	19	t	25	2024-02-04 13:33:51.616794-08
855	2	19	t	15	2024-02-04 13:33:51.616803-08
856	0	19	t	45	2024-02-04 13:33:51.61681-08
857	0	19	t	43	2024-02-04 13:33:51.61682-08
858	2	19	t	28	2024-02-04 13:33:51.616825-08
859	0	19	t	48	2024-02-04 13:33:51.61683-08
860	0	19	t	11	2024-02-04 13:33:51.616836-08
861	1	19	t	12	2024-02-04 13:33:51.61684-08
862	2	19	t	4	2024-02-04 13:33:51.616852-08
863	1	19	t	38	2024-02-04 13:33:51.616856-08
864	0	19	t	27	2024-02-04 13:33:51.616861-08
865	2	19	t	2	2024-02-04 13:33:51.616865-08
866	1	19	t	41	2024-02-04 13:33:51.61687-08
867	1	19	t	9	2024-02-04 13:33:51.616888-08
868	0	19	t	5	2024-02-04 13:33:51.616893-08
869	1	19	t	30	2024-02-04 13:33:51.616899-08
870	1	19	t	46	2024-02-04 13:33:51.616903-08
871	1	19	t	13	2024-02-04 13:33:51.616908-08
872	1	19	t	51	2024-02-04 13:33:51.616914-08
873	1	19	t	23	2024-02-04 13:33:51.61692-08
874	2	19	t	40	2024-02-04 13:33:51.616925-08
875	-1	19	f	7	2024-02-04 13:33:51.616929-08
876	1	19	t	31	2024-02-04 13:33:51.616933-08
877	2	19	t	37	2024-02-04 13:33:51.616937-08
878	1	19	t	17	2024-02-04 13:33:51.616942-08
879	1	19	t	6	2024-02-04 13:33:51.616947-08
880	1	19	t	1	2024-02-04 13:33:51.616951-08
881	1	19	t	44	2024-02-04 13:33:51.61697-08
882	1	19	t	3	2024-02-04 13:33:51.61698-08
883	0	19	t	22	2024-02-04 13:33:51.616984-08
884	1	19	t	21	2024-02-04 13:33:51.61699-08
885	2	19	t	24	2024-02-04 13:33:51.616995-08
886	0	19	t	47	2024-02-04 13:33:51.617-08
887	0	19	t	34	2024-02-04 13:33:51.617004-08
888	0	19	t	33	2024-02-04 13:33:51.617009-08
889	0	19	t	10	2024-02-04 13:33:51.617016-08
890	1	19	t	49	2024-02-04 13:33:51.61702-08
891	1	19	t	39	2024-02-04 13:33:51.617025-08
892	0	19	t	42	2024-02-04 13:33:51.617029-08
893	0	19	t	14	2024-02-04 13:33:51.617034-08
894	1	19	t	19	2024-02-04 13:33:51.617039-08
895	0	19	f	26	2024-02-04 13:33:51.617043-08
896	2	19	t	36	2024-02-04 13:33:51.617048-08
897	2	19	t	20	2024-02-04 13:33:51.617052-08
898	1	19	t	35	2024-02-04 13:33:51.617057-08
899	1	19	t	8	2024-02-04 13:33:51.617062-08
900	2	19	t	16	2024-02-04 13:33:51.617065-08
901	0	19	t	32	2024-02-04 13:33:51.617069-08
902	2	20	t	4	2024-02-04 13:35:49.648859-08
903	1	20	t	26	2024-02-04 13:35:49.648873-08
904	2	20	t	24	2024-02-04 13:35:49.648877-08
905	0	20	f	39	2024-02-04 13:35:49.64888-08
906	2	20	t	36	2024-02-04 13:35:49.648884-08
907	1	20	t	38	2024-02-04 13:35:49.648887-08
908	0	20	t	11	2024-02-04 13:35:49.64889-08
909	1	20	t	3	2024-02-04 13:35:49.648893-08
910	0	20	t	14	2024-02-04 13:35:49.648895-08
911	2	20	t	40	2024-02-04 13:35:49.648898-08
912	1	20	t	44	2024-02-04 13:35:49.648901-08
913	0	20	t	42	2024-02-04 13:35:49.64891-08
914	1	20	t	1	2024-02-04 13:35:49.648916-08
915	0	20	t	48	2024-02-04 13:35:49.64892-08
916	0	20	t	34	2024-02-04 13:35:49.648924-08
917	1	20	t	18	2024-02-04 13:35:49.64893-08
918	1	20	t	46	2024-02-04 13:35:49.648934-08
919	2	20	t	50	2024-02-04 13:35:49.648938-08
920	1	20	t	41	2024-02-04 13:35:49.648943-08
921	0	20	t	7	2024-02-04 13:35:49.648949-08
922	1	20	t	51	2024-02-04 13:35:49.648954-08
923	0	20	t	10	2024-02-04 13:35:49.64896-08
924	1	20	t	21	2024-02-04 13:35:49.648963-08
925	2	20	t	28	2024-02-04 13:35:49.648968-08
926	1	20	t	31	2024-02-04 13:35:49.648972-08
927	1	20	t	29	2024-02-04 13:35:49.648976-08
928	1	20	t	6	2024-02-04 13:35:49.64898-08
929	1	20	t	30	2024-02-04 13:35:49.648985-08
930	0	20	t	33	2024-02-04 13:35:49.649405-08
931	2	20	t	20	2024-02-04 13:35:49.649411-08
932	0	20	t	27	2024-02-04 13:35:49.649415-08
933	0	20	t	45	2024-02-04 13:35:49.649417-08
934	0	20	t	5	2024-02-04 13:35:49.649419-08
935	1	20	t	12	2024-02-04 13:35:49.649421-08
936	0	20	t	22	2024-02-04 13:35:49.649423-08
937	1	20	t	9	2024-02-04 13:35:49.649425-08
938	2	20	t	15	2024-02-04 13:35:49.649428-08
939	1	20	t	19	2024-02-04 13:35:49.649429-08
940	1	20	t	17	2024-02-04 13:35:49.649431-08
941	1	20	t	8	2024-02-04 13:35:49.649433-08
942	1	20	t	35	2024-02-04 13:35:49.649435-08
943	-1	20	f	23	2024-02-04 13:35:49.649437-08
944	2	20	t	37	2024-02-04 13:35:49.649439-08
945	0	20	t	47	2024-02-04 13:35:49.649441-08
946	0	20	t	25	2024-02-04 13:35:49.649443-08
947	1	20	t	49	2024-02-04 13:35:49.649445-08
948	2	20	t	2	2024-02-04 13:35:49.649447-08
949	0	20	t	43	2024-02-04 13:35:49.64945-08
950	1	20	t	13	2024-02-04 13:35:49.649453-08
951	0	20	t	32	2024-02-04 13:35:49.649455-08
952	1	21	t	18	2024-02-04 13:43:55.025374-08
953	2	21	t	40	2024-02-04 13:43:55.025388-08
954	1	21	f	28	2024-02-04 13:43:55.025392-08
955	0	21	t	11	2024-02-04 13:43:55.025396-08
956	1	21	t	12	2024-02-04 13:43:55.025401-08
957	0	21	t	14	2024-02-04 13:43:55.025407-08
958	1	21	t	17	2024-02-04 13:43:55.025411-08
959	0	21	t	27	2024-02-04 13:43:55.025415-08
960	0	21	t	22	2024-02-04 13:43:55.025419-08
961	0	21	t	25	2024-02-04 13:43:55.025424-08
962	0	21	t	42	2024-02-04 13:43:55.025429-08
963	1	21	t	26	2024-02-04 13:43:55.025443-08
964	1	21	t	23	2024-02-04 13:43:55.025447-08
965	1	21	t	8	2024-02-04 13:43:55.02545-08
966	0	21	t	48	2024-02-04 13:43:55.025452-08
967	1	21	t	39	2024-02-04 13:43:55.025456-08
968	1	21	t	41	2024-02-04 13:43:55.025458-08
969	1	21	t	51	2024-02-04 13:43:55.025462-08
970	1	21	t	46	2024-02-04 13:43:55.025465-08
971	0	21	t	43	2024-02-04 13:43:55.025467-08
972	2	21	t	16	2024-02-04 13:43:55.025471-08
973	1	21	t	35	2024-02-04 13:43:55.025474-08
974	2	21	t	36	2024-02-04 13:43:55.025476-08
975	1	21	t	38	2024-02-04 13:43:55.025479-08
976	1	21	t	30	2024-02-04 13:43:55.025481-08
977	1	21	t	3	2024-02-04 13:43:55.025484-08
978	1	21	t	1	2024-02-04 13:43:55.025487-08
979	0	21	t	33	2024-02-04 13:43:55.025489-08
980	0	21	t	45	2024-02-04 13:43:55.026923-08
981	0	21	t	32	2024-02-04 13:43:55.026928-08
982	0	21	t	34	2024-02-04 13:43:55.026933-08
983	0	21	t	10	2024-02-04 13:43:55.026935-08
984	1	21	t	49	2024-02-04 13:43:55.026937-08
985	2	21	t	37	2024-02-04 13:43:55.02694-08
986	0	21	t	47	2024-02-04 13:43:55.026943-08
987	2	21	t	2	2024-02-04 13:43:55.026945-08
988	1	21	t	13	2024-02-04 13:43:55.026947-08
989	2	21	t	20	2024-02-04 13:43:55.026949-08
990	0	21	t	7	2024-02-04 13:43:55.026952-08
991	2	21	t	24	2024-02-04 13:43:55.026954-08
992	1	21	t	6	2024-02-04 13:43:55.026956-08
993	1	21	t	9	2024-02-04 13:43:55.026958-08
994	0	21	f	31	2024-02-04 13:43:55.026959-08
995	0	21	f	44	2024-02-04 13:43:55.026961-08
996	1	21	t	21	2024-02-04 13:43:55.026966-08
997	1	21	t	29	2024-02-04 13:43:55.026968-08
998	0	21	f	19	2024-02-04 13:43:55.02697-08
999	0	21	f	4	2024-02-04 13:43:55.026972-08
1000	2	21	t	15	2024-02-04 13:43:55.026974-08
1001	2	21	f	5	2024-02-04 13:43:55.026976-08
1252	1	27	t	51	2024-02-05 03:23:10.995985-08
1253	-1	27	f	43	2024-02-05 03:23:10.996009-08
1254	-1	27	f	1	2024-02-05 03:23:10.996019-08
1255	-1	27	f	28	2024-02-05 03:23:10.996022-08
1256	-1	27	f	6	2024-02-05 03:23:10.996025-08
1257	-1	27	f	48	2024-02-05 03:23:10.996028-08
1258	-1	27	f	8	2024-02-05 03:23:10.996031-08
1259	-1	27	f	47	2024-02-05 03:23:10.996033-08
1260	-1	27	f	10	2024-02-05 03:23:10.996044-08
1261	-1	27	f	17	2024-02-05 03:23:10.996047-08
1262	-1	27	f	45	2024-02-05 03:23:10.996049-08
1263	-1	27	f	38	2024-02-05 03:23:10.996052-08
1264	-1	27	f	39	2024-02-05 03:23:10.996054-08
1265	-1	27	f	4	2024-02-05 03:23:10.996057-08
1266	-1	27	f	34	2024-02-05 03:23:10.996059-08
1267	-1	27	f	33	2024-02-05 03:23:10.996065-08
1268	-1	27	f	3	2024-02-05 03:23:10.99607-08
1269	-1	27	f	26	2024-02-05 03:23:10.996072-08
1270	-1	27	f	40	2024-02-05 03:23:10.996079-08
1271	-1	27	f	16	2024-02-05 03:23:10.996081-08
1272	-1	27	f	44	2024-02-05 03:23:10.996084-08
1273	-1	27	f	21	2024-02-05 03:23:10.996087-08
1274	-1	27	f	19	2024-02-05 03:23:10.99609-08
1275	-1	27	f	36	2024-02-05 03:23:10.996093-08
1276	-1	27	f	11	2024-02-05 03:23:10.996098-08
1277	-1	27	f	25	2024-02-05 03:23:10.9961-08
1278	-1	27	f	29	2024-02-05 03:23:10.996103-08
1279	-1	27	f	15	2024-02-05 03:23:11.003096-08
1280	-1	27	f	13	2024-02-05 03:23:11.003101-08
1281	-1	27	f	12	2024-02-05 03:23:11.003105-08
1282	-1	27	f	46	2024-02-05 03:23:11.003107-08
1283	-1	27	f	20	2024-02-05 03:23:11.003116-08
1284	-1	27	f	18	2024-02-05 03:23:11.003119-08
1285	-1	27	f	2	2024-02-05 03:23:11.003122-08
1286	-1	27	f	27	2024-02-05 03:23:11.003125-08
1287	-1	27	f	35	2024-02-05 03:23:11.00313-08
1288	-1	27	f	41	2024-02-05 03:23:11.003133-08
1289	-1	27	f	14	2024-02-05 03:23:11.003139-08
1290	-1	27	f	42	2024-02-05 03:23:11.003141-08
1291	-1	27	f	22	2024-02-05 03:23:11.003145-08
1292	-1	27	f	37	2024-02-05 03:23:11.003155-08
1293	-1	27	f	5	2024-02-05 03:23:11.003158-08
1294	-1	27	f	9	2024-02-05 03:23:11.003161-08
1295	-1	27	f	49	2024-02-05 03:23:11.003163-08
1296	-1	27	f	32	2024-02-05 03:23:11.003166-08
1297	-1	27	f	7	2024-02-05 03:23:11.003182-08
1298	-1	27	f	31	2024-02-05 03:23:11.003184-08
1299	-1	27	f	24	2024-02-05 03:23:11.003187-08
1300	-1	27	f	30	2024-02-05 03:23:11.003189-08
1301	-1	27	f	50	2024-02-05 03:23:11.003191-08
1052	1	23	t	12	2024-02-05 00:44:52.650707-08
1053	-1	23	f	31	2024-02-05 00:44:52.650976-08
1054	-1	23	f	13	2024-02-05 00:44:52.650997-08
1055	-1	23	f	10	2024-02-05 00:44:52.651004-08
1056	-1	23	f	6	2024-02-05 00:44:52.65101-08
1057	-1	23	f	17	2024-02-05 00:44:52.651017-08
1058	-1	23	f	43	2024-02-05 00:44:52.651022-08
1059	-1	23	f	34	2024-02-05 00:44:52.651028-08
1060	-1	23	f	4	2024-02-05 00:44:52.651036-08
1061	-1	23	f	20	2024-02-05 00:44:52.65104-08
1062	-1	23	f	26	2024-02-05 00:44:52.651049-08
1063	-1	23	f	51	2024-02-05 00:44:52.651054-08
1064	-1	23	f	37	2024-02-05 00:44:52.651082-08
1065	-1	23	f	49	2024-02-05 00:44:52.651087-08
1066	-1	23	f	24	2024-02-05 00:44:52.651095-08
1067	-1	23	f	29	2024-02-05 00:44:52.651106-08
1068	-1	23	f	36	2024-02-05 00:44:52.651111-08
1069	-1	23	f	23	2024-02-05 00:44:52.651119-08
1070	-1	23	f	27	2024-02-05 00:44:52.651124-08
1071	-1	23	f	41	2024-02-05 00:44:52.651128-08
1072	-1	23	f	35	2024-02-05 00:44:52.651133-08
1073	-1	23	f	5	2024-02-05 00:44:52.651138-08
1074	-1	23	f	2	2024-02-05 00:44:52.651142-08
1075	-1	23	f	9	2024-02-05 00:44:52.65115-08
1076	-1	23	f	1	2024-02-05 00:44:52.651154-08
1077	-1	23	f	32	2024-02-05 00:44:52.651158-08
1078	-1	23	f	11	2024-02-05 00:44:52.651164-08
1079	-1	23	f	25	2024-02-05 00:44:52.660839-08
1080	-1	23	f	40	2024-02-05 00:44:52.660845-08
1081	-1	23	f	18	2024-02-05 00:44:52.660851-08
1082	-1	23	f	3	2024-02-05 00:44:52.66086-08
1083	-1	23	f	22	2024-02-05 00:44:52.660865-08
1084	-1	23	f	47	2024-02-05 00:44:52.660874-08
1085	-1	23	f	14	2024-02-05 00:44:52.660879-08
1086	-1	23	f	33	2024-02-05 00:44:52.660883-08
1087	-1	23	f	7	2024-02-05 00:44:52.660897-08
1088	-1	23	f	44	2024-02-05 00:44:52.660901-08
1089	-1	23	f	21	2024-02-05 00:44:52.660906-08
1090	-1	23	f	39	2024-02-05 00:44:52.660911-08
1091	-1	23	f	42	2024-02-05 00:44:52.660915-08
1092	-1	23	f	28	2024-02-05 00:44:52.660923-08
1093	-1	23	f	19	2024-02-05 00:44:52.660927-08
1094	-1	23	f	46	2024-02-05 00:44:52.660931-08
1095	-1	23	f	30	2024-02-05 00:44:52.660941-08
1096	-1	23	f	38	2024-02-05 00:44:52.660945-08
1097	-1	23	f	48	2024-02-05 00:44:52.660949-08
1098	-1	23	f	16	2024-02-05 00:44:52.660953-08
1099	-1	23	f	45	2024-02-05 00:44:52.660957-08
1100	-1	23	f	50	2024-02-05 00:44:52.660961-08
1101	-1	23	f	8	2024-02-05 00:44:52.660969-08
1102	1	24	t	9	2024-02-05 01:22:22.146802-08
1103	1	24	t	44	2024-02-05 01:22:22.146828-08
1104	1	24	t	1	2024-02-05 01:22:22.146847-08
1105	0	24	t	45	2024-02-05 01:22:22.146857-08
1106	2	24	t	28	2024-02-05 01:22:22.146863-08
1107	1	24	t	26	2024-02-05 01:22:22.146872-08
1108	0	24	t	43	2024-02-05 01:22:22.146878-08
1109	1	24	t	39	2024-02-05 01:22:22.146884-08
1110	1	24	t	29	2024-02-05 01:22:22.146896-08
1111	1	24	t	23	2024-02-05 01:22:22.146901-08
1112	2	24	t	50	2024-02-05 01:22:22.146912-08
1113	2	24	t	4	2024-02-05 01:22:22.146918-08
1114	2	24	t	2	2024-02-05 01:22:22.146923-08
1115	0	24	t	27	2024-02-05 01:22:22.146928-08
1116	1	24	t	12	2024-02-05 01:22:22.146937-08
1117	1	24	t	3	2024-02-05 01:22:22.14695-08
1118	1	24	t	17	2024-02-05 01:22:22.146955-08
1119	2	24	t	20	2024-02-05 01:22:22.14696-08
1120	0	24	t	33	2024-02-05 01:22:22.146966-08
1121	0	24	t	42	2024-02-05 01:22:22.146977-08
1122	1	24	t	31	2024-02-05 01:22:22.146984-08
1123	2	24	t	40	2024-02-05 01:22:22.146989-08
1124	0	24	t	5	2024-02-05 01:22:22.146994-08
1125	0	24	t	25	2024-02-05 01:22:22.146999-08
1126	0	24	t	48	2024-02-05 01:22:22.147007-08
1127	1	24	t	41	2024-02-05 01:22:22.147012-08
1128	1	24	t	51	2024-02-05 01:22:22.147017-08
1129	1	24	t	8	2024-02-05 01:22:22.15353-08
1130	0	24	t	10	2024-02-05 01:22:22.15354-08
1131	1	24	t	21	2024-02-05 01:22:22.15355-08
1132	1	24	t	19	2024-02-05 01:22:22.153563-08
1133	0	24	t	7	2024-02-05 01:22:22.153582-08
1134	1	24	t	38	2024-02-05 01:22:22.153589-08
1135	2	24	t	36	2024-02-05 01:22:22.153596-08
1136	1	24	t	49	2024-02-05 01:22:22.153603-08
1137	0	24	t	34	2024-02-05 01:22:22.15361-08
1138	2	24	t	37	2024-02-05 01:22:22.153618-08
1139	1	24	t	18	2024-02-05 01:22:22.153631-08
1140	1	24	t	13	2024-02-05 01:22:22.153638-08
1141	2	24	t	24	2024-02-05 01:22:22.153646-08
1142	2	24	t	15	2024-02-05 01:22:22.153653-08
1143	1	24	t	30	2024-02-05 01:22:22.15366-08
1144	0	24	t	22	2024-02-05 01:22:22.153671-08
1145	0	24	t	47	2024-02-05 01:22:22.153679-08
1146	1	24	t	46	2024-02-05 01:22:22.153688-08
1147	0	24	t	14	2024-02-05 01:22:22.153695-08
1148	0	24	t	11	2024-02-05 01:22:22.153703-08
1149	2	24	t	16	2024-02-05 01:22:22.153722-08
1150	0	24	t	32	2024-02-05 01:22:22.15373-08
1151	1	24	t	35	2024-02-05 01:22:22.153741-08
1152	1	25	t	41	2024-02-05 03:10:24.436083-08
1153	1	25	t	44	2024-02-05 03:10:24.436125-08
1154	2	25	t	16	2024-02-05 03:10:24.43613-08
1155	1	25	f	40	2024-02-05 03:10:24.436133-08
1156	1	25	t	46	2024-02-05 03:10:24.436136-08
1157	2	25	f	21	2024-02-05 03:10:24.436139-08
1158	-1	25	f	7	2024-02-05 03:10:24.436146-08
1159	-1	25	f	51	2024-02-05 03:10:24.436149-08
1160	-1	25	f	23	2024-02-05 03:10:24.436153-08
1161	-1	25	f	17	2024-02-05 03:10:24.436155-08
1162	-1	25	f	38	2024-02-05 03:10:24.436158-08
1163	-1	25	f	22	2024-02-05 03:10:24.43616-08
1164	-1	25	f	47	2024-02-05 03:10:24.436167-08
1165	-1	25	f	32	2024-02-05 03:10:24.43617-08
1166	-1	25	f	28	2024-02-05 03:10:24.436175-08
1167	-1	25	f	19	2024-02-05 03:10:24.436178-08
1168	-1	25	f	20	2024-02-05 03:10:24.436184-08
1169	-1	25	f	6	2024-02-05 03:10:24.436187-08
1170	-1	25	f	27	2024-02-05 03:10:24.43619-08
1171	-1	25	f	26	2024-02-05 03:10:24.436192-08
1172	-1	25	f	13	2024-02-05 03:10:24.436195-08
1173	-1	25	f	2	2024-02-05 03:10:24.4362-08
1174	-1	25	f	50	2024-02-05 03:10:24.436203-08
1175	-1	25	f	37	2024-02-05 03:10:24.436206-08
1176	-1	25	f	4	2024-02-05 03:10:24.436209-08
1177	-1	25	f	25	2024-02-05 03:10:24.436211-08
1178	-1	25	f	10	2024-02-05 03:10:24.448939-08
1179	-1	25	f	34	2024-02-05 03:10:24.448943-08
1180	-1	25	f	49	2024-02-05 03:10:24.448947-08
1181	-1	25	f	1	2024-02-05 03:10:24.448951-08
1182	-1	25	f	33	2024-02-05 03:10:24.448953-08
1183	-1	25	f	3	2024-02-05 03:10:24.448958-08
1184	-1	25	f	43	2024-02-05 03:10:24.448965-08
1185	-1	25	f	15	2024-02-05 03:10:24.448968-08
1186	-1	25	f	5	2024-02-05 03:10:24.44897-08
1187	-1	25	f	42	2024-02-05 03:10:24.448973-08
1188	-1	25	f	45	2024-02-05 03:10:24.448976-08
1189	-1	25	f	18	2024-02-05 03:10:24.448982-08
1190	-1	25	f	9	2024-02-05 03:10:24.448984-08
1191	-1	25	f	30	2024-02-05 03:10:24.448986-08
1192	-1	25	f	48	2024-02-05 03:10:24.448988-08
1193	-1	25	f	11	2024-02-05 03:10:24.448991-08
1194	-1	25	f	14	2024-02-05 03:10:24.448993-08
1195	-1	25	f	8	2024-02-05 03:10:24.448997-08
1196	-1	25	f	35	2024-02-05 03:10:24.448999-08
1197	-1	25	f	12	2024-02-05 03:10:24.449002-08
1198	-1	25	f	31	2024-02-05 03:10:24.449004-08
1199	-1	25	f	39	2024-02-05 03:10:24.449013-08
1200	-1	25	f	24	2024-02-05 03:10:24.449015-08
1201	-1	25	f	36	2024-02-05 03:10:24.449017-08
1202	1	26	t	18	2024-02-05 03:17:25.150009-08
1203	1	26	t	23	2024-02-05 03:17:25.150025-08
1204	0	26	t	7	2024-02-05 03:17:25.150029-08
1205	0	26	t	33	2024-02-05 03:17:25.150032-08
1206	0	26	t	27	2024-02-05 03:17:25.150049-08
1207	0	26	t	25	2024-02-05 03:17:25.150052-08
1208	1	26	t	21	2024-02-05 03:17:25.150055-08
1209	-1	26	f	12	2024-02-05 03:17:25.150058-08
1210	-1	26	f	19	2024-02-05 03:17:25.150064-08
1211	-1	26	f	44	2024-02-05 03:17:25.150068-08
1212	-1	26	f	30	2024-02-05 03:17:25.150072-08
1213	-1	26	f	46	2024-02-05 03:17:25.150074-08
1214	-1	26	f	4	2024-02-05 03:17:25.150077-08
1215	1	26	f	15	2024-02-05 03:17:25.150083-08
1216	0	26	t	14	2024-02-05 03:17:25.150086-08
1217	-1	26	f	29	2024-02-05 03:17:25.150089-08
1218	-1	26	f	2	2024-02-05 03:17:25.150091-08
1219	-1	26	f	3	2024-02-05 03:17:25.150094-08
1220	-1	26	f	38	2024-02-05 03:17:25.150097-08
1221	-1	26	f	37	2024-02-05 03:17:25.150099-08
1222	-1	26	f	31	2024-02-05 03:17:25.150108-08
1223	-1	26	f	22	2024-02-05 03:17:25.150111-08
1224	-1	26	f	39	2024-02-05 03:17:25.150114-08
1225	-1	26	f	32	2024-02-05 03:17:25.150116-08
1226	-1	26	f	41	2024-02-05 03:17:25.150123-08
1227	-1	26	f	9	2024-02-05 03:17:25.150127-08
1228	-1	26	f	36	2024-02-05 03:17:25.158037-08
1229	-1	26	f	47	2024-02-05 03:17:25.158043-08
1230	-1	26	f	13	2024-02-05 03:17:25.158057-08
1231	-1	26	f	1	2024-02-05 03:17:25.15806-08
1232	-1	26	f	40	2024-02-05 03:17:25.158063-08
1233	-1	26	f	20	2024-02-05 03:17:25.158065-08
1234	-1	26	f	49	2024-02-05 03:17:25.158068-08
1235	-1	26	f	34	2024-02-05 03:17:25.158077-08
1236	-1	26	f	28	2024-02-05 03:17:25.158082-08
1237	-1	26	f	48	2024-02-05 03:17:25.158084-08
1238	-1	26	f	51	2024-02-05 03:17:25.158087-08
1239	-1	26	f	42	2024-02-05 03:17:25.158093-08
1240	-1	26	f	6	2024-02-05 03:17:25.1581-08
1241	-1	26	f	26	2024-02-05 03:17:25.158103-08
1242	-1	26	f	24	2024-02-05 03:17:25.158106-08
1243	-1	26	f	16	2024-02-05 03:17:25.158108-08
1244	-1	26	f	8	2024-02-05 03:17:25.15811-08
1245	-1	26	f	10	2024-02-05 03:17:25.158112-08
1246	-1	26	f	17	2024-02-05 03:17:25.15812-08
1247	-1	26	f	45	2024-02-05 03:17:25.158123-08
1248	-1	26	f	5	2024-02-05 03:17:25.158125-08
1249	-1	26	f	35	2024-02-05 03:17:25.158127-08
1250	-1	26	f	11	2024-02-05 03:17:25.15813-08
1251	-1	26	f	43	2024-02-05 03:17:25.158132-08
1302	0	28	f	17	2024-02-05 03:25:52.691058-08
1303	-1	28	f	1	2024-02-05 03:25:52.691082-08
1304	-1	28	f	21	2024-02-05 03:25:52.69109-08
1305	-1	28	f	6	2024-02-05 03:25:52.691093-08
1306	-1	28	f	30	2024-02-05 03:25:52.691096-08
1307	-1	28	f	9	2024-02-05 03:25:52.691099-08
1308	-1	28	f	13	2024-02-05 03:25:52.691101-08
1309	-1	28	f	47	2024-02-05 03:25:52.691104-08
1310	-1	28	f	32	2024-02-05 03:25:52.69111-08
1311	-1	28	f	44	2024-02-05 03:25:52.691124-08
1312	-1	28	f	16	2024-02-05 03:25:52.691136-08
1313	-1	28	f	49	2024-02-05 03:25:52.691138-08
1314	-1	28	f	26	2024-02-05 03:25:52.691142-08
1315	-1	28	f	35	2024-02-05 03:25:52.691145-08
1316	-1	28	f	27	2024-02-05 03:25:52.691148-08
1317	-1	28	f	46	2024-02-05 03:25:52.69115-08
1318	-1	28	f	18	2024-02-05 03:25:52.691158-08
1319	-1	28	f	2	2024-02-05 03:25:52.691161-08
1320	-1	28	f	40	2024-02-05 03:25:52.691164-08
1321	-1	28	f	39	2024-02-05 03:25:52.691166-08
1322	-1	28	f	25	2024-02-05 03:25:52.691169-08
1323	-1	28	f	19	2024-02-05 03:25:52.691171-08
1324	-1	28	f	51	2024-02-05 03:25:52.691178-08
1325	-1	28	f	8	2024-02-05 03:25:52.691182-08
1326	-1	28	f	24	2024-02-05 03:25:52.691184-08
1327	-1	28	f	45	2024-02-05 03:25:52.691187-08
1328	-1	28	f	36	2024-02-05 03:25:52.691189-08
1329	-1	28	f	43	2024-02-05 03:25:52.697216-08
1330	-1	28	f	5	2024-02-05 03:25:52.697223-08
1331	-1	28	f	29	2024-02-05 03:25:52.697226-08
1332	-1	28	f	38	2024-02-05 03:25:52.697229-08
1333	-1	28	f	22	2024-02-05 03:25:52.697232-08
1334	-1	28	f	15	2024-02-05 03:25:52.697235-08
1335	-1	28	f	41	2024-02-05 03:25:52.697241-08
1336	-1	28	f	11	2024-02-05 03:25:52.697247-08
1337	-1	28	f	33	2024-02-05 03:25:52.69725-08
1338	-1	28	f	23	2024-02-05 03:25:52.697257-08
1339	-1	28	f	3	2024-02-05 03:25:52.697262-08
1340	-1	28	f	10	2024-02-05 03:25:52.697265-08
1341	-1	28	f	37	2024-02-05 03:25:52.697267-08
1342	-1	28	f	7	2024-02-05 03:25:52.69727-08
1343	-1	28	f	20	2024-02-05 03:25:52.697272-08
1344	-1	28	f	42	2024-02-05 03:25:52.697275-08
1345	-1	28	f	50	2024-02-05 03:25:52.697283-08
1346	-1	28	f	28	2024-02-05 03:25:52.697286-08
1347	-1	28	f	12	2024-02-05 03:25:52.697288-08
1348	-1	28	f	48	2024-02-05 03:25:52.697291-08
1349	-1	28	f	31	2024-02-05 03:25:52.697293-08
1350	-1	28	f	34	2024-02-05 03:25:52.697295-08
1351	-1	28	f	14	2024-02-05 03:25:52.6973-08
1352	1	29	f	40	2024-02-05 04:51:06.10508-08
1353	1	29	t	8	2024-02-05 04:51:06.105096-08
1354	2	29	t	16	2024-02-05 04:51:06.1051-08
1355	0	29	t	33	2024-02-05 04:51:06.105102-08
1356	0	29	f	23	2024-02-05 04:51:06.105125-08
1357	2	29	f	29	2024-02-05 04:51:06.105129-08
1358	2	29	f	47	2024-02-05 04:51:06.105133-08
1359	1	29	f	25	2024-02-05 04:51:06.105136-08
1360	1	29	t	51	2024-02-05 04:51:06.105139-08
1361	1	29	f	4	2024-02-05 04:51:06.105151-08
1362	0	29	t	7	2024-02-05 04:51:06.105153-08
1363	0	29	f	41	2024-02-05 04:51:06.105156-08
1364	0	29	t	45	2024-02-05 04:51:06.10516-08
1365	1	29	f	27	2024-02-05 04:51:06.105163-08
1366	2	29	f	21	2024-02-05 04:51:06.105165-08
1367	1	29	t	6	2024-02-05 04:51:06.105172-08
1368	1	29	t	13	2024-02-05 04:51:06.105175-08
1369	1	29	t	39	2024-02-05 04:51:06.105177-08
1370	1	29	f	36	2024-02-05 04:51:06.105179-08
1371	1	29	f	32	2024-02-05 04:51:06.105182-08
1372	0	29	t	14	2024-02-05 04:51:06.105196-08
1373	1	29	t	17	2024-02-05 04:51:06.105199-08
1374	0	29	t	48	2024-02-05 04:51:06.105201-08
1375	0	29	f	30	2024-02-05 04:51:06.105204-08
1376	1	29	t	35	2024-02-05 04:51:06.105206-08
1377	0	29	t	42	2024-02-05 04:51:06.105212-08
1378	0	29	f	9	2024-02-05 04:51:06.105217-08
1379	0	29	t	10	2024-02-05 04:51:06.105219-08
1380	1	29	t	1	2024-02-05 04:51:06.112765-08
1381	1	29	t	18	2024-02-05 04:51:06.11277-08
1382	0	29	f	24	2024-02-05 04:51:06.112774-08
1383	2	29	t	15	2024-02-05 04:51:06.112782-08
1384	1	29	f	2	2024-02-05 04:51:06.112785-08
1385	0	29	f	19	2024-02-05 04:51:06.112788-08
1386	0	29	t	11	2024-02-05 04:51:06.11279-08
1387	2	29	f	44	2024-02-05 04:51:06.112793-08
1388	2	29	f	49	2024-02-05 04:51:06.112804-08
1389	0	29	t	43	2024-02-05 04:51:06.112808-08
1390	1	29	t	31	2024-02-05 04:51:06.112811-08
1391	2	29	t	28	2024-02-05 04:51:06.112813-08
1392	2	29	f	46	2024-02-05 04:51:06.112816-08
1393	0	29	t	34	2024-02-05 04:51:06.112822-08
1394	1	29	t	26	2024-02-05 04:51:06.112824-08
1395	2	29	t	37	2024-02-05 04:51:06.112827-08
1396	0	29	t	22	2024-02-05 04:51:06.11283-08
1397	1	29	t	3	2024-02-05 04:51:06.112833-08
1398	1	29	t	38	2024-02-05 04:51:06.112838-08
1399	1	29	f	5	2024-02-05 04:51:06.112841-08
1400	1	29	t	12	2024-02-05 04:51:06.112843-08
1401	1	29	f	50	2024-02-05 04:51:06.112845-08
1402	2	30	t	16	2024-02-05 10:52:19.359799-08
1403	0	30	t	48	2024-02-05 10:52:19.360147-08
1404	1	30	t	31	2024-02-05 10:52:19.360165-08
1405	0	30	t	11	2024-02-05 10:52:19.360172-08
1406	2	30	t	15	2024-02-05 10:52:19.36018-08
1407	2	30	f	29	2024-02-05 10:52:19.36019-08
1408	2	30	f	35	2024-02-05 10:52:19.360195-08
1409	2	30	t	28	2024-02-05 10:52:19.3602-08
1410	0	30	t	14	2024-02-05 10:52:19.360205-08
1411	2	30	f	27	2024-02-05 10:52:19.360213-08
1412	0	30	t	45	2024-02-05 10:52:19.360217-08
1413	0	30	f	9	2024-02-05 10:52:19.360225-08
1414	2	30	t	40	2024-02-05 10:52:19.360229-08
1415	0	30	f	36	2024-02-05 10:52:19.360235-08
1416	1	30	t	17	2024-02-05 10:52:19.360244-08
1417	1	30	t	51	2024-02-05 10:52:19.360249-08
1418	2	30	f	42	2024-02-05 10:52:19.360276-08
1419	1	30	t	19	2024-02-05 10:52:19.360284-08
1420	0	30	t	33	2024-02-05 10:52:19.360289-08
1421	-1	30	f	1	2024-02-05 10:52:19.360295-08
1422	1	30	t	44	2024-02-05 10:52:19.360305-08
1423	1	30	t	12	2024-02-05 10:52:19.360311-08
1424	0	30	t	34	2024-02-05 10:52:19.360316-08
1425	0	30	f	41	2024-02-05 10:52:19.360321-08
1426	1	30	t	49	2024-02-05 10:52:19.360327-08
1427	0	30	t	32	2024-02-05 10:52:19.360335-08
1428	1	30	t	30	2024-02-05 10:52:19.360341-08
1429	2	30	f	10	2024-02-05 10:52:19.360372-08
1430	1	30	t	6	2024-02-05 10:52:19.360377-08
1431	1	30	t	39	2024-02-05 10:52:19.360385-08
1432	0	30	t	25	2024-02-05 10:52:19.360389-08
1433	1	30	t	38	2024-02-05 10:52:19.360397-08
1434	1	30	t	23	2024-02-05 10:52:19.360401-08
1435	1	30	t	26	2024-02-05 10:52:19.360406-08
1436	0	30	t	22	2024-02-05 10:52:19.360411-08
1437	0	30	f	20	2024-02-05 10:52:19.360415-08
1438	-1	30	f	47	2024-02-05 10:52:19.360423-08
1439	1	30	f	7	2024-02-05 10:52:19.360427-08
1440	1	30	t	46	2024-02-05 10:52:19.360431-08
1441	1	30	t	18	2024-02-05 10:52:19.360436-08
1442	2	30	t	24	2024-02-05 10:52:19.360443-08
1443	1	30	t	3	2024-02-05 10:52:19.360447-08
1444	1	30	t	21	2024-02-05 10:52:19.360451-08
1445	1	30	t	13	2024-02-05 10:52:19.360455-08
1446	2	30	t	4	2024-02-05 10:52:19.360459-08
1447	0	30	f	8	2024-02-05 10:52:19.360463-08
1448	2	30	f	43	2024-02-05 10:52:19.360469-08
1449	1	30	f	5	2024-02-05 10:52:19.360474-08
1450	2	30	t	50	2024-02-05 10:52:19.360478-08
1451	0	30	f	2	2024-02-05 10:52:19.360482-08
1452	-1	31	f	6	2024-02-06 05:00:33.253631-08
1453	-1	31	f	12	2024-02-06 05:00:33.255223-08
1454	-1	31	f	13	2024-02-06 05:00:33.255237-08
1455	-1	31	f	23	2024-02-06 05:00:33.255244-08
1456	-1	31	f	40	2024-02-06 05:00:33.25525-08
1457	-1	31	f	45	2024-02-06 05:00:33.255256-08
1458	-1	31	f	31	2024-02-06 05:00:33.25526-08
1459	-1	31	f	50	2024-02-06 05:00:33.255268-08
1460	-1	31	f	41	2024-02-06 05:00:33.255323-08
1461	-1	31	f	18	2024-02-06 05:00:33.255335-08
1462	-1	31	f	32	2024-02-06 05:00:33.255346-08
1463	-1	31	f	29	2024-02-06 05:00:33.255355-08
1464	-1	31	f	36	2024-02-06 05:00:33.255362-08
1465	-1	31	f	51	2024-02-06 05:00:33.255367-08
1466	-1	31	f	14	2024-02-06 05:00:33.255371-08
1467	-1	31	f	24	2024-02-06 05:00:33.255375-08
1468	-1	31	f	2	2024-02-06 05:00:33.255386-08
1469	-1	31	f	1	2024-02-06 05:00:33.25539-08
1470	-1	31	f	42	2024-02-06 05:00:33.255393-08
1471	-1	31	f	27	2024-02-06 05:00:33.255397-08
1472	-1	31	f	16	2024-02-06 05:00:33.2554-08
1473	-1	31	f	11	2024-02-06 05:00:33.255403-08
1474	-1	31	f	28	2024-02-06 05:00:33.255409-08
1475	-1	31	f	21	2024-02-06 05:00:33.255413-08
1476	-1	31	f	39	2024-02-06 05:00:33.255416-08
1477	-1	31	f	44	2024-02-06 05:00:33.25542-08
1478	-1	31	f	15	2024-02-06 05:00:33.255424-08
1479	-1	31	f	25	2024-02-06 05:00:33.261103-08
1480	-1	31	f	22	2024-02-06 05:00:33.261112-08
1481	-1	31	f	49	2024-02-06 05:00:33.261117-08
1482	-1	31	f	3	2024-02-06 05:00:33.261122-08
1483	-1	31	f	19	2024-02-06 05:00:33.261126-08
1484	-1	31	f	33	2024-02-06 05:00:33.261139-08
1485	-1	31	f	43	2024-02-06 05:00:33.261145-08
1486	-1	31	f	46	2024-02-06 05:00:33.261149-08
1487	-1	31	f	26	2024-02-06 05:00:33.261156-08
1488	-1	31	f	5	2024-02-06 05:00:33.26116-08
1489	-1	31	f	38	2024-02-06 05:00:33.261163-08
1490	-1	31	f	9	2024-02-06 05:00:33.261167-08
1491	-1	31	f	37	2024-02-06 05:00:33.26117-08
1492	-1	31	f	10	2024-02-06 05:00:33.261173-08
1493	-1	31	f	47	2024-02-06 05:00:33.261181-08
1494	-1	31	f	20	2024-02-06 05:00:33.261184-08
1495	-1	31	f	34	2024-02-06 05:00:33.261188-08
1496	-1	31	f	48	2024-02-06 05:00:33.261191-08
1497	-1	31	f	30	2024-02-06 05:00:33.261194-08
1498	-1	31	f	35	2024-02-06 05:00:33.2612-08
1499	-1	31	f	4	2024-02-06 05:00:33.261204-08
1500	-1	31	f	17	2024-02-06 05:00:33.261206-08
1501	-1	31	f	8	2024-02-06 05:00:33.261209-08
1502	0	32	t	25	2024-02-06 07:54:52.370111-08
1503	0	32	t	45	2024-02-06 07:54:52.371783-08
1504	0	32	t	21	2024-02-06 07:54:52.371805-08
1505	0	32	t	3	2024-02-06 07:54:52.371821-08
1506	0	32	t	46	2024-02-06 07:54:52.371829-08
1507	0	32	t	15	2024-02-06 07:54:52.371838-08
1508	0	32	t	7	2024-02-06 07:54:52.371845-08
1509	0	32	t	29	2024-02-06 07:54:52.371852-08
1510	0	32	t	50	2024-02-06 07:54:52.37186-08
1511	0	32	t	37	2024-02-06 07:54:52.371906-08
1512	0	32	t	34	2024-02-06 07:54:52.371916-08
1513	0	32	t	44	2024-02-06 07:54:52.371924-08
1514	0	32	t	26	2024-02-06 07:54:52.371941-08
1515	0	32	t	47	2024-02-06 07:54:52.371953-08
1516	0	32	t	12	2024-02-06 07:54:52.371962-08
1517	0	32	t	8	2024-02-06 07:54:52.371973-08
1518	0	32	t	9	2024-02-06 07:54:52.37198-08
1519	0	32	t	13	2024-02-06 07:54:52.371986-08
1520	0	32	t	23	2024-02-06 07:54:52.371994-08
1521	0	32	t	27	2024-02-06 07:54:52.372008-08
1522	0	32	t	39	2024-02-06 07:54:52.372015-08
1523	0	32	t	22	2024-02-06 07:54:52.372045-08
1524	0	32	t	42	2024-02-06 07:54:52.372054-08
1525	0	32	t	24	2024-02-06 07:54:52.372063-08
1526	0	32	t	17	2024-02-06 07:54:52.372073-08
1527	0	32	t	10	2024-02-06 07:54:52.37208-08
1528	0	32	t	48	2024-02-06 07:54:52.372087-08
1529	0	32	t	2	2024-02-06 07:54:52.372095-08
1530	0	32	t	4	2024-02-06 07:54:52.374445-08
1531	0	32	t	38	2024-02-06 07:54:52.374455-08
1532	0	32	t	41	2024-02-06 07:54:52.374464-08
1533	0	32	t	43	2024-02-06 07:54:52.374479-08
1534	0	32	t	51	2024-02-06 07:54:52.374496-08
1535	0	32	t	30	2024-02-06 07:54:52.374506-08
1536	0	32	t	11	2024-02-06 07:54:52.374515-08
1537	0	32	t	36	2024-02-06 07:54:52.374524-08
1538	0	32	t	49	2024-02-06 07:54:52.374533-08
1539	0	32	t	20	2024-02-06 07:54:52.374549-08
1540	0	32	t	6	2024-02-06 07:54:52.37456-08
1541	0	32	t	1	2024-02-06 07:54:52.374569-08
1542	0	32	t	14	2024-02-06 07:54:52.374577-08
1543	0	32	t	28	2024-02-06 07:54:52.374586-08
1544	0	32	t	35	2024-02-06 07:54:52.374595-08
1545	0	32	t	18	2024-02-06 07:54:52.374611-08
1546	1	32	f	16	2024-02-06 07:54:52.374621-08
1547	1	32	f	19	2024-02-06 07:54:52.374629-08
1548	1	32	f	31	2024-02-06 07:54:52.374639-08
1549	2	32	f	40	2024-02-06 07:54:52.374647-08
1550	1	32	f	5	2024-02-06 07:54:52.374656-08
1551	1	32	f	33	2024-02-06 07:54:52.374669-08
1552	1	33	f	40	2024-02-06 09:19:32.161144-08
1553	1	33	f	1	2024-02-06 09:19:32.162836-08
1554	1	33	f	27	2024-02-06 09:19:32.162857-08
1555	-1	33	f	44	2024-02-06 09:19:32.162874-08
1556	-1	33	f	34	2024-02-06 09:19:32.162949-08
1557	-1	33	f	15	2024-02-06 09:19:32.162957-08
1558	-1	33	f	14	2024-02-06 09:19:32.162964-08
1559	-1	33	f	22	2024-02-06 09:19:32.162971-08
1560	-1	33	f	13	2024-02-06 09:19:32.162984-08
1561	-1	33	f	45	2024-02-06 09:19:32.16299-08
1562	-1	33	f	32	2024-02-06 09:19:32.162999-08
1563	-1	33	f	50	2024-02-06 09:19:32.163009-08
1564	-1	33	f	37	2024-02-06 09:19:32.16302-08
1565	-1	33	f	43	2024-02-06 09:19:32.163028-08
1566	-1	33	f	49	2024-02-06 09:19:32.163035-08
1567	-1	33	f	6	2024-02-06 09:19:32.163046-08
1568	-1	33	f	28	2024-02-06 09:19:32.163052-08
1569	-1	33	f	3	2024-02-06 09:19:32.163062-08
1570	-1	33	f	26	2024-02-06 09:19:32.163068-08
1571	-1	33	f	10	2024-02-06 09:19:32.163074-08
1572	-1	33	f	5	2024-02-06 09:19:32.16308-08
1573	-1	33	f	12	2024-02-06 09:19:32.163086-08
1574	-1	33	f	48	2024-02-06 09:19:32.163092-08
1575	-1	33	f	36	2024-02-06 09:19:32.163101-08
1576	-1	33	f	39	2024-02-06 09:19:32.163107-08
1577	-1	33	f	20	2024-02-06 09:19:32.163113-08
1578	-1	33	f	21	2024-02-06 09:19:32.16312-08
1579	-1	33	f	7	2024-02-06 09:19:32.838441-08
1580	-1	33	f	51	2024-02-06 09:19:32.838487-08
1581	-1	33	f	2	2024-02-06 09:19:32.838524-08
1582	-1	33	f	46	2024-02-06 09:19:32.838532-08
1583	-1	33	f	38	2024-02-06 09:19:32.838541-08
1584	-1	33	f	25	2024-02-06 09:19:32.838546-08
1585	-1	33	f	8	2024-02-06 09:19:32.838558-08
1586	-1	33	f	31	2024-02-06 09:19:32.838563-08
1587	-1	33	f	24	2024-02-06 09:19:32.838569-08
1588	-1	33	f	4	2024-02-06 09:19:32.83858-08
1589	-1	33	f	23	2024-02-06 09:19:32.838585-08
1590	-1	33	f	47	2024-02-06 09:19:32.838589-08
1591	-1	33	f	16	2024-02-06 09:19:32.8386-08
1592	-1	33	f	41	2024-02-06 09:19:32.838605-08
1593	-1	33	f	17	2024-02-06 09:19:32.838615-08
1594	-1	33	f	42	2024-02-06 09:19:32.838623-08
1595	-1	33	f	18	2024-02-06 09:19:32.838628-08
1596	-1	33	f	33	2024-02-06 09:19:32.838637-08
1597	-1	33	f	11	2024-02-06 09:19:32.838643-08
1598	-1	33	f	30	2024-02-06 09:19:32.838648-08
1599	-1	33	f	9	2024-02-06 09:19:32.838653-08
1600	-1	33	f	19	2024-02-06 09:19:32.838657-08
1601	-1	33	f	35	2024-02-06 09:19:32.838674-08
1602	-1	34	f	19	2024-02-06 09:53:54.63302-08
1603	-1	34	f	1	2024-02-06 09:53:54.633043-08
1604	-1	34	f	50	2024-02-06 09:53:54.633056-08
1605	-1	34	f	35	2024-02-06 09:53:54.633064-08
1606	-1	34	f	6	2024-02-06 09:53:54.633069-08
1607	-1	34	f	49	2024-02-06 09:53:54.633079-08
1608	-1	34	f	45	2024-02-06 09:53:54.633083-08
1609	-1	34	f	33	2024-02-06 09:53:54.633085-08
1610	-1	34	f	14	2024-02-06 09:53:54.633092-08
1611	-1	34	f	15	2024-02-06 09:53:54.633095-08
1612	-1	34	f	30	2024-02-06 09:53:54.633099-08
1613	-1	34	f	38	2024-02-06 09:53:54.633104-08
1614	-1	34	f	20	2024-02-06 09:53:54.633117-08
1615	-1	34	f	28	2024-02-06 09:53:54.633121-08
1616	-1	34	f	12	2024-02-06 09:53:54.633124-08
1617	-1	34	f	27	2024-02-06 09:53:54.633126-08
1618	-1	34	f	22	2024-02-06 09:53:54.633128-08
1619	-1	34	f	17	2024-02-06 09:53:54.633137-08
1620	-1	34	f	4	2024-02-06 09:53:54.63314-08
1621	-1	34	f	23	2024-02-06 09:53:54.633142-08
1622	-1	34	f	43	2024-02-06 09:53:54.633145-08
1623	-1	34	f	10	2024-02-06 09:53:54.633148-08
1624	-1	34	f	36	2024-02-06 09:53:54.633154-08
1625	-1	34	f	47	2024-02-06 09:53:54.633157-08
1626	-1	34	f	32	2024-02-06 09:53:54.63316-08
1627	-1	34	f	44	2024-02-06 09:53:54.633164-08
1628	-1	34	f	2	2024-02-06 09:53:54.633438-08
1629	-1	34	f	18	2024-02-06 09:53:54.633444-08
1630	-1	34	f	3	2024-02-06 09:53:54.633447-08
1631	-1	34	f	51	2024-02-06 09:53:54.63345-08
1632	-1	34	f	13	2024-02-06 09:53:54.633454-08
1633	-1	34	f	24	2024-02-06 09:53:54.633457-08
1634	-1	34	f	37	2024-02-06 09:53:54.633465-08
1635	-1	34	f	31	2024-02-06 09:53:54.633468-08
1636	-1	34	f	40	2024-02-06 09:53:54.633471-08
1637	-1	34	f	16	2024-02-06 09:53:54.633474-08
1638	-1	34	f	11	2024-02-06 09:53:54.633476-08
1639	-1	34	f	42	2024-02-06 09:53:54.633484-08
1640	-1	34	f	7	2024-02-06 09:53:54.633487-08
1641	-1	34	f	5	2024-02-06 09:53:54.633489-08
1642	-1	34	f	34	2024-02-06 09:53:54.633492-08
1643	-1	34	f	39	2024-02-06 09:53:54.633495-08
1644	-1	34	f	46	2024-02-06 09:53:54.633498-08
1645	-1	34	f	8	2024-02-06 09:53:54.633504-08
1646	-1	34	f	48	2024-02-06 09:53:54.633507-08
1647	-1	34	f	41	2024-02-06 09:53:54.633509-08
1648	-1	34	f	26	2024-02-06 09:53:54.633512-08
1649	-1	34	f	25	2024-02-06 09:53:54.633515-08
1650	-1	34	f	29	2024-02-06 09:53:54.633521-08
1651	-1	34	f	9	2024-02-06 09:53:54.633524-08
1652	-1	35	f	37	2024-02-06 09:58:54.468016-08
1653	-1	35	f	23	2024-02-06 09:58:54.468036-08
1654	-1	35	f	46	2024-02-06 09:58:54.468041-08
1655	-1	35	f	28	2024-02-06 09:58:54.468044-08
1656	-1	35	f	49	2024-02-06 09:58:54.468048-08
1657	-1	35	f	13	2024-02-06 09:58:54.468057-08
1658	-1	35	f	21	2024-02-06 09:58:54.468061-08
1659	-1	35	f	15	2024-02-06 09:58:54.468064-08
1660	-1	35	f	36	2024-02-06 09:58:54.468067-08
1661	-1	35	f	30	2024-02-06 09:58:54.46807-08
1662	-1	35	f	34	2024-02-06 09:58:54.468075-08
1663	-1	35	f	27	2024-02-06 09:58:54.468078-08
1664	-1	35	f	44	2024-02-06 09:58:54.468081-08
1665	-1	35	f	38	2024-02-06 09:58:54.468089-08
1666	-1	35	f	32	2024-02-06 09:58:54.468092-08
1667	-1	35	f	10	2024-02-06 09:58:54.468103-08
1668	-1	35	f	11	2024-02-06 09:58:54.468106-08
1669	-1	35	f	1	2024-02-06 09:58:54.468109-08
1670	-1	35	f	3	2024-02-06 09:58:54.468112-08
1671	-1	35	f	22	2024-02-06 09:58:54.468114-08
1672	-1	35	f	33	2024-02-06 09:58:54.468125-08
1673	-1	35	f	12	2024-02-06 09:58:54.46813-08
1674	-1	35	f	16	2024-02-06 09:58:54.468132-08
1675	-1	35	f	26	2024-02-06 09:58:54.468135-08
1676	-1	35	f	42	2024-02-06 09:58:54.468142-08
1677	-1	35	f	43	2024-02-06 09:58:54.468146-08
1678	-1	35	f	14	2024-02-06 09:58:54.468461-08
1679	-1	35	f	19	2024-02-06 09:58:54.468464-08
1680	-1	35	f	9	2024-02-06 09:58:54.468466-08
1681	-1	35	f	17	2024-02-06 09:58:54.468471-08
1682	-1	35	f	51	2024-02-06 09:58:54.468478-08
1683	-1	35	f	50	2024-02-06 09:58:54.468482-08
1684	-1	35	f	31	2024-02-06 09:58:54.468484-08
1685	-1	35	f	47	2024-02-06 09:58:54.468487-08
1686	-1	35	f	7	2024-02-06 09:58:54.468494-08
1687	-1	35	f	35	2024-02-06 09:58:54.468496-08
1688	-1	35	f	24	2024-02-06 09:58:54.468498-08
1689	-1	35	f	5	2024-02-06 09:58:54.4685-08
1690	-1	35	f	20	2024-02-06 09:58:54.468502-08
1691	-1	35	f	4	2024-02-06 09:58:54.468508-08
1692	-1	35	f	6	2024-02-06 09:58:54.46851-08
1693	-1	35	f	41	2024-02-06 09:58:54.468512-08
1694	-1	35	f	48	2024-02-06 09:58:54.468515-08
1695	-1	35	f	39	2024-02-06 09:58:54.468517-08
1696	-1	35	f	2	2024-02-06 09:58:54.468519-08
1697	-1	35	f	40	2024-02-06 09:58:54.468524-08
1698	-1	35	f	45	2024-02-06 09:58:54.468526-08
1699	-1	35	f	8	2024-02-06 09:58:54.468528-08
1700	-1	35	f	25	2024-02-06 09:58:54.46853-08
1701	-1	35	f	18	2024-02-06 09:58:54.468531-08
1702	1	36	f	14	2024-02-06 10:13:53.075728-08
1703	-1	36	f	34	2024-02-06 10:13:53.075743-08
1704	-1	36	f	46	2024-02-06 10:13:53.075747-08
1705	-1	36	f	47	2024-02-06 10:13:53.075749-08
1706	-1	36	f	31	2024-02-06 10:13:53.075758-08
1707	-1	36	f	2	2024-02-06 10:13:53.075761-08
1708	-1	36	f	7	2024-02-06 10:13:53.075763-08
1709	-1	36	f	23	2024-02-06 10:13:53.075765-08
1710	-1	36	f	15	2024-02-06 10:13:53.075767-08
1711	-1	36	f	5	2024-02-06 10:13:53.075769-08
1712	-1	36	f	9	2024-02-06 10:13:53.075775-08
1713	-1	36	f	42	2024-02-06 10:13:53.075777-08
1714	-1	36	f	16	2024-02-06 10:13:53.075784-08
1715	-1	36	f	51	2024-02-06 10:13:53.075786-08
1716	-1	36	f	43	2024-02-06 10:13:53.075789-08
1717	-1	36	f	40	2024-02-06 10:13:53.075795-08
1718	-1	36	f	30	2024-02-06 10:13:53.075797-08
1719	-1	36	f	6	2024-02-06 10:13:53.075799-08
1720	-1	36	f	44	2024-02-06 10:13:53.075801-08
1721	-1	36	f	17	2024-02-06 10:13:53.075804-08
1722	-1	36	f	3	2024-02-06 10:13:53.075806-08
1723	-1	36	f	39	2024-02-06 10:13:53.075812-08
1724	-1	36	f	24	2024-02-06 10:13:53.075814-08
1725	-1	36	f	28	2024-02-06 10:13:53.075816-08
1726	-1	36	f	36	2024-02-06 10:13:53.075818-08
1727	-1	36	f	8	2024-02-06 10:13:53.07582-08
1728	-1	36	f	48	2024-02-06 10:13:53.075822-08
1729	-1	36	f	32	2024-02-06 10:13:53.075828-08
1730	-1	36	f	25	2024-02-06 10:13:53.080465-08
1731	-1	36	f	4	2024-02-06 10:13:53.08047-08
1732	-1	36	f	38	2024-02-06 10:13:53.080473-08
1733	-1	36	f	11	2024-02-06 10:13:53.080475-08
1734	-1	36	f	49	2024-02-06 10:13:53.080477-08
1735	-1	36	f	22	2024-02-06 10:13:53.080484-08
1736	-1	36	f	33	2024-02-06 10:13:53.080487-08
1737	-1	36	f	27	2024-02-06 10:13:53.080491-08
1738	-1	36	f	19	2024-02-06 10:13:53.080493-08
1739	-1	36	f	26	2024-02-06 10:13:53.080495-08
1740	-1	36	f	45	2024-02-06 10:13:53.0805-08
1741	-1	36	f	1	2024-02-06 10:13:53.080502-08
1742	-1	36	f	13	2024-02-06 10:13:53.080504-08
1743	-1	36	f	12	2024-02-06 10:13:53.080506-08
1744	-1	36	f	18	2024-02-06 10:13:53.080508-08
1745	-1	36	f	50	2024-02-06 10:13:53.08051-08
1746	-1	36	f	10	2024-02-06 10:13:53.080515-08
1747	-1	36	f	29	2024-02-06 10:13:53.080517-08
1748	-1	36	f	41	2024-02-06 10:13:53.080519-08
1749	-1	36	f	35	2024-02-06 10:13:53.080523-08
1750	-1	36	f	37	2024-02-06 10:13:53.080525-08
1751	-1	36	f	21	2024-02-06 10:13:53.080533-08
1752	1	37	f	12	2024-02-07 13:47:28.507857-08
1753	-1	37	f	32	2024-02-07 13:47:28.509688-08
1754	2	37	f	6	2024-02-07 13:47:28.509774-08
1755	2	37	f	38	2024-02-07 13:47:28.509777-08
1756	-1	37	f	1	2024-02-07 13:47:28.50978-08
1757	-1	37	f	25	2024-02-07 13:47:28.509782-08
1758	-1	37	f	30	2024-02-07 13:47:28.509785-08
1759	-1	37	f	40	2024-02-07 13:47:28.509787-08
1760	-1	37	f	10	2024-02-07 13:47:28.509792-08
1761	-1	37	f	48	2024-02-07 13:47:28.509795-08
1762	-1	37	f	7	2024-02-07 13:47:28.509797-08
1763	-1	37	f	22	2024-02-07 13:47:28.509799-08
1764	-1	37	f	39	2024-02-07 13:47:28.509801-08
1765	-1	37	f	13	2024-02-07 13:47:28.509803-08
1766	-1	37	f	31	2024-02-07 13:47:28.509809-08
1767	-1	37	f	2	2024-02-07 13:47:28.509811-08
1768	-1	37	f	49	2024-02-07 13:47:28.509813-08
1769	-1	37	f	16	2024-02-07 13:47:28.509816-08
1770	-1	37	f	4	2024-02-07 13:47:28.509818-08
1771	-1	37	f	45	2024-02-07 13:47:28.50982-08
1772	-1	37	f	37	2024-02-07 13:47:28.509822-08
1773	-1	37	f	23	2024-02-07 13:47:28.510366-08
1774	-1	37	f	41	2024-02-07 13:47:28.510369-08
1775	-1	37	f	42	2024-02-07 13:47:28.510374-08
1776	-1	37	f	8	2024-02-07 13:47:28.510378-08
1777	-1	37	f	24	2024-02-07 13:47:28.51038-08
1778	-1	37	f	51	2024-02-07 13:47:28.510385-08
1779	-1	37	f	3	2024-02-07 13:47:28.510389-08
1780	-1	37	f	5	2024-02-07 13:47:28.510391-08
1781	-1	37	f	33	2024-02-07 13:47:28.513465-08
1782	-1	37	f	9	2024-02-07 13:47:28.513476-08
1783	-1	37	f	43	2024-02-07 13:47:28.513483-08
1784	-1	37	f	21	2024-02-07 13:47:28.513486-08
1785	-1	37	f	19	2024-02-07 13:47:28.513489-08
1786	-1	37	f	27	2024-02-07 13:47:28.513492-08
1787	-1	37	f	47	2024-02-07 13:47:28.513498-08
1788	-1	37	f	35	2024-02-07 13:47:28.513501-08
1789	-1	37	f	36	2024-02-07 13:47:28.513504-08
1790	-1	37	f	34	2024-02-07 13:47:28.513506-08
1791	-1	37	f	20	2024-02-07 13:47:28.513509-08
1792	-1	37	f	50	2024-02-07 13:47:28.513515-08
1793	-1	37	f	44	2024-02-07 13:47:28.513518-08
1794	-1	37	f	26	2024-02-07 13:47:28.513523-08
1795	-1	37	f	46	2024-02-07 13:47:28.513526-08
1796	-1	37	f	17	2024-02-07 13:47:28.513529-08
1797	-1	37	f	11	2024-02-07 13:47:28.513534-08
1798	-1	37	f	14	2024-02-07 13:47:28.513537-08
1799	-1	37	f	18	2024-02-07 13:47:28.513539-08
1800	-1	37	f	28	2024-02-07 13:47:28.513542-08
1801	-1	37	f	15	2024-02-07 13:47:28.513545-08
1802	1	38	f	5	2024-02-09 03:42:33.068177-08
1803	1	38	f	36	2024-02-09 03:42:33.069574-08
1804	1	38	f	37	2024-02-09 03:42:33.069592-08
1805	1	38	f	14	2024-02-09 03:42:33.069607-08
1806	0	38	t	33	2024-02-09 03:42:33.069615-08
1807	0	38	t	44	2024-02-09 03:42:33.069643-08
1808	0	38	t	28	2024-02-09 03:42:33.069656-08
1809	0	38	t	19	2024-02-09 03:42:33.069664-08
1810	0	38	t	42	2024-02-09 03:42:33.069672-08
1811	0	38	t	40	2024-02-09 03:42:33.06968-08
1812	0	38	t	51	2024-02-09 03:42:33.069688-08
1813	0	38	t	41	2024-02-09 03:42:33.069698-08
1814	0	38	t	11	2024-02-09 03:42:33.069706-08
1815	0	38	t	8	2024-02-09 03:42:33.069713-08
1816	0	38	t	12	2024-02-09 03:42:33.06972-08
1817	0	38	t	15	2024-02-09 03:42:33.069729-08
1818	0	38	t	22	2024-02-09 03:42:33.069736-08
1819	0	38	t	47	2024-02-09 03:42:33.069749-08
1820	0	38	t	43	2024-02-09 03:42:33.069758-08
1821	0	38	t	46	2024-02-09 03:42:33.069767-08
1822	0	38	t	27	2024-02-09 03:42:33.069775-08
1823	0	38	t	13	2024-02-09 03:42:33.069782-08
1824	0	38	t	9	2024-02-09 03:42:33.069792-08
1825	0	38	t	50	2024-02-09 03:42:33.069798-08
1826	0	38	t	4	2024-02-09 03:42:33.069806-08
1827	0	38	t	20	2024-02-09 03:42:33.069812-08
1828	0	38	t	48	2024-02-09 03:42:33.071892-08
1829	0	38	t	1	2024-02-09 03:42:33.071906-08
1830	0	38	t	21	2024-02-09 03:42:33.071921-08
1831	0	38	t	18	2024-02-09 03:42:33.071932-08
1832	0	38	t	30	2024-02-09 03:42:33.071943-08
1833	0	38	t	7	2024-02-09 03:42:33.071952-08
1834	0	38	t	26	2024-02-09 03:42:33.07196-08
1835	0	38	t	25	2024-02-09 03:42:33.071974-08
1836	0	38	t	16	2024-02-09 03:42:33.071983-08
1837	0	38	t	34	2024-02-09 03:42:33.071992-08
1838	0	38	t	32	2024-02-09 03:42:33.072002-08
1839	0	38	t	6	2024-02-09 03:42:33.072016-08
1840	0	38	t	23	2024-02-09 03:42:33.072031-08
1841	0	38	t	38	2024-02-09 03:42:33.072041-08
1842	0	38	t	39	2024-02-09 03:42:33.07205-08
1843	0	38	t	29	2024-02-09 03:42:33.072059-08
1844	0	38	t	10	2024-02-09 03:42:33.072069-08
1845	0	38	t	3	2024-02-09 03:42:33.072077-08
1846	0	38	t	31	2024-02-09 03:42:33.072091-08
1847	0	38	t	35	2024-02-09 03:42:33.0721-08
1848	0	38	t	24	2024-02-09 03:42:33.07211-08
1849	0	38	t	45	2024-02-09 03:42:33.072119-08
1850	0	38	t	17	2024-02-09 03:42:33.072128-08
1851	0	38	t	2	2024-02-09 03:42:33.072137-08
1852	0	39	t	7	2024-02-10 03:46:44.39091-08
1853	1	39	f	29	2024-02-10 03:46:44.392544-08
1854	-1	39	f	42	2024-02-10 03:46:44.392563-08
1855	-1	39	f	19	2024-02-10 03:46:44.39261-08
1856	1	39	f	49	2024-02-10 03:46:44.39262-08
1857	-1	39	f	35	2024-02-10 03:46:44.39263-08
1858	-1	39	f	44	2024-02-10 03:46:44.392638-08
1859	-1	39	f	9	2024-02-10 03:46:44.392647-08
1860	-1	39	f	1	2024-02-10 03:46:44.392657-08
1861	-1	39	f	46	2024-02-10 03:46:44.392664-08
1862	-1	39	f	25	2024-02-10 03:46:44.392672-08
1863	-1	39	f	5	2024-02-10 03:46:44.39268-08
1864	-1	39	f	40	2024-02-10 03:46:44.392687-08
1865	-1	39	f	21	2024-02-10 03:46:44.392695-08
1866	-1	39	f	36	2024-02-10 03:46:44.392705-08
1867	-1	39	f	8	2024-02-10 03:46:44.392715-08
1868	-1	39	f	13	2024-02-10 03:46:44.392721-08
1869	-1	39	f	30	2024-02-10 03:46:44.392729-08
1870	-1	39	f	10	2024-02-10 03:46:44.392736-08
1871	-1	39	f	4	2024-02-10 03:46:44.392748-08
1872	-1	39	f	39	2024-02-10 03:46:44.392754-08
1873	-1	39	f	14	2024-02-10 03:46:44.392761-08
1874	-1	39	f	26	2024-02-10 03:46:44.392768-08
1875	-1	39	f	45	2024-02-10 03:46:44.392777-08
1876	-1	39	f	32	2024-02-10 03:46:44.392783-08
1877	-1	39	f	38	2024-02-10 03:46:44.392796-08
1878	0	39	t	51	2024-02-10 03:46:44.392803-08
1879	-1	39	f	22	2024-02-10 03:46:44.392811-08
1880	-1	39	f	31	2024-02-10 03:46:44.392912-08
1881	-1	39	f	27	2024-02-10 03:46:44.392921-08
1882	-1	39	f	2	2024-02-10 03:46:44.392932-08
1883	-1	39	f	34	2024-02-10 03:46:44.39294-08
1884	-1	39	f	6	2024-02-10 03:46:44.392948-08
1885	-1	39	f	28	2024-02-10 03:46:44.392955-08
1886	-1	39	f	33	2024-02-10 03:46:44.392962-08
1887	-1	39	f	47	2024-02-10 03:46:44.392976-08
1888	-1	39	f	18	2024-02-10 03:46:44.392984-08
1889	-1	39	f	41	2024-02-10 03:46:44.392992-08
1890	-1	39	f	20	2024-02-10 03:46:44.393-08
1891	-1	39	f	23	2024-02-10 03:46:44.393011-08
1892	-1	39	f	15	2024-02-10 03:46:44.393018-08
1893	-1	39	f	43	2024-02-10 03:46:44.393025-08
1894	-1	39	f	24	2024-02-10 03:46:44.393033-08
1895	-1	39	f	17	2024-02-10 03:46:44.39304-08
1896	-1	39	f	12	2024-02-10 03:46:44.39305-08
1897	-1	39	f	37	2024-02-10 03:46:44.393058-08
1898	-1	39	f	11	2024-02-10 03:46:44.393065-08
1899	-1	39	f	3	2024-02-10 03:46:44.393072-08
1900	-1	39	f	48	2024-02-10 03:46:44.393079-08
1901	-1	39	f	50	2024-02-10 03:46:44.393086-08
1902	0	40	t	1	2024-02-10 03:48:08.750771-08
1903	0	40	t	6	2024-02-10 03:48:08.750794-08
1904	0	40	t	42	2024-02-10 03:48:08.750809-08
1905	0	40	t	11	2024-02-10 03:48:08.750896-08
1906	0	40	t	16	2024-02-10 03:48:08.750906-08
1907	0	40	t	46	2024-02-10 03:48:08.750913-08
1908	0	40	t	45	2024-02-10 03:48:08.750918-08
1909	0	40	t	24	2024-02-10 03:48:08.750929-08
1910	0	40	t	19	2024-02-10 03:48:08.750935-08
1911	0	40	t	22	2024-02-10 03:48:08.75094-08
1912	0	40	t	5	2024-02-10 03:48:08.750951-08
1913	0	40	t	32	2024-02-10 03:48:08.750955-08
1914	0	40	t	8	2024-02-10 03:48:08.750968-08
1915	0	40	t	34	2024-02-10 03:48:08.750973-08
1916	0	40	t	18	2024-02-10 03:48:08.750978-08
1917	0	40	t	38	2024-02-10 03:48:08.750989-08
1918	0	40	t	7	2024-02-10 03:48:08.750994-08
1919	0	40	t	47	2024-02-10 03:48:08.751002-08
1920	0	40	t	14	2024-02-10 03:48:08.751007-08
1921	0	40	t	27	2024-02-10 03:48:08.751012-08
1922	0	40	t	26	2024-02-10 03:48:08.751016-08
1923	0	40	t	51	2024-02-10 03:48:08.751021-08
1924	0	40	t	37	2024-02-10 03:48:08.75103-08
1925	0	40	t	13	2024-02-10 03:48:08.751035-08
1926	0	40	t	29	2024-02-10 03:48:08.751039-08
1927	0	40	t	33	2024-02-10 03:48:08.751044-08
1928	0	40	t	44	2024-02-10 03:48:08.751088-08
1929	0	40	t	41	2024-02-10 03:48:08.751099-08
1930	0	40	t	23	2024-02-10 03:48:08.751105-08
1931	0	40	t	9	2024-02-10 03:48:08.75111-08
1932	0	40	t	50	2024-02-10 03:48:08.75112-08
1933	0	40	t	35	2024-02-10 03:48:08.751125-08
1934	0	40	t	20	2024-02-10 03:48:08.751133-08
1935	0	40	t	4	2024-02-10 03:48:08.751138-08
1936	0	40	t	31	2024-02-10 03:48:08.751142-08
1937	0	40	t	17	2024-02-10 03:48:08.751146-08
1938	0	40	t	40	2024-02-10 03:48:08.75115-08
1939	0	40	t	21	2024-02-10 03:48:08.751154-08
1940	0	40	t	2	2024-02-10 03:48:08.751162-08
1941	0	40	t	12	2024-02-10 03:48:08.751167-08
1942	0	40	t	36	2024-02-10 03:48:08.751171-08
1943	0	40	t	3	2024-02-10 03:48:08.751175-08
1944	0	40	t	28	2024-02-10 03:48:08.75118-08
1945	0	40	t	25	2024-02-10 03:48:08.751186-08
1946	0	40	t	43	2024-02-10 03:48:08.75119-08
1947	1	40	f	49	2024-02-10 03:48:08.751195-08
1948	0	40	t	39	2024-02-10 03:48:08.751199-08
1949	0	40	t	48	2024-02-10 03:48:08.751204-08
1950	2	40	f	15	2024-02-10 03:48:08.751213-08
1951	1	40	f	30	2024-02-10 03:48:08.751217-08
1952	0	41	t	3	2024-02-10 04:01:35.759964-08
1953	0	41	t	33	2024-02-10 04:01:35.759986-08
1954	-1	41	f	14	2024-02-10 04:01:35.759999-08
1955	-1	41	f	34	2024-02-10 04:01:35.760007-08
1956	-1	41	f	7	2024-02-10 04:01:35.760017-08
1957	-1	41	f	32	2024-02-10 04:01:35.760024-08
1958	-1	41	f	13	2024-02-10 04:01:35.760029-08
1959	-1	41	f	15	2024-02-10 04:01:35.760034-08
1960	-1	41	f	19	2024-02-10 04:01:35.760038-08
1961	-1	41	f	48	2024-02-10 04:01:35.760046-08
1962	-1	41	f	24	2024-02-10 04:01:35.760055-08
1963	-1	41	f	8	2024-02-10 04:01:35.760059-08
1964	0	41	t	38	2024-02-10 04:01:35.760062-08
1965	0	41	t	30	2024-02-10 04:01:35.760066-08
1966	-1	41	f	29	2024-02-10 04:01:35.76007-08
1967	-1	41	f	20	2024-02-10 04:01:35.760078-08
1968	-1	41	f	17	2024-02-10 04:01:35.760086-08
1969	-1	41	f	44	2024-02-10 04:01:35.76009-08
1970	2	41	f	36	2024-02-10 04:01:35.760094-08
1971	-1	41	f	42	2024-02-10 04:01:35.760098-08
1972	-1	41	f	46	2024-02-10 04:01:35.760106-08
1973	-1	41	f	51	2024-02-10 04:01:35.760109-08
1974	-1	41	f	31	2024-02-10 04:01:35.760113-08
1975	-1	41	f	41	2024-02-10 04:01:35.760117-08
1976	-1	41	f	5	2024-02-10 04:01:35.760121-08
1977	-1	41	f	9	2024-02-10 04:01:35.760128-08
1978	-1	41	f	50	2024-02-10 04:01:35.760141-08
1979	-1	41	f	26	2024-02-10 04:01:35.760145-08
1980	-1	41	f	39	2024-02-10 04:01:35.760149-08
1981	-1	41	f	10	2024-02-10 04:01:35.760153-08
1982	-1	41	f	18	2024-02-10 04:01:35.760162-08
1983	-1	41	f	1	2024-02-10 04:01:35.76017-08
1984	-1	41	f	23	2024-02-10 04:01:35.760173-08
1985	-1	41	f	35	2024-02-10 04:01:35.760177-08
1986	-1	41	f	12	2024-02-10 04:01:35.76018-08
1987	-1	41	f	6	2024-02-10 04:01:35.760184-08
1988	-1	41	f	25	2024-02-10 04:01:35.760187-08
1989	-1	41	f	45	2024-02-10 04:01:35.760196-08
1990	-1	41	f	28	2024-02-10 04:01:35.760199-08
1991	-1	41	f	22	2024-02-10 04:01:35.760202-08
1992	-1	41	f	21	2024-02-10 04:01:35.760206-08
1993	-1	41	f	11	2024-02-10 04:01:35.760209-08
1994	-1	41	f	27	2024-02-10 04:01:35.760217-08
1995	-1	41	f	37	2024-02-10 04:01:35.76022-08
1996	-1	41	f	43	2024-02-10 04:01:35.760224-08
1997	-1	41	f	4	2024-02-10 04:01:35.760227-08
1998	-1	41	f	49	2024-02-10 04:01:35.76023-08
1999	-1	41	f	47	2024-02-10 04:01:35.760234-08
2000	-1	41	f	16	2024-02-10 04:01:35.760241-08
2001	-1	41	f	40	2024-02-10 04:01:35.760244-08
2002	1	42	f	17	2024-02-10 06:03:09.648882-08
2003	-1	42	f	49	2024-02-10 06:03:09.648898-08
2004	-1	42	f	28	2024-02-10 06:03:09.648904-08
2005	-1	42	f	8	2024-02-10 06:03:09.648908-08
2006	-1	42	f	32	2024-02-10 06:03:09.648911-08
2007	-1	42	f	23	2024-02-10 06:03:09.648922-08
2008	-1	42	f	31	2024-02-10 06:03:09.648925-08
2009	-1	42	f	27	2024-02-10 06:03:09.648927-08
2010	-1	42	f	30	2024-02-10 06:03:09.648929-08
2011	-1	42	f	39	2024-02-10 06:03:09.648932-08
2012	-1	42	f	5	2024-02-10 06:03:09.648937-08
2013	-1	42	f	50	2024-02-10 06:03:09.64894-08
2014	-1	42	f	44	2024-02-10 06:03:09.648943-08
2015	-1	42	f	16	2024-02-10 06:03:09.648946-08
2016	-1	42	f	4	2024-02-10 06:03:09.648949-08
2017	-1	42	f	10	2024-02-10 06:03:09.648954-08
2018	-1	42	f	42	2024-02-10 06:03:09.648957-08
2019	-1	42	f	11	2024-02-10 06:03:09.64896-08
2020	-1	42	f	3	2024-02-10 06:03:09.648963-08
2021	-1	42	f	37	2024-02-10 06:03:09.648965-08
2022	-1	42	f	19	2024-02-10 06:03:09.648968-08
2023	-1	42	f	26	2024-02-10 06:03:09.648974-08
2024	-1	42	f	46	2024-02-10 06:03:09.648977-08
2025	-1	42	f	22	2024-02-10 06:03:09.648979-08
2026	-1	42	f	2	2024-02-10 06:03:09.648982-08
2027	-1	42	f	41	2024-02-10 06:03:09.648985-08
2028	-1	42	f	51	2024-02-10 06:03:09.648992-08
2029	-1	42	f	35	2024-02-10 06:03:09.651844-08
2030	-1	42	f	38	2024-02-10 06:03:09.65185-08
2031	-1	42	f	33	2024-02-10 06:03:09.651852-08
2032	-1	42	f	21	2024-02-10 06:03:09.651862-08
2033	-1	42	f	6	2024-02-10 06:03:09.651865-08
2034	-1	42	f	9	2024-02-10 06:03:09.651872-08
2035	-1	42	f	20	2024-02-10 06:03:09.651874-08
2036	-1	42	f	43	2024-02-10 06:03:09.651879-08
2037	-1	42	f	12	2024-02-10 06:03:09.651882-08
2038	-1	42	f	18	2024-02-10 06:03:09.651883-08
2039	-1	42	f	1	2024-02-10 06:03:09.651885-08
2040	-1	42	f	36	2024-02-10 06:03:09.651887-08
2041	-1	42	f	29	2024-02-10 06:03:09.651892-08
2042	-1	42	f	15	2024-02-10 06:03:09.651894-08
2043	-1	42	f	34	2024-02-10 06:03:09.651896-08
2044	-1	42	f	48	2024-02-10 06:03:09.651898-08
2045	-1	42	f	45	2024-02-10 06:03:09.6519-08
2046	-1	42	f	25	2024-02-10 06:03:09.651902-08
2047	-1	42	f	7	2024-02-10 06:03:09.651906-08
2048	-1	42	f	14	2024-02-10 06:03:09.651908-08
2049	-1	42	f	24	2024-02-10 06:03:09.651909-08
2050	-1	42	f	40	2024-02-10 06:03:09.651911-08
2051	-1	42	f	47	2024-02-10 06:03:09.651913-08
2052	1	43	f	22	2024-02-10 08:22:21.63379-08
2053	1	43	f	1	2024-02-10 08:22:21.633805-08
2054	1	43	f	33	2024-02-10 08:22:21.633808-08
2055	2	43	f	36	2024-02-10 08:22:21.633822-08
2056	1	43	f	20	2024-02-10 08:22:21.633825-08
2057	1	43	f	7	2024-02-10 08:22:21.633828-08
2058	2	43	f	14	2024-02-10 08:22:21.633832-08
2059	1	43	f	26	2024-02-10 08:22:21.633835-08
2060	1	43	f	46	2024-02-10 08:22:21.633839-08
2061	1	43	f	6	2024-02-10 08:22:21.633843-08
2062	-1	43	f	24	2024-02-10 08:22:21.633846-08
2063	-1	43	f	8	2024-02-10 08:22:21.633849-08
2064	-1	43	f	45	2024-02-10 08:22:21.633851-08
2065	-1	43	f	48	2024-02-10 08:22:21.633854-08
2066	-1	43	f	40	2024-02-10 08:22:21.633857-08
2067	-1	43	f	41	2024-02-10 08:22:21.63386-08
2068	-1	43	f	25	2024-02-10 08:22:21.633864-08
2069	-1	43	f	39	2024-02-10 08:22:21.633867-08
2070	-1	43	f	42	2024-02-10 08:22:21.633869-08
2071	-1	43	f	9	2024-02-10 08:22:21.633937-08
2072	-1	43	f	27	2024-02-10 08:22:21.633942-08
2073	-1	43	f	34	2024-02-10 08:22:21.633946-08
2074	-1	43	f	11	2024-02-10 08:22:21.633951-08
2075	-1	43	f	5	2024-02-10 08:22:21.633957-08
2076	-1	43	f	49	2024-02-10 08:22:21.633961-08
2077	-1	43	f	28	2024-02-10 08:22:21.633967-08
2078	-1	43	f	17	2024-02-10 08:22:21.633972-08
2079	-1	43	f	10	2024-02-10 08:22:21.633976-08
2080	-1	43	f	21	2024-02-10 08:22:21.636063-08
2081	-1	43	f	51	2024-02-10 08:22:21.636067-08
2082	-1	43	f	18	2024-02-10 08:22:21.636073-08
2083	-1	43	f	4	2024-02-10 08:22:21.636075-08
2084	-1	43	f	43	2024-02-10 08:22:21.636077-08
2085	-1	43	f	23	2024-02-10 08:22:21.63608-08
2086	-1	43	f	12	2024-02-10 08:22:21.636082-08
2087	-1	43	f	13	2024-02-10 08:22:21.636085-08
2088	-1	43	f	35	2024-02-10 08:22:21.636086-08
2089	-1	43	f	38	2024-02-10 08:22:21.636089-08
2090	-1	43	f	31	2024-02-10 08:22:21.636091-08
2091	-1	43	f	50	2024-02-10 08:22:21.636092-08
2092	-1	43	f	44	2024-02-10 08:22:21.636097-08
2093	-1	43	f	29	2024-02-10 08:22:21.6361-08
2094	-1	43	f	30	2024-02-10 08:22:21.636103-08
2095	-1	43	f	15	2024-02-10 08:22:21.636104-08
2096	-1	43	f	3	2024-02-10 08:22:21.636106-08
2097	-1	43	f	16	2024-02-10 08:22:21.636108-08
2098	-1	43	f	2	2024-02-10 08:22:21.63611-08
2099	-1	43	f	19	2024-02-10 08:22:21.636112-08
2100	-1	43	f	37	2024-02-10 08:22:21.636114-08
2101	-1	43	f	47	2024-02-10 08:22:21.636116-08
2102	-1	44	f	45	2024-02-10 08:23:36.881439-08
2103	-1	44	f	28	2024-02-10 08:23:36.881453-08
2104	-1	44	f	42	2024-02-10 08:23:36.881457-08
2105	-1	44	f	25	2024-02-10 08:23:36.881494-08
2106	-1	44	f	7	2024-02-10 08:23:36.881497-08
2107	-1	44	f	34	2024-02-10 08:23:36.8815-08
2108	-1	44	f	8	2024-02-10 08:23:36.881503-08
2109	-1	44	f	20	2024-02-10 08:23:36.881505-08
2110	-1	44	f	49	2024-02-10 08:23:36.881509-08
2111	-1	44	f	22	2024-02-10 08:23:36.881512-08
2112	-1	44	f	30	2024-02-10 08:23:36.881515-08
2113	-1	44	f	9	2024-02-10 08:23:36.881518-08
2114	-1	44	f	15	2024-02-10 08:23:36.88152-08
2115	-1	44	f	31	2024-02-10 08:23:36.881523-08
2116	-1	44	f	2	2024-02-10 08:23:36.881526-08
2117	-1	44	f	27	2024-02-10 08:23:36.881529-08
2118	-1	44	f	41	2024-02-10 08:23:36.881531-08
2119	-1	44	f	47	2024-02-10 08:23:36.881535-08
2120	-1	44	f	44	2024-02-10 08:23:36.881538-08
2121	-1	44	f	35	2024-02-10 08:23:36.881544-08
2122	-1	44	f	50	2024-02-10 08:23:36.881547-08
2123	-1	44	f	1	2024-02-10 08:23:36.88155-08
2124	-1	44	f	4	2024-02-10 08:23:36.881552-08
2125	-1	44	f	24	2024-02-10 08:23:36.881555-08
2126	-1	44	f	19	2024-02-10 08:23:36.881557-08
2127	-1	44	f	10	2024-02-10 08:23:36.88156-08
2128	-1	44	f	39	2024-02-10 08:23:36.881563-08
2129	-1	44	f	32	2024-02-10 08:23:36.881565-08
2130	-1	44	f	37	2024-02-10 08:23:36.883446-08
2131	-1	44	f	3	2024-02-10 08:23:36.883451-08
2132	-1	44	f	5	2024-02-10 08:23:36.883453-08
2133	-1	44	f	6	2024-02-10 08:23:36.883456-08
2134	-1	44	f	36	2024-02-10 08:23:36.883458-08
2135	-1	44	f	23	2024-02-10 08:23:36.88346-08
2136	-1	44	f	33	2024-02-10 08:23:36.883462-08
2137	-1	44	f	18	2024-02-10 08:23:36.883467-08
2138	-1	44	f	26	2024-02-10 08:23:36.883469-08
2139	-1	44	f	48	2024-02-10 08:23:36.883472-08
2140	-1	44	f	46	2024-02-10 08:23:36.883474-08
2141	-1	44	f	51	2024-02-10 08:23:36.883476-08
2142	-1	44	f	21	2024-02-10 08:23:36.88348-08
2143	-1	44	f	11	2024-02-10 08:23:36.883482-08
2144	-1	44	f	43	2024-02-10 08:23:36.883484-08
2145	-1	44	f	17	2024-02-10 08:23:36.883486-08
2146	-1	44	f	14	2024-02-10 08:23:36.883488-08
2147	-1	44	f	12	2024-02-10 08:23:36.88349-08
2148	-1	44	f	16	2024-02-10 08:23:36.883492-08
2149	-1	44	f	13	2024-02-10 08:23:36.883494-08
2150	-1	44	f	38	2024-02-10 08:23:36.883495-08
2151	-1	44	f	40	2024-02-10 08:23:36.883497-08
2152	1	45	f	4	2024-02-10 08:23:41.116381-08
2153	1	45	f	43	2024-02-10 08:23:41.116394-08
2154	1	45	f	46	2024-02-10 08:23:41.116401-08
2155	1	45	f	3	2024-02-10 08:23:41.116404-08
2156	1	45	f	5	2024-02-10 08:23:41.116406-08
2157	1	45	f	48	2024-02-10 08:23:41.116408-08
2158	1	45	f	26	2024-02-10 08:23:41.116411-08
2159	-1	45	f	30	2024-02-10 08:23:41.116413-08
2160	-1	45	f	16	2024-02-10 08:23:41.116416-08
2161	-1	45	f	19	2024-02-10 08:23:41.116418-08
2162	-1	45	f	25	2024-02-10 08:23:41.11642-08
2163	-1	45	f	45	2024-02-10 08:23:41.116422-08
2164	-1	45	f	6	2024-02-10 08:23:41.116424-08
2165	-1	45	f	41	2024-02-10 08:23:41.116426-08
2166	-1	45	f	38	2024-02-10 08:23:41.116432-08
2167	-1	45	f	20	2024-02-10 08:23:41.116434-08
2168	-1	45	f	13	2024-02-10 08:23:41.116437-08
2169	-1	45	f	24	2024-02-10 08:23:41.116439-08
2170	-1	45	f	29	2024-02-10 08:23:41.116441-08
2171	-1	45	f	37	2024-02-10 08:23:41.116444-08
2172	-1	45	f	17	2024-02-10 08:23:41.116446-08
2173	-1	45	f	14	2024-02-10 08:23:41.116448-08
2174	-1	45	f	2	2024-02-10 08:23:41.11645-08
2175	-1	45	f	1	2024-02-10 08:23:41.116452-08
2176	-1	45	f	49	2024-02-10 08:23:41.116455-08
2177	-1	45	f	33	2024-02-10 08:23:41.116457-08
2178	-1	45	f	32	2024-02-10 08:23:41.116462-08
2179	-1	45	f	36	2024-02-10 08:23:41.117432-08
2180	-1	45	f	8	2024-02-10 08:23:41.117437-08
2181	-1	45	f	15	2024-02-10 08:23:41.117439-08
2182	-1	45	f	51	2024-02-10 08:23:41.117442-08
2183	-1	45	f	39	2024-02-10 08:23:41.117445-08
2184	-1	45	f	34	2024-02-10 08:23:41.117447-08
2185	-1	45	f	7	2024-02-10 08:23:41.11745-08
2186	-1	45	f	22	2024-02-10 08:23:41.117451-08
2187	-1	45	f	40	2024-02-10 08:23:41.117454-08
2188	-1	45	f	11	2024-02-10 08:23:41.117455-08
2189	-1	45	f	21	2024-02-10 08:23:41.117457-08
2190	-1	45	f	42	2024-02-10 08:23:41.117459-08
2191	-1	45	f	47	2024-02-10 08:23:41.117463-08
2192	-1	45	f	27	2024-02-10 08:23:41.117465-08
2193	-1	45	f	50	2024-02-10 08:23:41.117467-08
2194	-1	45	f	12	2024-02-10 08:23:41.117469-08
2195	-1	45	f	31	2024-02-10 08:23:41.117471-08
2196	-1	45	f	44	2024-02-10 08:23:41.117473-08
2197	-1	45	f	28	2024-02-10 08:23:41.117477-08
2198	-1	45	f	10	2024-02-10 08:23:41.117479-08
2199	-1	45	f	35	2024-02-10 08:23:41.117481-08
2200	-1	45	f	18	2024-02-10 08:23:41.117483-08
2201	-1	45	f	23	2024-02-10 08:23:41.117486-08
2202	2	46	f	39	2024-02-10 08:24:38.064707-08
2203	-1	46	f	26	2024-02-10 08:24:38.064721-08
2204	-1	46	f	30	2024-02-10 08:24:38.064724-08
2205	-1	46	f	50	2024-02-10 08:24:38.064727-08
2206	-1	46	f	31	2024-02-10 08:24:38.064731-08
2207	-1	46	f	42	2024-02-10 08:24:38.064734-08
2208	-1	46	f	48	2024-02-10 08:24:38.064741-08
2209	-1	46	f	14	2024-02-10 08:24:38.064743-08
2210	-1	46	f	10	2024-02-10 08:24:38.064745-08
2211	2	46	f	2	2024-02-10 08:24:38.064747-08
2212	-1	46	f	21	2024-02-10 08:24:38.06475-08
2213	-1	46	f	15	2024-02-10 08:24:38.064753-08
2214	1	46	f	35	2024-02-10 08:24:38.064755-08
2215	-1	46	f	49	2024-02-10 08:24:38.064757-08
2216	-1	46	f	13	2024-02-10 08:24:38.06476-08
2217	-1	46	f	51	2024-02-10 08:24:38.064762-08
2218	-1	46	f	4	2024-02-10 08:24:38.064765-08
2219	-1	46	f	12	2024-02-10 08:24:38.064767-08
2220	-1	46	f	24	2024-02-10 08:24:38.064769-08
2221	-1	46	f	20	2024-02-10 08:24:38.064771-08
2222	-1	46	f	25	2024-02-10 08:24:38.064773-08
2223	-1	46	f	17	2024-02-10 08:24:38.064776-08
2224	2	46	f	37	2024-02-10 08:24:38.064778-08
2225	1	46	f	6	2024-02-10 08:24:38.06478-08
2226	0	46	t	34	2024-02-10 08:24:38.064782-08
2227	-1	46	f	18	2024-02-10 08:24:38.064785-08
2228	-1	46	f	5	2024-02-10 08:24:38.064793-08
2229	-1	46	f	43	2024-02-10 08:24:38.065671-08
2230	-1	46	f	23	2024-02-10 08:24:38.065677-08
2231	-1	46	f	8	2024-02-10 08:24:38.065679-08
2232	-1	46	f	3	2024-02-10 08:24:38.065681-08
2233	-1	46	f	33	2024-02-10 08:24:38.065683-08
2234	-1	46	f	19	2024-02-10 08:24:38.065695-08
2235	-1	46	f	11	2024-02-10 08:24:38.065698-08
2236	-1	46	f	16	2024-02-10 08:24:38.0657-08
2237	-1	46	f	36	2024-02-10 08:24:38.065702-08
2238	-1	46	f	45	2024-02-10 08:24:38.065704-08
2239	-1	46	f	40	2024-02-10 08:24:38.065706-08
2240	-1	46	f	44	2024-02-10 08:24:38.065708-08
2241	-1	46	f	46	2024-02-10 08:24:38.065714-08
2242	-1	46	f	38	2024-02-10 08:24:38.065716-08
2243	-1	46	f	41	2024-02-10 08:24:38.065718-08
2244	-1	46	f	1	2024-02-10 08:24:38.065769-08
2245	-1	46	f	7	2024-02-10 08:24:38.065777-08
2246	-1	46	f	9	2024-02-10 08:24:38.06578-08
2247	-1	46	f	28	2024-02-10 08:24:38.065783-08
2248	-1	46	f	47	2024-02-10 08:24:38.065785-08
2249	-1	46	f	27	2024-02-10 08:24:38.065788-08
2250	-1	46	f	22	2024-02-10 08:24:38.065789-08
2251	1	46	f	29	2024-02-10 08:24:38.065792-08
2252	-1	47	f	9	2024-02-10 08:27:22.830477-08
2253	-1	47	f	16	2024-02-10 08:27:22.830491-08
2254	2	47	f	6	2024-02-10 08:27:22.830494-08
2255	-1	47	f	29	2024-02-10 08:27:22.830497-08
2256	-1	47	f	7	2024-02-10 08:27:22.830505-08
2257	-1	47	f	1	2024-02-10 08:27:22.830507-08
2258	-1	47	f	24	2024-02-10 08:27:22.83051-08
2259	-1	47	f	41	2024-02-10 08:27:22.830513-08
2260	-1	47	f	46	2024-02-10 08:27:22.830523-08
2261	-1	47	f	20	2024-02-10 08:27:22.830527-08
2262	-1	47	f	44	2024-02-10 08:27:22.830529-08
2263	-1	47	f	30	2024-02-10 08:27:22.830535-08
2264	-1	47	f	5	2024-02-10 08:27:22.830538-08
2265	-1	47	f	38	2024-02-10 08:27:22.830541-08
2266	-1	47	f	1	2024-02-10 08:27:22.830543-08
2267	-1	47	f	6	2024-02-10 08:27:22.830545-08
2268	-1	47	f	21	2024-02-10 08:27:22.830548-08
2269	-1	47	f	47	2024-02-10 08:27:22.830551-08
2270	-1	47	f	45	2024-02-10 08:27:22.830554-08
2271	-1	47	f	10	2024-02-10 08:27:22.830557-08
2272	-1	47	f	36	2024-02-10 08:27:22.830559-08
2273	-1	47	f	49	2024-02-10 08:27:22.830562-08
2274	-1	47	f	48	2024-02-10 08:27:22.830565-08
2275	-1	47	f	40	2024-02-10 08:27:22.830567-08
2276	-1	47	f	37	2024-02-10 08:27:22.83057-08
2277	-1	47	f	22	2024-02-10 08:27:22.830573-08
2278	-1	47	f	15	2024-02-10 08:27:22.830576-08
2279	-1	47	f	23	2024-02-10 08:27:22.830578-08
2280	-1	47	f	31	2024-02-10 08:27:22.83211-08
2281	-1	47	f	3	2024-02-10 08:27:22.832116-08
2282	-1	47	f	16	2024-02-10 08:27:22.83212-08
2283	-1	47	f	29	2024-02-10 08:27:22.832123-08
2284	-1	47	f	14	2024-02-10 08:27:22.832127-08
2285	-1	47	f	32	2024-02-10 08:27:22.83213-08
2286	-1	47	f	51	2024-02-10 08:27:22.832143-08
2287	-1	47	f	28	2024-02-10 08:27:22.832149-08
2288	-1	47	f	43	2024-02-10 08:27:22.832153-08
2289	-1	47	f	19	2024-02-10 08:27:22.832157-08
2290	-1	47	f	35	2024-02-10 08:27:22.83216-08
2291	-1	47	f	39	2024-02-10 08:27:22.832164-08
2292	-1	47	f	34	2024-02-10 08:27:22.832167-08
2293	-1	47	f	4	2024-02-10 08:27:22.83217-08
2294	-1	47	f	2	2024-02-10 08:27:22.832173-08
2295	-1	47	f	8	2024-02-10 08:27:22.832177-08
2296	-1	47	f	7	2024-02-10 08:27:22.83218-08
2297	-1	47	f	17	2024-02-10 08:27:22.832183-08
2298	-1	47	f	27	2024-02-10 08:27:22.832186-08
2299	-1	47	f	33	2024-02-10 08:27:22.832189-08
2300	-1	47	f	26	2024-02-10 08:27:22.8322-08
2301	-1	47	f	9	2024-02-10 08:27:22.832203-08
2302	0	48	t	5	2024-02-10 08:35:37.62056-08
2303	0	48	t	37	2024-02-10 08:35:37.620576-08
2304	0	48	t	49	2024-02-10 08:35:37.620582-08
2305	0	48	t	38	2024-02-10 08:35:37.620589-08
2306	0	48	t	6	2024-02-10 08:35:37.620592-08
2307	0	48	t	51	2024-02-10 08:35:37.620595-08
2308	0	48	t	39	2024-02-10 08:35:37.620606-08
2309	0	48	t	27	2024-02-10 08:35:37.620609-08
2310	0	48	t	21	2024-02-10 08:35:37.620611-08
2311	0	48	t	10	2024-02-10 08:35:37.620613-08
2312	0	48	t	4	2024-02-10 08:35:37.620615-08
2313	0	48	t	31	2024-02-10 08:35:37.620669-08
2314	0	48	t	19	2024-02-10 08:35:37.620673-08
2315	0	48	t	12	2024-02-10 08:35:37.620677-08
2316	0	48	t	18	2024-02-10 08:35:37.62068-08
2317	0	48	t	16	2024-02-10 08:35:37.620684-08
2318	0	48	t	46	2024-02-10 08:35:37.620687-08
2319	0	48	t	20	2024-02-10 08:35:37.620693-08
2320	0	48	t	47	2024-02-10 08:35:37.620697-08
2321	0	48	t	23	2024-02-10 08:35:37.6207-08
2322	0	48	t	48	2024-02-10 08:35:37.620702-08
2323	0	48	t	36	2024-02-10 08:35:37.620705-08
2324	0	48	t	30	2024-02-10 08:35:37.620707-08
2325	0	48	t	40	2024-02-10 08:35:37.620709-08
2326	0	48	t	43	2024-02-10 08:35:37.620711-08
2327	0	48	t	11	2024-02-10 08:35:37.620714-08
2328	0	48	t	2	2024-02-10 08:35:37.620716-08
2329	0	48	t	3	2024-02-10 08:35:37.623806-08
2330	0	48	t	29	2024-02-10 08:35:37.623811-08
2331	0	48	t	14	2024-02-10 08:35:37.623815-08
2332	0	48	t	34	2024-02-10 08:35:37.623818-08
2333	0	48	t	15	2024-02-10 08:35:37.623821-08
2334	0	48	t	35	2024-02-10 08:35:37.623824-08
2335	0	48	t	22	2024-02-10 08:35:37.623829-08
2336	0	48	t	44	2024-02-10 08:35:37.623833-08
2337	0	48	t	33	2024-02-10 08:35:37.623837-08
2338	0	48	t	7	2024-02-10 08:35:37.623842-08
2339	0	48	t	1	2024-02-10 08:35:37.623843-08
2340	0	48	t	42	2024-02-10 08:35:37.623845-08
2341	0	48	t	24	2024-02-10 08:35:37.623848-08
2342	0	48	t	8	2024-02-10 08:35:37.62385-08
2343	0	48	t	32	2024-02-10 08:35:37.623852-08
2344	0	48	t	26	2024-02-10 08:35:37.623856-08
2345	1	48	f	41	2024-02-10 08:35:37.623858-08
2346	0	48	t	25	2024-02-10 08:35:37.62386-08
2347	0	48	t	28	2024-02-10 08:35:37.623862-08
2348	0	48	t	9	2024-02-10 08:35:37.623864-08
2349	1	48	f	17	2024-02-10 08:35:37.623867-08
2350	0	48	t	13	2024-02-10 08:35:37.623868-08
2351	0	48	t	50	2024-02-10 08:35:37.62387-08
2352	1	49	f	32	2024-02-10 10:17:34.320014-08
2353	-1	49	f	39	2024-02-10 10:17:34.320041-08
2354	-1	49	f	3	2024-02-10 10:17:34.320045-08
2355	-1	49	f	49	2024-02-10 10:17:34.320047-08
2356	1	49	f	9	2024-02-10 10:17:34.32005-08
2357	0	49	t	26	2024-02-10 10:17:34.320053-08
2358	0	49	t	37	2024-02-10 10:17:34.320058-08
2359	1	49	f	2	2024-02-10 10:17:34.32006-08
2360	0	49	t	18	2024-02-10 10:17:34.320062-08
2361	0	49	t	5	2024-02-10 10:17:34.320064-08
2362	0	49	t	21	2024-02-10 10:17:34.320066-08
2363	0	49	t	11	2024-02-10 10:17:34.320069-08
2364	0	49	t	14	2024-02-10 10:17:34.320071-08
2365	1	49	f	50	2024-02-10 10:17:34.320074-08
2366	-1	49	f	25	2024-02-10 10:17:34.320076-08
2367	-1	49	f	41	2024-02-10 10:17:34.320078-08
2368	-1	49	f	28	2024-02-10 10:17:34.320081-08
2369	-1	49	f	17	2024-02-10 10:17:34.320084-08
2370	-1	49	f	42	2024-02-10 10:17:34.320086-08
2371	-1	49	f	4	2024-02-10 10:17:34.320088-08
2372	-1	49	f	10	2024-02-10 10:17:34.32009-08
2373	-1	49	f	6	2024-02-10 10:17:34.320092-08
2374	-1	49	f	43	2024-02-10 10:17:34.320095-08
2375	-1	49	f	15	2024-02-10 10:17:34.320097-08
2376	-1	49	f	12	2024-02-10 10:17:34.320099-08
2377	-1	49	f	19	2024-02-10 10:17:34.320101-08
2378	-1	49	f	35	2024-02-10 10:17:34.320103-08
2379	-1	49	f	38	2024-02-10 10:17:34.438486-08
2380	-1	49	f	22	2024-02-10 10:17:34.438491-08
2381	-1	49	f	31	2024-02-10 10:17:34.438494-08
2382	-1	49	f	1	2024-02-10 10:17:34.438495-08
2383	-1	49	f	7	2024-02-10 10:17:34.438497-08
2384	-1	49	f	8	2024-02-10 10:17:34.438499-08
2385	-1	49	f	29	2024-02-10 10:17:34.438503-08
2386	-1	49	f	16	2024-02-10 10:17:34.438505-08
2387	-1	49	f	40	2024-02-10 10:17:34.438507-08
2388	-1	49	f	33	2024-02-10 10:17:34.438509-08
2389	-1	49	f	30	2024-02-10 10:17:34.438514-08
2390	-1	49	f	44	2024-02-10 10:17:34.438517-08
2391	-1	49	f	34	2024-02-10 10:17:34.43852-08
2392	-1	49	f	51	2024-02-10 10:17:34.438522-08
2393	-1	49	f	47	2024-02-10 10:17:34.438524-08
2394	-1	49	f	23	2024-02-10 10:17:34.438526-08
2395	-1	49	f	45	2024-02-10 10:17:34.438529-08
2396	-1	49	f	46	2024-02-10 10:17:34.438531-08
2397	-1	49	f	24	2024-02-10 10:17:34.438533-08
2398	-1	49	f	20	2024-02-10 10:17:34.438534-08
2399	-1	49	f	48	2024-02-10 10:17:34.438536-08
2400	-1	49	f	36	2024-02-10 10:17:34.438539-08
2401	-1	49	f	27	2024-02-10 10:17:34.438541-08
2402	1	50	f	42	2024-02-11 01:42:31.642384-08
2403	-1	50	f	1	2024-02-11 01:42:31.644059-08
2404	-1	50	f	18	2024-02-11 01:42:31.644078-08
2405	-1	50	f	37	2024-02-11 01:42:31.644091-08
2406	-1	50	f	29	2024-02-11 01:42:31.6441-08
2407	-1	50	f	49	2024-02-11 01:42:31.644108-08
2408	-1	50	f	43	2024-02-11 01:42:31.64412-08
2409	-1	50	f	24	2024-02-11 01:42:31.644135-08
2410	-1	50	f	46	2024-02-11 01:42:31.644143-08
2411	-1	50	f	33	2024-02-11 01:42:31.644151-08
2412	-1	50	f	2	2024-02-11 01:42:31.644161-08
2413	-1	50	f	38	2024-02-11 01:42:31.644175-08
2414	-1	50	f	13	2024-02-11 01:42:31.644182-08
2415	-1	50	f	26	2024-02-11 01:42:31.64419-08
2416	-1	50	f	17	2024-02-11 01:42:31.644198-08
2417	-1	50	f	23	2024-02-11 01:42:31.644207-08
2418	-1	50	f	32	2024-02-11 01:42:31.644218-08
2419	-1	50	f	45	2024-02-11 01:42:31.644228-08
2420	-1	50	f	27	2024-02-11 01:42:31.644234-08
2421	-1	50	f	21	2024-02-11 01:42:31.644241-08
2422	-1	50	f	22	2024-02-11 01:42:31.64425-08
2423	-1	50	f	20	2024-02-11 01:42:31.644262-08
2424	-1	50	f	3	2024-02-11 01:42:31.64427-08
2425	-1	50	f	6	2024-02-11 01:42:31.644277-08
2426	-1	50	f	36	2024-02-11 01:42:31.644284-08
2427	-1	50	f	51	2024-02-11 01:42:31.644353-08
2428	-1	50	f	31	2024-02-11 01:42:31.644367-08
2429	-1	50	f	10	2024-02-11 01:42:31.644374-08
2430	-1	50	f	34	2024-02-11 01:42:31.644381-08
2431	-1	50	f	28	2024-02-11 01:42:31.644389-08
2432	-1	50	f	4	2024-02-11 01:42:31.644397-08
2433	-1	50	f	47	2024-02-11 01:42:31.644404-08
2434	-1	50	f	48	2024-02-11 01:42:31.644416-08
2435	-1	50	f	44	2024-02-11 01:42:31.644423-08
2436	-1	50	f	15	2024-02-11 01:42:31.644431-08
2437	-1	50	f	40	2024-02-11 01:42:31.644438-08
2438	-1	50	f	35	2024-02-11 01:42:31.644445-08
2439	-1	50	f	25	2024-02-11 01:42:31.644456-08
2440	-1	50	f	8	2024-02-11 01:42:31.644463-08
2441	-1	50	f	41	2024-02-11 01:42:31.64447-08
2442	-1	50	f	39	2024-02-11 01:42:31.644478-08
2443	-1	50	f	50	2024-02-11 01:42:31.644485-08
2444	-1	50	f	19	2024-02-11 01:42:31.644492-08
2445	-1	50	f	7	2024-02-11 01:42:31.644502-08
2446	-1	50	f	12	2024-02-11 01:42:31.644508-08
2447	-1	50	f	16	2024-02-11 01:42:31.644515-08
2448	-1	50	f	11	2024-02-11 01:42:31.644522-08
2449	-1	50	f	5	2024-02-11 01:42:31.644529-08
2450	-1	50	f	9	2024-02-11 01:42:31.644536-08
2451	-1	50	f	14	2024-02-11 01:42:31.644547-08
2452	0	51	t	32	2024-02-11 05:05:38.827942-08
2453	0	51	t	42	2024-02-11 05:05:38.82798-08
2454	-1	51	f	36	2024-02-11 05:05:38.827995-08
2455	-1	51	f	4	2024-02-11 05:05:38.828003-08
2456	-1	51	f	21	2024-02-11 05:05:38.82801-08
2457	-1	51	f	48	2024-02-11 05:05:38.828018-08
2458	-1	51	f	49	2024-02-11 05:05:38.828023-08
2459	-1	51	f	39	2024-02-11 05:05:38.828029-08
2460	-1	51	f	18	2024-02-11 05:05:38.828037-08
2461	0	51	t	7	2024-02-11 05:05:38.828042-08
2462	1	51	f	44	2024-02-11 05:05:38.828052-08
2463	-1	51	f	1	2024-02-11 05:05:38.828058-08
2464	-1	51	f	12	2024-02-11 05:05:38.828063-08
2465	-1	51	f	2	2024-02-11 05:05:38.82807-08
2466	-1	51	f	5	2024-02-11 05:05:38.828077-08
2467	-1	51	f	23	2024-02-11 05:05:38.828088-08
2468	-1	51	f	6	2024-02-11 05:05:38.828093-08
2469	-1	51	f	31	2024-02-11 05:05:38.828097-08
2470	-1	51	f	15	2024-02-11 05:05:38.828101-08
2471	-1	51	f	41	2024-02-11 05:05:38.828112-08
2472	-1	51	f	33	2024-02-11 05:05:38.828117-08
2473	-1	51	f	26	2024-02-11 05:05:38.828123-08
2474	-1	51	f	45	2024-02-11 05:05:38.828128-08
2475	-1	51	f	50	2024-02-11 05:05:38.828132-08
2476	-1	51	f	10	2024-02-11 05:05:38.828141-08
2477	-1	51	f	51	2024-02-11 05:05:38.828145-08
2478	-1	51	f	17	2024-02-11 05:05:38.835934-08
2479	-1	51	f	11	2024-02-11 05:05:38.835945-08
2480	-1	51	f	3	2024-02-11 05:05:38.83595-08
2481	-1	51	f	43	2024-02-11 05:05:38.835955-08
2482	-1	51	f	13	2024-02-11 05:05:38.835972-08
2483	-1	51	f	46	2024-02-11 05:05:38.835977-08
2484	-1	51	f	35	2024-02-11 05:05:38.835981-08
2485	-1	51	f	24	2024-02-11 05:05:38.835986-08
2486	-1	51	f	14	2024-02-11 05:05:38.835993-08
2487	-1	51	f	22	2024-02-11 05:05:38.835997-08
2488	-1	51	f	20	2024-02-11 05:05:38.836002-08
2489	-1	51	f	25	2024-02-11 05:05:38.836006-08
2490	-1	51	f	28	2024-02-11 05:05:38.83601-08
2491	-1	51	f	40	2024-02-11 05:05:38.836015-08
2492	-1	51	f	34	2024-02-11 05:05:38.836022-08
2493	-1	51	f	30	2024-02-11 05:05:38.836026-08
2494	-1	51	f	8	2024-02-11 05:05:38.83603-08
2495	-1	51	f	38	2024-02-11 05:05:38.836034-08
2496	-1	51	f	37	2024-02-11 05:05:38.836038-08
2497	-1	51	f	29	2024-02-11 05:05:38.836042-08
2498	-1	51	f	27	2024-02-11 05:05:38.836048-08
2499	-1	51	f	16	2024-02-11 05:05:38.836052-08
2500	-1	51	f	47	2024-02-11 05:05:38.836056-08
2501	-1	51	f	19	2024-02-11 05:05:38.836061-08
2502	1	52	f	39	2024-02-13 07:51:06.740522-08
2503	1	52	f	38	2024-02-13 07:51:06.743357-08
2504	1	52	f	24	2024-02-13 07:51:06.743383-08
2505	0	52	t	20	2024-02-13 07:51:06.743398-08
2506	0	52	t	14	2024-02-13 07:51:06.743419-08
2507	1	52	f	17	2024-02-13 07:51:06.74343-08
2508	0	52	t	31	2024-02-13 07:51:06.743442-08
2509	0	52	t	21	2024-02-13 07:51:06.743453-08
2510	0	52	t	27	2024-02-13 07:51:06.74347-08
2511	0	52	t	26	2024-02-13 07:51:06.743482-08
2512	0	52	t	9	2024-02-13 07:51:06.743494-08
2513	0	52	t	28	2024-02-13 07:51:06.743506-08
2514	0	52	t	3	2024-02-13 07:51:06.743517-08
2515	0	52	t	13	2024-02-13 07:51:06.743528-08
2516	0	52	t	6	2024-02-13 07:51:06.743547-08
2517	0	52	t	37	2024-02-13 07:51:06.743561-08
2518	0	52	t	51	2024-02-13 07:51:06.743573-08
2519	0	52	t	33	2024-02-13 07:51:06.743649-08
2520	1	52	f	16	2024-02-13 07:51:06.74367-08
2521	-1	52	f	48	2024-02-13 07:51:06.743678-08
2522	-1	52	f	41	2024-02-13 07:51:06.743686-08
2523	-1	52	f	49	2024-02-13 07:51:06.743695-08
2524	-1	52	f	12	2024-02-13 07:51:06.743705-08
2525	-1	52	f	8	2024-02-13 07:51:06.74372-08
2526	-1	52	f	25	2024-02-13 07:51:06.74373-08
2527	-1	52	f	23	2024-02-13 07:51:06.743741-08
2528	-1	52	f	1	2024-02-13 07:51:06.743753-08
2529	-1	52	f	34	2024-02-13 07:51:06.743944-08
2530	-1	52	f	44	2024-02-13 07:51:06.743957-08
2531	-1	52	f	2	2024-02-13 07:51:06.743975-08
2532	-1	52	f	45	2024-02-13 07:51:06.743988-08
2533	-1	52	f	10	2024-02-13 07:51:06.743998-08
2534	-1	52	f	5	2024-02-13 07:51:06.744009-08
2535	-1	52	f	47	2024-02-13 07:51:06.744021-08
2536	-1	52	f	18	2024-02-13 07:51:06.744039-08
2537	-1	52	f	7	2024-02-13 07:51:06.744052-08
2538	-1	52	f	43	2024-02-13 07:51:06.744061-08
2539	-1	52	f	32	2024-02-13 07:51:06.744074-08
2540	-1	52	f	15	2024-02-13 07:51:06.74409-08
2541	-1	52	f	4	2024-02-13 07:51:06.744105-08
2542	-1	52	f	11	2024-02-13 07:51:06.744114-08
2543	-1	52	f	46	2024-02-13 07:51:06.744125-08
2544	-1	52	f	50	2024-02-13 07:51:06.744137-08
2545	-1	52	f	22	2024-02-13 07:51:06.744148-08
2546	-1	52	f	29	2024-02-13 07:51:06.74416-08
2547	-1	52	f	40	2024-02-13 07:51:06.744178-08
2548	-1	52	f	36	2024-02-13 07:51:06.744189-08
2549	-1	52	f	35	2024-02-13 07:51:06.7442-08
2550	-1	52	f	30	2024-02-13 07:51:06.744211-08
2551	-1	52	f	19	2024-02-13 07:51:06.744221-08
2552	-1	53	f	13	2024-02-13 08:01:29.821765-08
2553	-1	53	f	22	2024-02-13 08:01:29.821789-08
2554	-1	53	f	43	2024-02-13 08:01:29.821798-08
2555	-1	53	f	1	2024-02-13 08:01:29.821809-08
2556	-1	53	f	37	2024-02-13 08:01:29.821812-08
2557	-1	53	f	35	2024-02-13 08:01:29.821824-08
2558	-1	53	f	48	2024-02-13 08:01:29.821828-08
2559	-1	53	f	24	2024-02-13 08:01:29.821833-08
2560	-1	53	f	5	2024-02-13 08:01:29.821838-08
2561	-1	53	f	23	2024-02-13 08:01:29.821845-08
2562	-1	53	f	44	2024-02-13 08:01:29.821849-08
2563	-1	53	f	17	2024-02-13 08:01:29.821861-08
2564	-1	53	f	26	2024-02-13 08:01:29.821865-08
2565	-1	53	f	6	2024-02-13 08:01:29.821876-08
2566	-1	53	f	31	2024-02-13 08:01:29.82188-08
2567	-1	53	f	41	2024-02-13 08:01:29.821883-08
2568	-1	53	f	3	2024-02-13 08:01:29.821887-08
2569	-1	53	f	12	2024-02-13 08:01:29.821891-08
2570	-1	53	f	29	2024-02-13 08:01:29.821898-08
2571	-1	53	f	11	2024-02-13 08:01:29.821901-08
2572	-1	53	f	10	2024-02-13 08:01:29.821905-08
2573	-1	53	f	28	2024-02-13 08:01:29.821908-08
2574	-1	53	f	34	2024-02-13 08:01:29.821916-08
2575	-1	53	f	14	2024-02-13 08:01:29.821921-08
2576	-1	53	f	50	2024-02-13 08:01:29.821927-08
2577	-1	53	f	2	2024-02-13 08:01:29.821932-08
2578	-1	53	f	18	2024-02-13 08:01:29.821936-08
2579	-1	53	f	15	2024-02-13 08:01:29.833582-08
2580	-1	53	f	7	2024-02-13 08:01:29.833602-08
2581	-1	53	f	51	2024-02-13 08:01:29.833606-08
2582	-1	53	f	49	2024-02-13 08:01:29.833614-08
2583	-1	53	f	36	2024-02-13 08:01:29.833619-08
2584	-1	53	f	32	2024-02-13 08:01:29.833623-08
2585	-1	53	f	9	2024-02-13 08:01:29.833634-08
2586	-1	53	f	25	2024-02-13 08:01:29.833638-08
2587	-1	53	f	8	2024-02-13 08:01:29.833642-08
2588	-1	53	f	45	2024-02-13 08:01:29.833645-08
2589	-1	53	f	20	2024-02-13 08:01:29.833649-08
2590	-1	53	f	40	2024-02-13 08:01:29.833657-08
2591	-1	53	f	27	2024-02-13 08:01:29.83366-08
2592	-1	53	f	19	2024-02-13 08:01:29.833664-08
2593	-1	53	f	42	2024-02-13 08:01:29.833667-08
2594	-1	53	f	39	2024-02-13 08:01:29.833671-08
2595	-1	53	f	33	2024-02-13 08:01:29.833675-08
2596	-1	53	f	47	2024-02-13 08:01:29.833682-08
2597	-1	53	f	38	2024-02-13 08:01:29.833685-08
2598	-1	53	f	21	2024-02-13 08:01:29.833688-08
2599	-1	53	f	16	2024-02-13 08:01:29.833691-08
2600	-1	53	f	30	2024-02-13 08:01:29.833697-08
2601	-1	53	f	46	2024-02-13 08:01:29.8337-08
2602	-1	54	f	21	2024-02-13 08:20:49.23862-08
2603	-1	54	f	5	2024-02-13 08:20:49.240347-08
2604	-1	54	f	35	2024-02-13 08:20:49.240372-08
2605	-1	54	f	48	2024-02-13 08:20:49.240383-08
2606	-1	54	f	28	2024-02-13 08:20:49.240392-08
2607	-1	54	f	1	2024-02-13 08:20:49.240402-08
2608	-1	54	f	6	2024-02-13 08:20:49.24041-08
2609	-1	54	f	2	2024-02-13 08:20:49.240423-08
2610	-1	54	f	14	2024-02-13 08:20:49.240432-08
2611	-1	54	f	19	2024-02-13 08:20:49.240441-08
2612	-1	54	f	26	2024-02-13 08:20:49.240452-08
2613	-1	54	f	15	2024-02-13 08:20:49.240462-08
2614	-1	54	f	49	2024-02-13 08:20:49.24047-08
2615	-1	54	f	43	2024-02-13 08:20:49.240517-08
2616	-1	54	f	12	2024-02-13 08:20:49.240529-08
2617	-1	54	f	16	2024-02-13 08:20:49.240539-08
2618	-1	54	f	9	2024-02-13 08:20:49.240547-08
2619	-1	54	f	17	2024-02-13 08:20:49.240554-08
2620	-1	54	f	13	2024-02-13 08:20:49.240568-08
2621	-1	54	f	23	2024-02-13 08:20:49.240576-08
2622	-1	54	f	45	2024-02-13 08:20:49.240585-08
2623	-1	54	f	10	2024-02-13 08:20:49.240592-08
2624	-1	54	f	36	2024-02-13 08:20:49.2406-08
2625	-1	54	f	38	2024-02-13 08:20:49.240609-08
2626	-1	54	f	34	2024-02-13 08:20:49.240617-08
2627	-1	54	f	30	2024-02-13 08:20:49.240628-08
2628	-1	54	f	46	2024-02-13 08:20:49.240636-08
2629	-1	54	f	27	2024-02-13 08:20:49.240645-08
2630	-1	54	f	18	2024-02-13 08:20:49.240653-08
2631	-1	54	f	29	2024-02-13 08:20:49.242934-08
2632	-1	54	f	41	2024-02-13 08:20:49.242945-08
2633	-1	54	f	22	2024-02-13 08:20:49.24296-08
2634	-1	54	f	44	2024-02-13 08:20:49.24297-08
2635	-1	54	f	3	2024-02-13 08:20:49.242985-08
2636	-1	54	f	24	2024-02-13 08:20:49.242994-08
2637	-1	54	f	32	2024-02-13 08:20:49.243002-08
2638	-1	54	f	31	2024-02-13 08:20:49.24302-08
2639	-1	54	f	11	2024-02-13 08:20:49.243028-08
2640	-1	54	f	50	2024-02-13 08:20:49.243036-08
2641	-1	54	f	20	2024-02-13 08:20:49.243045-08
2642	-1	54	f	7	2024-02-13 08:20:49.243055-08
2643	-1	54	f	51	2024-02-13 08:20:49.243062-08
2644	-1	54	f	40	2024-02-13 08:20:49.243074-08
2645	-1	54	f	8	2024-02-13 08:20:49.243082-08
2646	-1	54	f	42	2024-02-13 08:20:49.24309-08
2647	-1	54	f	37	2024-02-13 08:20:49.243099-08
2648	-1	54	f	4	2024-02-13 08:20:49.243108-08
2649	-1	54	f	47	2024-02-13 08:20:49.243116-08
2650	-1	54	f	33	2024-02-13 08:20:49.243147-08
2651	-1	54	f	25	2024-02-13 08:20:49.243158-08
2652	-1	55	f	40	2024-02-13 08:21:10.855357-08
2653	-1	55	f	24	2024-02-13 08:21:10.855382-08
2654	-1	55	f	22	2024-02-13 08:21:10.855401-08
2655	-1	55	f	23	2024-02-13 08:21:10.855408-08
2656	-1	55	f	46	2024-02-13 08:21:10.855417-08
2657	-1	55	f	42	2024-02-13 08:21:10.855424-08
2658	-1	55	f	3	2024-02-13 08:21:10.855442-08
2659	-1	55	f	36	2024-02-13 08:21:10.855448-08
2660	-1	55	f	18	2024-02-13 08:21:10.855454-08
2661	-1	55	f	7	2024-02-13 08:21:10.855459-08
2662	-1	55	f	26	2024-02-13 08:21:10.855468-08
2663	-1	55	f	33	2024-02-13 08:21:10.855473-08
2664	-1	55	f	44	2024-02-13 08:21:10.855484-08
2665	-1	55	f	30	2024-02-13 08:21:10.855491-08
2666	-1	55	f	41	2024-02-13 08:21:10.855497-08
2667	-1	55	f	5	2024-02-13 08:21:10.855514-08
2668	-1	55	f	16	2024-02-13 08:21:10.85552-08
2669	-1	55	f	12	2024-02-13 08:21:10.855524-08
2670	-1	55	f	51	2024-02-13 08:21:10.855529-08
2671	-1	55	f	1	2024-02-13 08:21:10.855534-08
2672	-1	55	f	9	2024-02-13 08:21:10.855539-08
2673	-1	55	f	43	2024-02-13 08:21:10.855547-08
2674	-1	55	f	21	2024-02-13 08:21:10.855552-08
2675	-1	55	f	14	2024-02-13 08:21:10.855557-08
2676	-1	55	f	15	2024-02-13 08:21:10.855562-08
2677	-1	55	f	13	2024-02-13 08:21:10.855566-08
2678	-1	55	f	27	2024-02-13 08:21:10.862831-08
2679	-1	55	f	37	2024-02-13 08:21:10.862838-08
2680	-1	55	f	50	2024-02-13 08:21:10.862843-08
2681	-1	55	f	29	2024-02-13 08:21:10.862851-08
2682	-1	55	f	19	2024-02-13 08:21:10.862861-08
2683	-1	55	f	48	2024-02-13 08:21:10.862866-08
2684	-1	55	f	31	2024-02-13 08:21:10.862871-08
2685	-1	55	f	32	2024-02-13 08:21:10.862882-08
2686	-1	55	f	17	2024-02-13 08:21:10.86289-08
2687	-1	55	f	38	2024-02-13 08:21:10.862895-08
2688	-1	55	f	39	2024-02-13 08:21:10.862899-08
2689	-1	55	f	11	2024-02-13 08:21:10.862904-08
2690	-1	55	f	25	2024-02-13 08:21:10.862913-08
2691	-1	55	f	34	2024-02-13 08:21:10.862918-08
2692	-1	55	f	8	2024-02-13 08:21:10.862922-08
2693	-1	55	f	4	2024-02-13 08:21:10.862927-08
2694	-1	55	f	6	2024-02-13 08:21:10.862931-08
2695	-1	55	f	35	2024-02-13 08:21:10.862935-08
2696	-1	55	f	2	2024-02-13 08:21:10.862943-08
2697	-1	55	f	10	2024-02-13 08:21:10.862948-08
2698	-1	55	f	49	2024-02-13 08:21:10.862952-08
2699	-1	55	f	45	2024-02-13 08:21:10.862956-08
2700	-1	55	f	20	2024-02-13 08:21:10.86296-08
2701	-1	55	f	47	2024-02-13 08:21:10.862965-08
2702	-1	56	f	38	2024-02-13 08:26:47.851501-08
2703	-1	56	f	21	2024-02-13 08:26:47.851521-08
2704	-1	56	f	51	2024-02-13 08:26:47.851529-08
2705	-1	56	f	45	2024-02-13 08:26:47.851542-08
2706	-1	56	f	42	2024-02-13 08:26:47.851551-08
2707	-1	56	f	32	2024-02-13 08:26:47.851563-08
2708	-1	56	f	36	2024-02-13 08:26:47.851569-08
2709	-1	56	f	43	2024-02-13 08:26:47.851574-08
2710	-1	56	f	33	2024-02-13 08:26:47.851584-08
2711	-1	56	f	9	2024-02-13 08:26:47.85159-08
2712	-1	56	f	26	2024-02-13 08:26:47.851594-08
2713	-1	56	f	46	2024-02-13 08:26:47.851601-08
2714	-1	56	f	49	2024-02-13 08:26:47.851608-08
2715	-1	56	f	40	2024-02-13 08:26:47.851613-08
2716	-1	56	f	29	2024-02-13 08:26:47.851617-08
2717	-1	56	f	11	2024-02-13 08:26:47.851621-08
2718	-1	56	f	4	2024-02-13 08:26:47.851625-08
2719	-1	56	f	7	2024-02-13 08:26:47.851628-08
2720	-1	56	f	14	2024-02-13 08:26:47.851633-08
2721	-1	56	f	30	2024-02-13 08:26:47.851643-08
2722	-1	56	f	16	2024-02-13 08:26:47.851647-08
2723	-1	56	f	5	2024-02-13 08:26:47.85165-08
2724	-1	56	f	47	2024-02-13 08:26:47.851659-08
2725	-1	56	f	44	2024-02-13 08:26:47.851664-08
2726	-1	56	f	41	2024-02-13 08:26:47.851673-08
2727	-1	56	f	35	2024-02-13 08:26:47.85961-08
2728	-1	56	f	8	2024-02-13 08:26:47.859618-08
2729	-1	56	f	28	2024-02-13 08:26:47.859622-08
2730	-1	56	f	48	2024-02-13 08:26:47.859626-08
2731	-1	56	f	10	2024-02-13 08:26:47.85963-08
2732	-1	56	f	20	2024-02-13 08:26:47.859635-08
2733	-1	56	f	13	2024-02-13 08:26:47.859639-08
2734	-1	56	f	3	2024-02-13 08:26:47.859642-08
2735	-1	56	f	34	2024-02-13 08:26:47.85965-08
2736	-1	56	f	22	2024-02-13 08:26:47.859654-08
2737	-1	56	f	1	2024-02-13 08:26:47.859657-08
2738	-1	56	f	12	2024-02-13 08:26:47.85966-08
2739	-1	56	f	37	2024-02-13 08:26:47.859663-08
2740	-1	56	f	25	2024-02-13 08:26:47.85967-08
2741	-1	56	f	39	2024-02-13 08:26:47.859673-08
2742	-1	56	f	50	2024-02-13 08:26:47.859677-08
2743	-1	56	f	15	2024-02-13 08:26:47.859681-08
2744	-1	56	f	18	2024-02-13 08:26:47.859684-08
2745	-1	56	f	17	2024-02-13 08:26:47.859687-08
2746	-1	56	f	27	2024-02-13 08:26:47.859693-08
2747	-1	56	f	24	2024-02-13 08:26:47.859695-08
2748	-1	56	f	2	2024-02-13 08:26:47.859698-08
2749	-1	56	f	19	2024-02-13 08:26:47.859701-08
2750	-1	56	f	23	2024-02-13 08:26:47.859704-08
2751	-1	56	f	31	2024-02-13 08:26:47.85971-08
2752	-1	57	f	40	2024-02-13 08:31:45.030379-08
2753	-1	57	f	35	2024-02-13 08:31:45.030392-08
2754	-1	57	f	14	2024-02-13 08:31:45.030396-08
2755	-1	57	f	36	2024-02-13 08:31:45.030398-08
2756	-1	57	f	37	2024-02-13 08:31:45.0304-08
2757	-1	57	f	25	2024-02-13 08:31:45.030408-08
2758	-1	57	f	6	2024-02-13 08:31:45.03041-08
2759	-1	57	f	42	2024-02-13 08:31:45.030412-08
2760	-1	57	f	27	2024-02-13 08:31:45.030423-08
2761	-1	57	f	33	2024-02-13 08:31:45.030425-08
2762	-1	57	f	8	2024-02-13 08:31:45.030432-08
2763	-1	57	f	48	2024-02-13 08:31:45.030434-08
2764	-1	57	f	41	2024-02-13 08:31:45.030436-08
2765	-1	57	f	21	2024-02-13 08:31:45.030439-08
2766	-1	57	f	17	2024-02-13 08:31:45.030444-08
2767	-1	57	f	19	2024-02-13 08:31:45.030446-08
2768	-1	57	f	9	2024-02-13 08:31:45.030448-08
2769	-1	57	f	10	2024-02-13 08:31:45.03045-08
2770	-1	57	f	20	2024-02-13 08:31:45.030452-08
2771	-1	57	f	39	2024-02-13 08:31:45.030457-08
2772	-1	57	f	2	2024-02-13 08:31:45.030459-08
2773	-1	57	f	44	2024-02-13 08:31:45.030461-08
2774	-1	57	f	5	2024-02-13 08:31:45.030464-08
2775	-1	57	f	1	2024-02-13 08:31:45.030466-08
2776	-1	57	f	38	2024-02-13 08:31:45.030468-08
2777	-1	57	f	18	2024-02-13 08:31:45.030473-08
2778	-1	57	f	11	2024-02-13 08:31:45.044912-08
2779	-1	57	f	34	2024-02-13 08:31:45.04492-08
2780	-1	57	f	7	2024-02-13 08:31:45.044928-08
2781	-1	57	f	43	2024-02-13 08:31:45.04493-08
2782	-1	57	f	3	2024-02-13 08:31:45.044933-08
2783	-1	57	f	47	2024-02-13 08:31:45.044935-08
2784	-1	57	f	12	2024-02-13 08:31:45.044942-08
2785	-1	57	f	23	2024-02-13 08:31:45.044945-08
2786	-1	57	f	28	2024-02-13 08:31:45.044947-08
2787	-1	57	f	22	2024-02-13 08:31:45.044956-08
2788	-1	57	f	51	2024-02-13 08:31:45.044958-08
2789	-1	57	f	49	2024-02-13 08:31:45.044967-08
2790	-1	57	f	16	2024-02-13 08:31:45.044971-08
2791	-1	57	f	24	2024-02-13 08:31:45.044973-08
2792	-1	57	f	4	2024-02-13 08:31:45.044979-08
2793	-1	57	f	13	2024-02-13 08:31:45.045039-08
2794	-1	57	f	31	2024-02-13 08:31:45.045043-08
2795	-1	57	f	32	2024-02-13 08:31:45.045045-08
2796	-1	57	f	29	2024-02-13 08:31:45.045051-08
2797	-1	57	f	50	2024-02-13 08:31:45.045057-08
2798	-1	57	f	30	2024-02-13 08:31:45.04506-08
2799	-1	57	f	26	2024-02-13 08:31:45.045062-08
2800	-1	57	f	45	2024-02-13 08:31:45.045064-08
2801	-1	57	f	46	2024-02-13 08:31:45.045067-08
2802	1	58	f	20	2024-02-15 08:32:04.791593-08
2803	1	58	f	17	2024-02-15 08:32:04.793063-08
2804	1	58	f	43	2024-02-15 08:32:04.793082-08
2805	-1	58	f	45	2024-02-15 08:32:04.793096-08
2806	-1	58	f	46	2024-02-15 08:32:04.793103-08
2807	-1	58	f	13	2024-02-15 08:32:04.79311-08
2808	-1	58	f	27	2024-02-15 08:32:04.793118-08
2809	-1	58	f	29	2024-02-15 08:32:04.793123-08
2810	-1	58	f	21	2024-02-15 08:32:04.793132-08
2811	-1	58	f	6	2024-02-15 08:32:04.793139-08
2812	-1	58	f	51	2024-02-15 08:32:04.793145-08
2813	-1	58	f	50	2024-02-15 08:32:04.793182-08
2814	-1	58	f	10	2024-02-15 08:32:04.793191-08
2815	-1	58	f	25	2024-02-15 08:32:04.7932-08
2816	-1	58	f	15	2024-02-15 08:32:04.793207-08
2817	-1	58	f	2	2024-02-15 08:32:04.793213-08
2818	-1	58	f	49	2024-02-15 08:32:04.793219-08
2819	-1	58	f	3	2024-02-15 08:32:04.793226-08
2820	-1	58	f	14	2024-02-15 08:32:04.793231-08
2821	-1	58	f	40	2024-02-15 08:32:04.793239-08
2822	-1	58	f	37	2024-02-15 08:32:04.793245-08
2823	-1	58	f	24	2024-02-15 08:32:04.793251-08
2824	-1	58	f	47	2024-02-15 08:32:04.793262-08
2825	-1	58	f	31	2024-02-15 08:32:04.793268-08
2826	-1	58	f	34	2024-02-15 08:32:04.793274-08
2827	-1	58	f	4	2024-02-15 08:32:04.79328-08
2828	-1	58	f	22	2024-02-15 08:32:04.793286-08
2829	-1	58	f	28	2024-02-15 08:32:04.797318-08
2830	-1	58	f	9	2024-02-15 08:32:04.797327-08
2831	-1	58	f	8	2024-02-15 08:32:04.797333-08
2832	-1	58	f	26	2024-02-15 08:32:04.797339-08
2833	-1	58	f	42	2024-02-15 08:32:04.797345-08
2834	-1	58	f	32	2024-02-15 08:32:04.797358-08
2835	-1	58	f	18	2024-02-15 08:32:04.797366-08
2836	-1	58	f	23	2024-02-15 08:32:04.797373-08
2837	-1	58	f	16	2024-02-15 08:32:04.797378-08
2838	-1	58	f	41	2024-02-15 08:32:04.797389-08
2839	-1	58	f	38	2024-02-15 08:32:04.797396-08
2840	-1	58	f	30	2024-02-15 08:32:04.797402-08
2841	-1	58	f	5	2024-02-15 08:32:04.797407-08
2842	-1	58	f	48	2024-02-15 08:32:04.797413-08
2843	-1	58	f	44	2024-02-15 08:32:04.797419-08
2844	-1	58	f	33	2024-02-15 08:32:04.79743-08
2845	-1	58	f	36	2024-02-15 08:32:04.797437-08
2846	-1	58	f	35	2024-02-15 08:32:04.797443-08
2847	-1	58	f	1	2024-02-15 08:32:04.797449-08
2848	-1	58	f	39	2024-02-15 08:32:04.797454-08
2849	-1	58	f	11	2024-02-15 08:32:04.797463-08
2850	-1	58	f	19	2024-02-15 08:32:04.797469-08
2851	-1	58	f	7	2024-02-15 08:32:04.797474-08
2852	1	59	f	36	2024-02-16 13:01:21.754141-08
2853	-1	59	f	39	2024-02-16 13:01:21.755799-08
2854	-1	59	f	31	2024-02-16 13:01:21.755851-08
2855	-1	59	f	18	2024-02-16 13:01:21.755864-08
2856	-1	59	f	43	2024-02-16 13:01:21.755873-08
2857	-1	59	f	3	2024-02-16 13:01:21.755882-08
2858	-1	59	f	13	2024-02-16 13:01:21.75589-08
2859	-1	59	f	4	2024-02-16 13:01:21.755897-08
2860	-1	59	f	30	2024-02-16 13:01:21.755904-08
2861	-1	59	f	6	2024-02-16 13:01:21.755914-08
2862	-1	59	f	27	2024-02-16 13:01:21.755922-08
2863	-1	59	f	38	2024-02-16 13:01:21.755929-08
2864	-1	59	f	33	2024-02-16 13:01:21.755937-08
2865	-1	59	f	28	2024-02-16 13:01:21.755957-08
2866	-1	59	f	1	2024-02-16 13:01:21.755965-08
2867	-1	59	f	32	2024-02-16 13:01:21.755973-08
2868	-1	59	f	15	2024-02-16 13:01:21.755982-08
2869	-1	59	f	34	2024-02-16 13:01:21.755989-08
2870	-1	59	f	12	2024-02-16 13:01:21.756003-08
2871	-1	59	f	46	2024-02-16 13:01:21.756011-08
2872	-1	59	f	22	2024-02-16 13:01:21.756018-08
2873	-1	59	f	42	2024-02-16 13:01:21.756026-08
2874	-1	59	f	23	2024-02-16 13:01:21.756035-08
2875	-1	59	f	29	2024-02-16 13:01:21.756045-08
2876	-1	59	f	2	2024-02-16 13:01:21.756052-08
2877	-1	59	f	21	2024-02-16 13:01:21.75606-08
2878	-1	59	f	51	2024-02-16 13:01:21.764264-08
2879	-1	59	f	26	2024-02-16 13:01:21.76428-08
2880	-1	59	f	48	2024-02-16 13:01:21.764301-08
2881	-1	59	f	9	2024-02-16 13:01:21.76431-08
2882	-1	59	f	8	2024-02-16 13:01:21.76432-08
2883	-1	59	f	47	2024-02-16 13:01:21.764328-08
2884	-1	59	f	35	2024-02-16 13:01:21.764339-08
2885	-1	59	f	50	2024-02-16 13:01:21.764353-08
2886	-1	59	f	49	2024-02-16 13:01:21.764363-08
2887	-1	59	f	14	2024-02-16 13:01:21.764372-08
2888	-1	59	f	24	2024-02-16 13:01:21.764381-08
2889	-1	59	f	11	2024-02-16 13:01:21.764391-08
2890	-1	59	f	45	2024-02-16 13:01:21.7644-08
2891	-1	59	f	7	2024-02-16 13:01:21.764412-08
2892	-1	59	f	16	2024-02-16 13:01:21.764421-08
2893	-1	59	f	17	2024-02-16 13:01:21.764429-08
2894	0	59	t	37	2024-02-16 13:01:21.764438-08
2895	-1	59	f	20	2024-02-16 13:01:21.764448-08
2896	-1	59	f	10	2024-02-16 13:01:21.764459-08
2897	-1	59	f	5	2024-02-16 13:01:21.764471-08
2898	-1	59	f	41	2024-02-16 13:01:21.764481-08
2899	-1	59	f	19	2024-02-16 13:01:21.764491-08
2900	-1	59	f	44	2024-02-16 13:01:21.764501-08
2901	-1	59	f	25	2024-02-16 13:01:21.764511-08
2902	2	60	f	51	2024-02-16 14:55:26.891604-08
2903	0	60	t	7	2024-02-16 14:55:26.891634-08
2904	0	60	t	17	2024-02-16 14:55:26.89164-08
2905	0	60	t	47	2024-02-16 14:55:26.891648-08
2906	0	60	t	19	2024-02-16 14:55:26.891663-08
2907	0	60	t	44	2024-02-16 14:55:26.891667-08
2908	0	60	t	14	2024-02-16 14:55:26.891678-08
2909	0	60	t	24	2024-02-16 14:55:26.891682-08
2910	-1	60	f	27	2024-02-16 14:55:26.891686-08
2911	-1	60	f	30	2024-02-16 14:55:26.891694-08
2912	-1	60	f	12	2024-02-16 14:55:26.891699-08
2913	-1	60	f	36	2024-02-16 14:55:26.891704-08
2914	-1	60	f	9	2024-02-16 14:55:26.891712-08
2915	-1	60	f	50	2024-02-16 14:55:26.891715-08
2916	-1	60	f	32	2024-02-16 14:55:26.891719-08
2917	-1	60	f	4	2024-02-16 14:55:26.891728-08
2918	-1	60	f	2	2024-02-16 14:55:26.891731-08
2919	-1	60	f	13	2024-02-16 14:55:26.891735-08
2920	-1	60	f	6	2024-02-16 14:55:26.891738-08
2921	-1	60	f	15	2024-02-16 14:55:26.891741-08
2922	-1	60	f	34	2024-02-16 14:55:26.89175-08
2923	-1	60	f	41	2024-02-16 14:55:26.891753-08
2924	-1	60	f	5	2024-02-16 14:55:26.891757-08
2925	-1	60	f	37	2024-02-16 14:55:26.891765-08
2926	-1	60	f	43	2024-02-16 14:55:26.89177-08
2927	-1	60	f	21	2024-02-16 14:55:26.891776-08
2928	-1	60	f	8	2024-02-16 14:55:26.901408-08
2929	-1	60	f	38	2024-02-16 14:55:26.901414-08
2930	-1	60	f	45	2024-02-16 14:55:26.901419-08
2931	-1	60	f	48	2024-02-16 14:55:26.901422-08
2932	-1	60	f	1	2024-02-16 14:55:26.901425-08
2933	-1	60	f	20	2024-02-16 14:55:26.901433-08
2934	-1	60	f	29	2024-02-16 14:55:26.901437-08
2935	-1	60	f	31	2024-02-16 14:55:26.90144-08
2936	-1	60	f	42	2024-02-16 14:55:26.901443-08
2937	-1	60	f	46	2024-02-16 14:55:26.901453-08
2938	-1	60	f	16	2024-02-16 14:55:26.901457-08
2939	-1	60	f	3	2024-02-16 14:55:26.90146-08
2940	-1	60	f	39	2024-02-16 14:55:26.901463-08
2941	-1	60	f	23	2024-02-16 14:55:26.901467-08
2942	-1	60	f	26	2024-02-16 14:55:26.90147-08
2943	-1	60	f	28	2024-02-16 14:55:26.901479-08
2944	-1	60	f	49	2024-02-16 14:55:26.901483-08
2945	-1	60	f	10	2024-02-16 14:55:26.901486-08
2946	-1	60	f	33	2024-02-16 14:55:26.901489-08
2947	-1	60	f	35	2024-02-16 14:55:26.901493-08
2948	-1	60	f	25	2024-02-16 14:55:26.901502-08
2949	-1	60	f	22	2024-02-16 14:55:26.901505-08
2950	-1	60	f	11	2024-02-16 14:55:26.901509-08
2951	-1	60	f	40	2024-02-16 14:55:26.901512-08
\.


--
-- Data for Name: Users; Type: TABLE DATA; Schema: public; Owner: DriverSchoolUser
--

COPY public."Users" ("Id", "Email", "UserName", "CreationDate") FROM stdin;
1	shadycodebe@gmail.com	Shady	2024-02-02 10:46:45.777522-08
3	klnlili2704@gmail.com	Mey	2024-02-03 16:35:30.404473-08
4	shadyreplays@gmail.com	Klein	2024-02-04 13:31:22.717779-08
5	nathannorth2005@gmail.com	Nathan	2024-02-04 14:03:24.960065-08
6	ps4schynts@gmail.com	Schynts	2024-02-05 04:42:32.198372-08
7	sidneyblanchar1@gmail.com	Sidney	2024-02-10 08:47:45.11465-08
8	willwhiteapple@gmail.com	Will	2024-02-11 09:19:23.628452-08
2	laurent.kl1996@gmail.com	Laurent	2024-02-16 14:55:45.443283-08
\.


--
-- Data for Name: __EFMigrationsHistory; Type: TABLE DATA; Schema: public; Owner: DriverSchoolUser
--

COPY public."__EFMigrationsHistory" ("MigrationId", "ProductVersion") FROM stdin;
20231215215708_Init	8.0.0
20231217110341_AddExplanationToQuestion	8.0.0
20231217190701_AddSavedQuestionsAndRenameExplanation	8.0.0
20231217193242_Migration1	8.0.0
20231217193433_Migration2	8.0.0
20231217194640_Migration3	8.0.0
20240105084908_AddIsSeriousToQuestion	8.0.0
20240204161247_AddUserToQuizSummaryRelationShip	8.0.0
20240213164539_nullableQuizSumAndSavedQuestion	8.0.0
\.


--
-- Name: Questions_Id_seq; Type: SEQUENCE SET; Schema: public; Owner: DriverSchoolUser
--

SELECT pg_catalog.setval('public."Questions_Id_seq"', 80, true);


--
-- Name: QuizSummaries_Id_seq; Type: SEQUENCE SET; Schema: public; Owner: DriverSchoolUser
--

SELECT pg_catalog.setval('public."QuizSummaries_Id_seq"', 60, true);


--
-- Name: QuizzSummaryElement_Id_seq; Type: SEQUENCE SET; Schema: public; Owner: DriverSchoolUser
--

SELECT pg_catalog.setval('public."QuizzSummaryElement_Id_seq"', 2951, true);


--
-- Name: Users_Id_seq; Type: SEQUENCE SET; Schema: public; Owner: DriverSchoolUser
--

SELECT pg_catalog.setval('public."Users_Id_seq"', 8, true);


--
-- Name: QuestionUser PK_QuestionUser; Type: CONSTRAINT; Schema: public; Owner: DriverSchoolUser
--

ALTER TABLE ONLY public."QuestionUser"
    ADD CONSTRAINT "PK_QuestionUser" PRIMARY KEY ("SavedQuestionsId", "UsersId");


--
-- Name: Questions PK_Questions; Type: CONSTRAINT; Schema: public; Owner: DriverSchoolUser
--

ALTER TABLE ONLY public."Questions"
    ADD CONSTRAINT "PK_Questions" PRIMARY KEY ("Id");


--
-- Name: QuizSummaries PK_QuizSummaries; Type: CONSTRAINT; Schema: public; Owner: DriverSchoolUser
--

ALTER TABLE ONLY public."QuizSummaries"
    ADD CONSTRAINT "PK_QuizSummaries" PRIMARY KEY ("Id");


--
-- Name: QuizzSummaryElement PK_QuizzSummaryElement; Type: CONSTRAINT; Schema: public; Owner: DriverSchoolUser
--

ALTER TABLE ONLY public."QuizzSummaryElement"
    ADD CONSTRAINT "PK_QuizzSummaryElement" PRIMARY KEY ("Id");


--
-- Name: Users PK_Users; Type: CONSTRAINT; Schema: public; Owner: DriverSchoolUser
--

ALTER TABLE ONLY public."Users"
    ADD CONSTRAINT "PK_Users" PRIMARY KEY ("Id");


--
-- Name: __EFMigrationsHistory PK___EFMigrationsHistory; Type: CONSTRAINT; Schema: public; Owner: DriverSchoolUser
--

ALTER TABLE ONLY public."__EFMigrationsHistory"
    ADD CONSTRAINT "PK___EFMigrationsHistory" PRIMARY KEY ("MigrationId");


--
-- Name: IX_QuestionUser_UsersId; Type: INDEX; Schema: public; Owner: DriverSchoolUser
--

CREATE INDEX "IX_QuestionUser_UsersId" ON public."QuestionUser" USING btree ("UsersId");


--
-- Name: IX_QuizSummaries_UserId; Type: INDEX; Schema: public; Owner: DriverSchoolUser
--

CREATE INDEX "IX_QuizSummaries_UserId" ON public."QuizSummaries" USING btree ("UserId");


--
-- Name: IX_QuizzSummaryElement_QuestionId; Type: INDEX; Schema: public; Owner: DriverSchoolUser
--

CREATE INDEX "IX_QuizzSummaryElement_QuestionId" ON public."QuizzSummaryElement" USING btree ("QuestionId");


--
-- Name: IX_QuizzSummaryElement_QuizzSummaryId; Type: INDEX; Schema: public; Owner: DriverSchoolUser
--

CREATE INDEX "IX_QuizzSummaryElement_QuizzSummaryId" ON public."QuizzSummaryElement" USING btree ("QuizzSummaryId");


--
-- Name: QuestionUser FK_QuestionUser_Questions_SavedQuestionsId; Type: FK CONSTRAINT; Schema: public; Owner: DriverSchoolUser
--

ALTER TABLE ONLY public."QuestionUser"
    ADD CONSTRAINT "FK_QuestionUser_Questions_SavedQuestionsId" FOREIGN KEY ("SavedQuestionsId") REFERENCES public."Questions"("Id") ON DELETE CASCADE;


--
-- Name: QuestionUser FK_QuestionUser_Users_UsersId; Type: FK CONSTRAINT; Schema: public; Owner: DriverSchoolUser
--

ALTER TABLE ONLY public."QuestionUser"
    ADD CONSTRAINT "FK_QuestionUser_Users_UsersId" FOREIGN KEY ("UsersId") REFERENCES public."Users"("Id") ON DELETE CASCADE;


--
-- Name: QuizSummaries FK_QuizSummaries_Users_UserId; Type: FK CONSTRAINT; Schema: public; Owner: DriverSchoolUser
--

ALTER TABLE ONLY public."QuizSummaries"
    ADD CONSTRAINT "FK_QuizSummaries_Users_UserId" FOREIGN KEY ("UserId") REFERENCES public."Users"("Id") ON DELETE CASCADE;


--
-- Name: QuizzSummaryElement FK_QuizzSummaryElement_Questions_QuestionId; Type: FK CONSTRAINT; Schema: public; Owner: DriverSchoolUser
--

ALTER TABLE ONLY public."QuizzSummaryElement"
    ADD CONSTRAINT "FK_QuizzSummaryElement_Questions_QuestionId" FOREIGN KEY ("QuestionId") REFERENCES public."Questions"("Id") ON DELETE CASCADE;


--
-- Name: QuizzSummaryElement FK_QuizzSummaryElement_QuizSummaries_QuizzSummaryId; Type: FK CONSTRAINT; Schema: public; Owner: DriverSchoolUser
--

ALTER TABLE ONLY public."QuizzSummaryElement"
    ADD CONSTRAINT "FK_QuizzSummaryElement_QuizSummaries_QuizzSummaryId" FOREIGN KEY ("QuizzSummaryId") REFERENCES public."QuizSummaries"("Id");


--
-- PostgreSQL database dump complete
--

