--
-- PostgreSQL database dump
--

-- Dumped from database version 16.1
-- Dumped by pg_dump version 16.2

SET statement_timeout = 0;
SET lock_timeout = 0;
SET idle_in_transaction_session_timeout = 0;
SET client_encoding = 'UTF8';
SET standard_conforming_strings = on;
SELECT pg_catalog.set_config('search_path', '', false);
SET check_function_bodies = false;
SET xmloption = content;
SET client_min_messages = warning;
SET row_security = off;

SET default_tablespace = '';

SET default_table_access_method = heap;

--
-- Name: QuestionUser; Type: TABLE; Schema: public; Owner: DrivingSchoolUser
--

CREATE TABLE public."QuestionUser" (
    "SavedQuestionsId" integer NOT NULL,
    "UsersId" integer NOT NULL
);


ALTER TABLE public."QuestionUser" OWNER TO "DrivingSchoolUser";

--
-- Name: Questions; Type: TABLE; Schema: public; Owner: DrivingSchoolUser
--

CREATE TABLE public."Questions" (
    "Id" integer NOT NULL,
    "Title" text NOT NULL,
    "Text" text NOT NULL,
    "Answers" text[] NOT NULL,
    "AnswerIndex" integer NOT NULL,
    "Themes" text[],
    "ImageUri" text NOT NULL,
    "CreationDate" timestamp with time zone NOT NULL,
    "Explanation" text,
    "IsSerious" boolean DEFAULT false NOT NULL,
    "ThumbnailUri" text
);


ALTER TABLE public."Questions" OWNER TO "DrivingSchoolUser";

--
-- Name: Questions_Id_seq; Type: SEQUENCE; Schema: public; Owner: DrivingSchoolUser
--

ALTER TABLE public."Questions" ALTER COLUMN "Id" ADD GENERATED BY DEFAULT AS IDENTITY (
    SEQUENCE NAME public."Questions_Id_seq"
    START WITH 1
    INCREMENT BY 1
    NO MINVALUE
    NO MAXVALUE
    CACHE 1
);


--
-- Name: QuizSummaries; Type: TABLE; Schema: public; Owner: DrivingSchoolUser
--

CREATE TABLE public."QuizSummaries" (
    "Id" integer NOT NULL,
    "Score" integer NOT NULL,
    "isSuccess" boolean NOT NULL,
    "CreationDate" timestamp with time zone NOT NULL,
    "UserId" integer DEFAULT 2 NOT NULL
);


ALTER TABLE public."QuizSummaries" OWNER TO "DrivingSchoolUser";

--
-- Name: QuizSummaries_Id_seq; Type: SEQUENCE; Schema: public; Owner: DrivingSchoolUser
--

ALTER TABLE public."QuizSummaries" ALTER COLUMN "Id" ADD GENERATED BY DEFAULT AS IDENTITY (
    SEQUENCE NAME public."QuizSummaries_Id_seq"
    START WITH 1
    INCREMENT BY 1
    NO MINVALUE
    NO MAXVALUE
    CACHE 1
);


--
-- Name: QuizzSummaryElement; Type: TABLE; Schema: public; Owner: DrivingSchoolUser
--

CREATE TABLE public."QuizzSummaryElement" (
    "Id" integer NOT NULL,
    "UserAnswerIndex" integer NOT NULL,
    "QuizzSummaryId" integer,
    "IsAnswerCorrect" boolean NOT NULL,
    "QuestionId" integer NOT NULL,
    "CreationDate" timestamp with time zone NOT NULL
);


ALTER TABLE public."QuizzSummaryElement" OWNER TO "DrivingSchoolUser";

--
-- Name: QuizzSummaryElement_Id_seq; Type: SEQUENCE; Schema: public; Owner: DrivingSchoolUser
--

ALTER TABLE public."QuizzSummaryElement" ALTER COLUMN "Id" ADD GENERATED BY DEFAULT AS IDENTITY (
    SEQUENCE NAME public."QuizzSummaryElement_Id_seq"
    START WITH 1
    INCREMENT BY 1
    NO MINVALUE
    NO MAXVALUE
    CACHE 1
);


--
-- Name: Users; Type: TABLE; Schema: public; Owner: DrivingSchoolUser
--

CREATE TABLE public."Users" (
    "Id" integer NOT NULL,
    "Email" text NOT NULL,
    "UserName" text NOT NULL,
    "CreationDate" timestamp with time zone NOT NULL
);


ALTER TABLE public."Users" OWNER TO "DrivingSchoolUser";

--
-- Name: Users_Id_seq; Type: SEQUENCE; Schema: public; Owner: DrivingSchoolUser
--

ALTER TABLE public."Users" ALTER COLUMN "Id" ADD GENERATED BY DEFAULT AS IDENTITY (
    SEQUENCE NAME public."Users_Id_seq"
    START WITH 1
    INCREMENT BY 1
    NO MINVALUE
    NO MAXVALUE
    CACHE 1
);


--
-- Name: __EFMigrationsHistory; Type: TABLE; Schema: public; Owner: DrivingSchoolUser
--

CREATE TABLE public."__EFMigrationsHistory" (
    "MigrationId" character varying(150) NOT NULL,
    "ProductVersion" character varying(32) NOT NULL
);


ALTER TABLE public."__EFMigrationsHistory" OWNER TO "DrivingSchoolUser";

--
-- Data for Name: QuestionUser; Type: TABLE DATA; Schema: public; Owner: DrivingSchoolUser
--

COPY public."QuestionUser" ("SavedQuestionsId", "UsersId") FROM stdin;
539	2
526	2
501	2
513	2
537	2
535	2
522	2
520	2
525	2
545	3
521	3
507	3
551	3
511	3
524	3
547	3
542	3
514	3
513	3
515	3
523	3
516	3
533	3
\.


--
-- Data for Name: Questions; Type: TABLE DATA; Schema: public; Owner: DrivingSchoolUser
--

COPY public."Questions" ("Id", "Title", "Text", "Answers", "AnswerIndex", "Themes", "ImageUri", "CreationDate", "Explanation", "IsSerious", "ThumbnailUri") FROM stdin;
502	Sample Question TODO Image	Cette veste de sécurité est un accessoire :	{Conseillé,Obligatoire,Interdit}	1	{Equipement}	https://firebasestorage.googleapis.com/v0/b/drivingschoolbelgium.appspot.com/o/images%2Fdfdb4d39-01e4-40c8-91ab-264c0a21bb04.jpg?alt=media&token=1cecb763-1765-4ce3-86e3-95a90b8f6ae4	2024-01-11 19:56:28.619031+01	\N	f	https://firebasestorage.googleapis.com/v0/b/drivingschoolbelgium.appspot.com/o/images%2Fthumbnails%2F3f708f37-f8a6-4a37-a566-fed89b3c32c1.jpg?alt=media&token=8e6f68d5-023f-44ae-8935-b928c76bc2c0
504	Sample Question TODO Image	Les quatre chiffres précédés de la mention DOT vous indiquent la date de fabrication de ce pneu :	{"Oui, les deux premiers chiffres indiquent la semaine, les deux suivants, l'année","Oui, les deux premiers chiffres indiquent l'année, les deux suivants, la semaine",Non}	0	{Equipement}	https://firebasestorage.googleapis.com/v0/b/drivingschoolbelgium.appspot.com/o/images%2Fdfdb4d39-01e4-40c8-91ab-264c0a21bb04.jpg?alt=media&token=1cecb763-1765-4ce3-86e3-95a90b8f6ae4	2024-01-11 19:56:28.619044+01	\N	f	https://firebasestorage.googleapis.com/v0/b/drivingschoolbelgium.appspot.com/o/images%2Fthumbnails%2F3f708f37-f8a6-4a37-a566-fed89b3c32c1.jpg?alt=media&token=8e6f68d5-023f-44ae-8935-b928c76bc2c0
505	Sample Question TODO Image and explanation	Après avoir déposé son passager, ce conducteur sort les bagages du coffre. Ce véhicule doit être considéré comme :	{Arrêté,"A l'arrêt","En stationnement"}	1	{Equipement}	https://firebasestorage.googleapis.com/v0/b/drivingschoolbelgium.appspot.com/o/images%2Fdfdb4d39-01e4-40c8-91ab-264c0a21bb04.jpg?alt=media&token=1cecb763-1765-4ce3-86e3-95a90b8f6ae4	2024-01-11 19:56:28.619054+01	\N	f	https://firebasestorage.googleapis.com/v0/b/drivingschoolbelgium.appspot.com/o/images%2Fthumbnails%2F3f708f37-f8a6-4a37-a566-fed89b3c32c1.jpg?alt=media&token=8e6f68d5-023f-44ae-8935-b928c76bc2c0
508	Sample Question	Je peux m'engager dans ce carrefour pour virer à gauche :	{Oui,Non}	1	{Priorité}	https://firebasestorage.googleapis.com/v0/b/drivingschoolbelgium.appspot.com/o/images%2Fdfdb4d39-01e4-40c8-91ab-264c0a21bb04.jpg?alt=media&token=1cecb763-1765-4ce3-86e3-95a90b8f6ae4	2024-01-11 19:56:28.619071+01	\N	f	https://firebasestorage.googleapis.com/v0/b/drivingschoolbelgium.appspot.com/o/images%2Fthumbnails%2F3f708f37-f8a6-4a37-a566-fed89b3c32c1.jpg?alt=media&token=8e6f68d5-023f-44ae-8935-b928c76bc2c0
503	Carburant le plus écologique	Quel carburant se montre le plus écologique :	{"Le diesel",L'essence,"Le gaz (LPG)"}	0	{Equipement}	https://firebasestorage.googleapis.com/v0/b/drivingschoolbelgium.appspot.com/o/images%2Fdb513b80-d91e-4d4c-b3cb-9ecaf6d2c1fe.jpg?alt=media&token=87921167-9dc6-406a-adcf-68dbb7de5b8d	2024-01-11 19:56:28.619035+01	\N	f	https://firebasestorage.googleapis.com/v0/b/drivingschoolbelgium.appspot.com/o/images%2Fthumbnails%2F9c69eba0-cc00-4e10-a498-b9a721c19460.jpg?alt=media&token=a3e9025d-45aa-4836-83ef-a689c6f1e5f8
507	Sample Question	Celui qui pousse à la main une moto doit être considéré comme :	{Piéton,Conducteur,Passager}	0	{Divers}	https://firebasestorage.googleapis.com/v0/b/drivingschoolbelgium.appspot.com/o/images%2Fe77fff91-fa37-4817-8203-f4acfbc4260d.jpg?alt=media&token=1c027141-18ae-48a9-952c-d74136057a5f	2024-01-11 19:56:28.619067+01	\N	f	https://firebasestorage.googleapis.com/v0/b/drivingschoolbelgium.appspot.com/o/images%2Fthumbnails%2F91e8d5e5-83fc-4e12-b31b-5e3fee33cc50.jpg?alt=media&token=cf0a5c48-d356-4c1c-8df0-e6edb4d136c3
509	Sample Question	Qui décide d'une interdiction temporaire de conduire ?	{"L'agent qualifié","Le procureur du Roi","Le juge"}	0	{Priorité}	https://firebasestorage.googleapis.com/v0/b/drivingschoolbelgium.appspot.com/o/images%2Fb2b3452e-8142-420a-8f98-4c06c4fc2c3c.jpg?alt=media&token=b5d0dcd0-8927-4279-a012-170717d3a9a8	2024-01-11 19:56:28.619074+01	\N	f	https://firebasestorage.googleapis.com/v0/b/drivingschoolbelgium.appspot.com/o/images%2Fthumbnails%2Fd7fa0ffc-4b30-4e9b-afd3-0fa93145437d.jpg?alt=media&token=d1565e2e-3374-4bea-9e5a-ea2aa2f07db4
510	Virage dangereux. Virage à gauche	Quel danger représente ce panneau ?	{"Un virage dangereux à gauche dans 150m","Un cul de sac","Un virage dangereux à droite dans 150m"}	0	{Panneau}	https://firebasestorage.googleapis.com/v0/b/drivingschoolbelgium.appspot.com/o/images%2F6bf45e12-cc2c-4ccd-9de6-b2b673d7de9d.jpg?alt=media&token=e64bc297-b12a-4c17-85e3-5a997cda252f	2024-01-11 19:56:28.619077+01	Le panneau indique un virage dangereux à gauche dans 150m	f	https://firebasestorage.googleapis.com/v0/b/drivingschoolbelgium.appspot.com/o/images%2Fthumbnails%2F6bf6923f-13cc-4c80-b0fe-5725f5db020a.jpg?alt=media&token=db620299-7cd9-43da-a126-f5d4f24728b4
518	Avertir	Lorsque je suis sur route ordinaire, un accident doit être signalé:	{"Uniquement en amont","Des deux côtés, en amont et en aval de l'accident","Uniquement en aval"}	0	{Accident}	https://firebasestorage.googleapis.com/v0/b/drivingschoolbelgium.appspot.com/o/images%2F629fb48c-9020-4da9-9d0a-f58f2c789d24.jpg?alt=media&token=95ae6419-7849-4557-8aab-93f3e99c8b70	2024-01-11 19:56:28.619119+01	Il faut impérativement signaler un accident des deux côtés lorsqu'on est sur route ordinaire, en amont et en aval de l'accident. Sur route ordinaire il faut placer le triangle à 30m en amont et en aval de l'accident	f	https://firebasestorage.googleapis.com/v0/b/drivingschoolbelgium.appspot.com/o/images%2Fthumbnails%2F1f40e551-fc08-412e-9ee0-555a24760926.jpg?alt=media&token=ed313189-5a66-4139-883e-74f44fafd946
520	Régime moteur	Lorsque je roule au diesel, je dois passer une vitesse lorsque le régime moteur atteint :	{"1500 tours/minute","2000 tours/minute","2500 tours/minute"}	0	{Divers}	https://firebasestorage.googleapis.com/v0/b/drivingschoolbelgium.appspot.com/o/images%2Ff5bac98a-6f66-4511-928e-d9f623b8cf1f.jpg?alt=media&token=0c4d8a5d-7da9-439c-afcb-1f86279466ab	2024-01-11 19:56:28.619148+01	Lorsque vous roulez au diesel, il est généralement recommandé de passer une vitesse lorsque le régime moteur atteint environ 2000 tours/minute. Cela permet d'optimiser l'efficacité du moteur, assurant une consommation de carburant raisonnable tout en offrant une puissance adéquate pour la conduite. Le choix précis du régime moteur pour passer à une vitesse supérieure peut varier en fonction du véhicule et des conditions de conduite, mais 2000 tours/minute est une référence courante.	f	https://firebasestorage.googleapis.com/v0/b/drivingschoolbelgium.appspot.com/o/images%2Fthumbnails%2Fa497136d-58b5-461a-87de-7f26d1de5315.jpg?alt=media&token=ba078b2e-e063-4e38-a748-dce3f2430e1f
521	Transport vélo	Lorsque je transporte des vélos, quel est l'endroit ou ils augmenterons la consommation du véhicule le moins possible:	{"A l'arrière du véhicule","Sur le toit du véhicule","Peu importe"}	0	{Divers}	https://firebasestorage.googleapis.com/v0/b/drivingschoolbelgium.appspot.com/o/images%2Fd41a27fd-3cc5-42d3-9261-9f7540fbcc55.jpg?alt=media&token=a2803327-ac0b-4972-9260-294a3f15ffc7	2024-01-11 19:56:28.61916+01	Lorsque vous transportez des vélos, les placer à l'arrière du véhicule est généralement préférable pour minimiser la consommation de carburant. Cela s'explique par la moindre résistance à l'air à l'arrière du véhicule, réduisant ainsi la traînée aérodynamique.	f	https://firebasestorage.googleapis.com/v0/b/drivingschoolbelgium.appspot.com/o/images%2Fthumbnails%2F14c133ed-5465-43f4-8451-58f3cf8b18e3.jpg?alt=media&token=73afb35d-3df0-40ca-89d9-2a45248ad303
522	Inscriptions sur le pneu	Sur le flanc de ce pneu, je peux lire : 215/60 R 16 91V. Que signifie le 60?	{"La largeur de la bande de roulement (en mm)","Le rapport hauteur/largeur du pneu","Le diamètre de la jante en pouces "}	0	{Divers}	https://firebasestorage.googleapis.com/v0/b/drivingschoolbelgium.appspot.com/o/images%2F422204ab-bf70-4275-954c-5c9604e81ab2.jpg?alt=media&token=bb29b806-1282-4e2c-aeb5-5da05d9c0fdb	2024-01-11 19:56:28.619167+01	Le nombre 60 dans l'inscription du pneu (215/60 R 16 91V) représente le rapport hauteur/largeur du pneu.	f	https://firebasestorage.googleapis.com/v0/b/drivingschoolbelgium.appspot.com/o/images%2Fthumbnails%2F534bac84-536d-45ad-97a3-c0e97676ce8b.jpg?alt=media&token=dbc20b39-6031-4054-9fc0-a84059041206
523	Inscriptions sur le pneu	Sur le flanc de ce pneu, je peux lire : 215/60 R 16 91V. Que signifie le 16?	{"La largeur de la bande de roulement (en mm)","Le rapport hauteur/largeur du pneu","Le diamètre de la jante en pouces "}	0	{Divers}	https://firebasestorage.googleapis.com/v0/b/drivingschoolbelgium.appspot.com/o/images%2F17c49ab1-4311-4ef0-b51a-f070b9394a09.jpg?alt=media&token=47ebab59-10ae-4bfc-a631-024ef74b4f40	2024-01-11 19:56:28.619172+01	Le nombre 16 dans l'inscription du pneu (215/60 R 16 91V) représente la taille de la jante en pouces.	f	https://firebasestorage.googleapis.com/v0/b/drivingschoolbelgium.appspot.com/o/images%2Fthumbnails%2F8c07489a-7fd9-45b1-89ac-404c4949d93e.jpg?alt=media&token=26e51e5c-3fdb-494d-9aab-b1bddbcea0cd
524	Inscriptions sur le pneu	Sur le flanc de ce pneu je peux lire : 215/60 R 16 91V. Que signifie le 215?	{"La largeur de la bande de roulement (en mm)","Le rapport hauteur/largeur du pneu","Le diamètre de la jante en pouces "}	0	{Divers}	https://firebasestorage.googleapis.com/v0/b/drivingschoolbelgium.appspot.com/o/images%2Fdc8d6bff-697c-4376-bd2d-5a785d6ad2a4.jpg?alt=media&token=cde2fb2d-8714-4ab2-806d-a3e6753d9d75	2024-01-11 19:56:28.619177+01	Le nombre 16 dans l'inscription du pneu (215/60 R 16 91V) représente la taille de la jante en pouces.	f	https://firebasestorage.googleapis.com/v0/b/drivingschoolbelgium.appspot.com/o/images%2Fthumbnails%2Fb41ddedf-5021-43c7-ae7f-722d09515dfc.jpg?alt=media&token=d4f6d0ba-c446-434d-81ba-5041a89c99f6
525	Consommation carburant	Lorsque je roule à haut régime moteur, ma consommation de carburant :	{"Est diminuée","Est augmentée","N'est pas impactée"}	0	{Divers}	https://firebasestorage.googleapis.com/v0/b/drivingschoolbelgium.appspot.com/o/images%2F0e2fad84-2ef1-4003-98a7-337d8446a469.jpg?alt=media&token=5ad5af2e-1645-4114-97f6-78df2b2db31b	2024-01-11 19:56:28.619186+01	Lorsque vous roulez à haut régime moteur, votre consommation de carburant a tendance à augmenter. Cela est dû à une combustion plus rapide du carburant pour fournir l'énergie nécessaire à des régimes élevés. En général, maintenir un régime moteur modéré peut contribuer à une meilleure efficacité énergétique et donc à une consommation de carburant plus faible.	f	https://firebasestorage.googleapis.com/v0/b/drivingschoolbelgium.appspot.com/o/images%2Fthumbnails%2Fe9e65b52-11a2-43f7-9aa4-f1304a875c85.jpg?alt=media&token=6da72f9f-81cb-4565-a47f-c45f554964e1
526	Feux de routes TODO Image	Je circule en feux de route et je rattrape une voiture. Je dois repasser un feux de croisement si je suis a moins de:	{"50m de la voiture","100m de la voiture","200m de la voiture"}	0	{Feux}	https://firebasestorage.googleapis.com/v0/b/drivingschoolbelgium.appspot.com/o/images%2Fdfdb4d39-01e4-40c8-91ab-264c0a21bb04.jpg?alt=media&token=1cecb763-1765-4ce3-86e3-95a90b8f6ae4	2024-01-11 19:56:28.619206+01	TODO	t	https://firebasestorage.googleapis.com/v0/b/drivingschoolbelgium.appspot.com/o/images%2Fthumbnails%2F3f708f37-f8a6-4a37-a566-fed89b3c32c1.jpg?alt=media&token=8e6f68d5-023f-44ae-8935-b928c76bc2c0
527	Depasser cycliste hors agglomération TODO Image	Je me déplace hors agglomération, je veux dépasser un cycliste. Je dois respecter une distance latérale de:	{"0,5m",1m,"1,5m"}	2	{Dépassements}	https://firebasestorage.googleapis.com/v0/b/drivingschoolbelgium.appspot.com/o/images%2Fdfdb4d39-01e4-40c8-91ab-264c0a21bb04.jpg?alt=media&token=1cecb763-1765-4ce3-86e3-95a90b8f6ae4	2024-01-11 19:56:28.619212+01	Respectez un distance de 1,5m lors d'un dépassement de cycliste hors agglomération et de 1m en agglomération.	t	https://firebasestorage.googleapis.com/v0/b/drivingschoolbelgium.appspot.com/o/images%2Fthumbnails%2F3f708f37-f8a6-4a37-a566-fed89b3c32c1.jpg?alt=media&token=8e6f68d5-023f-44ae-8935-b928c76bc2c0
530	Cyclomoteur avec permis B provisoire	Ai-je le droit de conduire un cyclomoteur avec un permis B provisoire ?	{Oui,Non}	0	{Permis}	https://firebasestorage.googleapis.com/v0/b/drivingschoolbelgium.appspot.com/o/images%2F38e9370d-2827-4657-8fc7-cba2cade4363.jpg?alt=media&token=22872059-f8ef-490b-a254-193ae840d083	2024-01-11 19:56:28.61931+01	Pour conduire un cyclomoteur, il faut être titulaire d'un permis AM ou d'un permis B définitif. Le permis B provisoire ne permet pas de conduire un cyclomoteur.	f	https://firebasestorage.googleapis.com/v0/b/drivingschoolbelgium.appspot.com/o/images%2Fthumbnails%2Fb655ff64-6845-4b72-a770-af42bb7f0700.jpg?alt=media&token=fbc67268-0b8a-4afc-b089-bea6b4991c0d
535	Perception immédiate résident belge	Un résidant belge peut-il faire l'objet d'une perception immédiate dans le cas d'une infraction du 4eme degré ?	{"De 1500 euros","De 1250 euros",Non}	0	{Divers}	https://firebasestorage.googleapis.com/v0/b/drivingschoolbelgium.appspot.com/o/images%2F38c14446-4096-4697-beae-a12fa906d5f9.jpg?alt=media&token=c942a0af-1648-4c43-9572-85feda88112d	2024-01-11 19:56:28.619374+01	Un résidant belge ne peut pas faire l'objet d'une perception immédiate dans le cas d'une infraction du 4eme degré.	f	https://firebasestorage.googleapis.com/v0/b/drivingschoolbelgium.appspot.com/o/images%2Fthumbnails%2Fbc4d9438-dce2-4409-a5ad-57bd330ac25d.jpg?alt=media&token=7b522e81-7571-4cff-8d05-429a3d166e32
536	Numéro européen des urgences	Quel est le numéro d'urgence gratuit qui permet de joindre les services de secours partout en Europe ?	{"Le 100","Le 101","Le 112"}	0	{Divers}	https://firebasestorage.googleapis.com/v0/b/drivingschoolbelgium.appspot.com/o/images%2Fb0608bca-928d-4844-affa-8605ee9389c3.jpg?alt=media&token=bad6bc18-d484-4ed4-b8b9-687f8cde0c4e	2024-01-11 19:56:28.619379+01	Le 112 est le numéro de téléphone réservé aux appels d’urgence et valide dans l’ensemble de l’Union européenne (il est aussi utilisé dans la plupart des autres pays européens, selon les opérateurs de télécommunications ou les législations locales).	f	https://firebasestorage.googleapis.com/v0/b/drivingschoolbelgium.appspot.com/o/images%2Fthumbnails%2F8b00aaa3-4232-4d75-9d44-1e86900b1776.jpg?alt=media&token=26aec048-ecbe-4d7a-8427-220399455a84
537	Panneau voie prioritaire	Ce panneau indique que :	{"Je suis sur un autoroute","Je suis sur une voie prioritaire","J'ai priorité au prochain carrefour"}	0	{Panneau}	https://firebasestorage.googleapis.com/v0/b/drivingschoolbelgium.appspot.com/o/images%2F3e4e5b51-a2f7-40a9-bd01-ef091d912ae1.jpg?alt=media&token=7624b5cc-3e82-47cf-b01a-968d065b00cd	2024-01-11 19:56:28.619384+01	Ce panneau jaune indique que vous circulez sur une voie prioritaire, vous avez donc priorité dans les carrefours suivants.	f	https://firebasestorage.googleapis.com/v0/b/drivingschoolbelgium.appspot.com/o/images%2Fthumbnails%2F0eeb4c73-f570-42eb-bad6-b048d54a3168.jpg?alt=media&token=012ea791-3a71-4a09-9957-c4722c61dcfb
538	Panneau ceder passager 200m	Ce panneau indique que :	{"Je dois céder le passage pendant 200m","Dans 200m je devrais céder le passage","Carrefour dans 200m"}	0	{Panneau}	https://firebasestorage.googleapis.com/v0/b/drivingschoolbelgium.appspot.com/o/images%2F8711797e-dd16-45af-abb0-8ce56fd205e2.jpg?alt=media&token=bc4f6f15-c8c8-4733-965e-0097aaf061b8	2024-01-11 19:56:28.619389+01	Ce panneau jaune indique que vous circulez sur une voie prioritaire, vous avez donc priorité dans les carrefours suivants.	f	https://firebasestorage.googleapis.com/v0/b/drivingschoolbelgium.appspot.com/o/images%2Fthumbnails%2Fc3b7f696-753a-43fd-873e-7394bee4a4a5.jpg?alt=media&token=dff80127-06cc-4a23-b511-13fd93650dd5
539	Priorité ponctuelle	Ce panneau indique:	{"Intersection dans 150m","Voie prioritaire","J'ai priorité à gauche et a droite au prochain carrefour"}	0	{Panneau}	https://firebasestorage.googleapis.com/v0/b/drivingschoolbelgium.appspot.com/o/images%2F00e19038-7216-491e-ad47-3de7d47b4621.jpg?alt=media&token=f04ae753-3e8f-47e1-9659-002e48684e78	2024-01-11 19:56:28.619393+01	Ce panneau indique que vous avez la priorité sur tous les véhicules qui viennent de gauche ou de droite	f	https://firebasestorage.googleapis.com/v0/b/drivingschoolbelgium.appspot.com/o/images%2Fthumbnails%2F2fe56104-fee6-4d20-bde1-45fc59c299f7.jpg?alt=media&token=5f232418-0e6f-453c-8153-9d066e499db5
540	Interdiction de dépasser un véhicule a plus de 2 roues	Ce panneau indique qu'il est interdit de :	{"Dépasser pour tout les conducteurs","Dépasser un véhicule attelé ou à plus de 2 roues","Rester sur la bande de gauche"}	0	{Panneau}	https://firebasestorage.googleapis.com/v0/b/drivingschoolbelgium.appspot.com/o/images%2F7e1b93bb-c46a-4f21-aeac-f655a30b3fd3.jpg?alt=media&token=0deb4b01-e7af-4ebb-9244-9f18efc32dda	2024-01-11 19:56:28.619398+01	Le signal d'interdiction interdit aux conducteurs de dépasser par la gauche: \n\n Un véhicule attelé ou un véhicule a plus de deux roues. \n\n On peut donc dépasser un véhicule à deux roues, par contre un deux roues ne peut pas dépasser un véhicule attelé ou à plus de deux roues.	f	https://firebasestorage.googleapis.com/v0/b/drivingschoolbelgium.appspot.com/o/images%2Fthumbnails%2Fc86176b8-ebd1-4e09-b535-e4200a03cb40.jpg?alt=media&token=b70a9ab9-38d5-47ea-b684-5ad783d40aa4
541	Interdiction de dépasser un véhicule a plus de 2 roues	Après ce panneau, qui puis-je dépasser par la gauche ?	{"Une motocyclette","Tout type de véhicules à moteur","Aucun véhicule"}	0	{Panneau}	https://firebasestorage.googleapis.com/v0/b/drivingschoolbelgium.appspot.com/o/images%2F3cff279e-41f0-40aa-95c0-50d244a14b69.jpg?alt=media&token=271f98cf-0279-4ec0-8743-d5b162ba84d3	2024-01-11 19:56:28.619408+01	Le signal d'interdiction interdit aux conducteurs de dépasser par la gauche: \n\n Un véhicule attelé ou un véhicule a plus de deux roues. \n\n On peut donc dépasser un véhicule à deux roues, par contre un deux roues ne peut pas dépasser un véhicule attelé ou à plus de deux roues.	f	https://firebasestorage.googleapis.com/v0/b/drivingschoolbelgium.appspot.com/o/images%2Fthumbnails%2Fc63b7f88-ba33-4941-a298-e38e5961b2a1.jpg?alt=media&token=6fb0db71-4566-4c0f-a8fa-71418045e263
543	Dechéance par le juge exces de vitesse en agglo	Le juge sera dans l'obligation de prononcer une déchéance du permis de conduire si l'exces de vitesse en agglomération dépasse: ?	{"20 km/h","30 km/h","40 km/h"}	0	{Divers}	https://firebasestorage.googleapis.com/v0/b/drivingschoolbelgium.appspot.com/o/images%2Fc77f08e1-2849-4880-8c47-896db5604ae6.jpg?alt=media&token=652657e6-1eb1-4b3f-aef3-7b56ca892e3e	2024-01-11 19:56:28.61942+01	Les déchéances sont: \n\nPossible en cas de conduite sous influence, infraction du 2eme ou 3eme degré, pour les excès de plus de 30km/h ou de 20km/h dans les zones lentes\n\nObligatoires: infraction du 4eme degré, excès de vitesse de plus de 40km/h ou plus de 30km/h en zone lente. \n\nObligatoire pour les permis B de moins de 2 ans: pour toute infraction qui rend une déchéance possible (Voir plus haut). 	f	https://firebasestorage.googleapis.com/v0/b/drivingschoolbelgium.appspot.com/o/images%2Fthumbnails%2F80b56766-1afc-4d09-835f-e58cde3c7c5e.jpg?alt=media&token=79548ad1-130d-45fc-873e-ba8cc2c8f1e4
544	Retirer pour écologie	Lorsque je n'en n'ai plus besoin, pour une conduite plus économique:	{"Je retire le coffre de toît","Le coffre de toît n'a pas d'influence sur la consommation"}	0	{Divers}	https://firebasestorage.googleapis.com/v0/b/drivingschoolbelgium.appspot.com/o/images%2F9b65bf38-e725-4a71-b862-5dcbb0ab1d8e.jpg?alt=media&token=1c1392e5-540f-4a3e-b43f-a301cfe2f5aa	2024-01-11 19:56:28.619432+01	\N	f	https://firebasestorage.googleapis.com/v0/b/drivingschoolbelgium.appspot.com/o/images%2Fthumbnails%2Ff3de6f99-0185-4a45-b931-cf011ac0b818.jpg?alt=media&token=8a836896-b2e6-4ba5-8a2f-31e6e5f44994
545	Voiture sans abs	Je n'ai pas d'ABS (Anti - Blocking - System) sur mon véhicule, pour garantir un bon freinage je dois: 	{"Enfoncer violemment là pédale pour bloquer les roues","Enfoncer violemment, relacher quand les roues se bloquent, et recommencer","Enfoncer très progressivement la pédale"}	0	{Divers}	https://firebasestorage.googleapis.com/v0/b/drivingschoolbelgium.appspot.com/o/images%2Fc5ebec7f-5c6b-4940-9c65-45e1d30b15f8.jpg?alt=media&token=68ab462a-20fa-41fe-ad35-bd44dce7fb15	2024-01-11 19:56:28.619436+01	 C'est comme ça, mais en beaucoup plus rapide, que fonctionne l'ABS en desserrant le freinage chaque fois que les roues se bloquent.	f	https://firebasestorage.googleapis.com/v0/b/drivingschoolbelgium.appspot.com/o/images%2Fthumbnails%2Fe4fc4340-ddcc-49ec-9d90-13f0a7824a27.jpg?alt=media&token=e6614573-ddae-478e-8134-b7c08e33f501
546	Pieton impliqué dans un accident indirectement	Un conducteur freine brutalement pour laisser passer cette dame et se fait emboutir par l'arrière, quelle affirmation est vraie:	{"Elle doit rester, si elle quitte les lieux elle commet un délit de fuite","Elle n'est pas impliquée dans l'accident elle peut donc partir","Elle n'est pas blessée et donc rien ne l'implique dans l'accident"}	0	{Divers}	https://firebasestorage.googleapis.com/v0/b/drivingschoolbelgium.appspot.com/o/images%2F4311a165-3053-426a-8936-00da11286319.jpg?alt=media&token=dcb8933b-18c1-4278-96e3-c2d5e92baa66	2024-01-11 19:56:28.619442+01	On ne peut rien reprocher à cette dame mais étant donné que si elle n'était pas sur les lieux l'évenement ne se serait pas déroulé de la même façon, elle est impliquée dans l'accidente.	t	https://firebasestorage.googleapis.com/v0/b/drivingschoolbelgium.appspot.com/o/images%2Fthumbnails%2Faea6f2ae-682d-4fbb-b337-8e384783990a.jpg?alt=media&token=4e6d541f-3282-43bd-a874-cf1b3b004e7e
548	Hors agglo vitesse flandre	Sur cette route hors agglomération en flandre je suis limité à :	{"50 km/h","70 km/h","90 km/h"}	0	{Vitesse}	https://firebasestorage.googleapis.com/v0/b/drivingschoolbelgium.appspot.com/o/images%2Fc3335f4f-c2e9-4e63-93fd-daf3969e765e.jpg?alt=media&token=ef57c29b-1b70-4a42-8441-cc6276a3dc46	2024-01-11 19:56:28.619452+01	Sur route ordinaire hors agglomération la vitesse est limitée à \n\n- 90km/h en région wallonne \n\n- 70km/h en région flammande et Bruxelles-capitale	f	https://firebasestorage.googleapis.com/v0/b/drivingschoolbelgium.appspot.com/o/images%2Fthumbnails%2F0a38afae-5ec8-4ee2-b233-40ab18ff6cdf.jpg?alt=media&token=999ac587-9e22-4e35-a54b-dfad9fe2e665
534	Evitement travaux en agglomération TODO Image	En agglomération, des travaux obligent les piétons à emprunter la chaussée. Je dois :	{"M'écarter de 0,50m","M'écarter de 1m","M'écarter de 1,5m"}	1	{Divers}	https://firebasestorage.googleapis.com/v0/b/drivingschoolbelgium.appspot.com/o/images%2Fdfdb4d39-01e4-40c8-91ab-264c0a21bb04.jpg?alt=media&token=1cecb763-1765-4ce3-86e3-95a90b8f6ae4	2024-01-11 19:56:28.619369+01	1m en agglomération et 1,5m hors agglomération, facile a retenir c'est la même distance que pour les dépassemnts de cyclistes.	t	https://firebasestorage.googleapis.com/v0/b/drivingschoolbelgium.appspot.com/o/images%2Fthumbnails%2F3f708f37-f8a6-4a37-a566-fed89b3c32c1.jpg?alt=media&token=8e6f68d5-023f-44ae-8935-b928c76bc2c0
532	Franchissement passage a niveau	Lorsqu'un train passe sur un passage à niveau, je peux le franchir :	{"Quand la barrière est complètement levée et que les feux rouges sont éteints","Juste après le passage du train","Dès que la barrière se lève"}	0	{Divers}	https://firebasestorage.googleapis.com/v0/b/drivingschoolbelgium.appspot.com/o/images%2Fe3e1d4ae-81c6-4032-bf44-17aa76a3c24e.jpg?alt=media&token=910aec70-eef3-4ae9-a6d8-4e31dcf7780d	2024-01-11 19:56:28.619355+01	Un véhicule à l’arrêt est un véhicule ne participant plus à la circulation et qui est rangé par la volonté de son conducteur pour embarquer ou débarquer des personnes ou des choses.\n\nUn véhicule en stationnement est un véhicule ne participant plus à la circulation, qui est rangé par la volonté de son conducteur pour d’autres raisons que l’embarquement ou le débarquement de personnes ou de choses, ou qui reste rangé au-delà du temps nécessaire à ces opérations.\n\nUn véhicule arrêté est simplement un véhicule qui ne bouge pas mais qui est dans la circulation, devant un feu rouge par exemple.	f	https://firebasestorage.googleapis.com/v0/b/drivingschoolbelgium.appspot.com/o/images%2Fthumbnails%2F5c737b94-a900-49c6-817a-1d242d8c4f7f.jpg?alt=media&token=4829db1e-c15e-47be-9f95-243cdf3a55f2
533	Hiérarie des indications a suivre	Je dois suivre les indications données dans cette priorité :	{"Agent de police, signaux lumineux, signaux routiers, règles normales de circulation","Signaux lumineux, agent de police, règles normales de circulation, signaux routiers","Signaux routiers, agent de police, signaux lumineux, règles normales de circulation"}	0	{Divers}	https://firebasestorage.googleapis.com/v0/b/drivingschoolbelgium.appspot.com/o/images%2Fcdcfd1ee-1c45-40c5-a745-9f10eab58cc1.jpg?alt=media&token=ef28008c-3b4a-4175-b6de-c0bd60d32e96	2024-01-11 19:56:28.619364+01	L'ordre hiérarchique des indications à suivre est le suivant : agent de police, signaux lumineux, signaux routiers, règles normales de circulation	t	https://firebasestorage.googleapis.com/v0/b/drivingschoolbelgium.appspot.com/o/images%2Fthumbnails%2F9f000bba-e84d-43ae-a4da-c0c5742191ff.jpg?alt=media&token=bd8e5df4-0108-4e23-a3a5-7d6b294d75cb
547	Consommation et pression de pneu	Si mes pneus sont sous-gonflés, ma consommation de carburant	{Augmente,Diminue,"N'est pas impactée"}	0	{Divers}	https://firebasestorage.googleapis.com/v0/b/drivingschoolbelgium.appspot.com/o/images%2F7bf8544a-ad77-4fb0-907e-c639fa0970d8.jpg?alt=media&token=2211bf14-6273-4436-aa9c-bbc0a9101bb9	2024-01-11 19:56:28.619447+01	Des pneus qui ne sont pas suffisamment gonflés augmentent la résistance au roulement et augmentent donc la consommation	f	https://firebasestorage.googleapis.com/v0/b/drivingschoolbelgium.appspot.com/o/images%2Fthumbnails%2F651084da-eb8f-4537-923c-6c1923a87a71.jpg?alt=media&token=4c7c2945-27ab-45ae-ade8-e4b0389f7d2b
514	Chaussée glissante	Quel danger représente ce panneau ?	{"Possiblité de verglas","Succession de virages dangereux","Chaussée glissante"}	0	{Panneau}	https://firebasestorage.googleapis.com/v0/b/drivingschoolbelgium.appspot.com/o/images%2F6efca375-5a68-4e16-b77e-4218be2e6cd0.jpg?alt=media&token=ab7cabfe-7100-4881-a120-0c3251c7e82c	2024-01-11 19:56:28.619095+01	Chaussée glissante	f	https://firebasestorage.googleapis.com/v0/b/drivingschoolbelgium.appspot.com/o/images%2Fthumbnails%2Fc747e3d9-1aba-4f5d-aab9-8766219d69ac.jpg?alt=media&token=b26195cc-a956-4f8a-b7b5-13813e3dae12
550	Hors agglo vitesse Wallonnie (avec panneau 70)	Sur cette route hors agglomération en flandre je suis limité à :	{"50 km/h","70 km/h","90 km/h"}	1	{Vitesse}	https://firebasestorage.googleapis.com/v0/b/drivingschoolbelgium.appspot.com/o/images%2Fdfdb4d39-01e4-40c8-91ab-264c0a21bb04.jpg?alt=media&token=1cecb763-1765-4ce3-86e3-95a90b8f6ae4	2024-01-11 19:56:28.619462+01	Sur route ordinaire hors agglomération la vitesse est limitée à \n\n- 90km/h en région wallonne \n\n- 70km/h en région flammande et Bruxelles-capitale \n\nHors ici il y a un panneau qui indique 70 km/h, c'est donc lui qui est prioritaire (Agent de police, feux lumineux, panneaux, règles normales de circulation.	f	https://firebasestorage.googleapis.com/v0/b/drivingschoolbelgium.appspot.com/o/images%2Fthumbnails%2F3f708f37-f8a6-4a37-a566-fed89b3c32c1.jpg?alt=media&token=8e6f68d5-023f-44ae-8935-b928c76bc2c0
513	Rétrécissement de la chaussée	Quel danger représente ce panneau ?	{"Rétrécissement de la chaussée par la gauche","Rétrécissement de la chaussée par la droite","Travaux sur la bande de gauche"}	0	{Panneau}	https://firebasestorage.googleapis.com/v0/b/drivingschoolbelgium.appspot.com/o/images%2F9786d0f7-7675-4c17-ba04-ce52211fc7d4.jpg?alt=media&token=b6edf147-e81f-41ae-a99e-e55763fd0573	2024-01-11 19:56:28.619091+01	Rétrécissement de la chaussée par la gauche	f	https://firebasestorage.googleapis.com/v0/b/drivingschoolbelgium.appspot.com/o/images%2Fthumbnails%2Ff4ef1ac6-c190-4eec-9d27-3525d778da80.jpg?alt=media&token=8654fa0b-6bad-4714-942c-6b4381584b7f
515	Type de panneau	Que représente un panneau rond à fond bleu	{"Une interiction","Une indication","Une obligation"}	0	{Panneau}	https://firebasestorage.googleapis.com/v0/b/drivingschoolbelgium.appspot.com/o/images%2F7ec929b1-6806-427c-a2a5-4055e8fe776a.jpg?alt=media&token=89ab38d1-5ec9-41dd-9c28-2c7b2604092b	2024-01-11 19:56:28.6191+01		f	https://firebasestorage.googleapis.com/v0/b/drivingschoolbelgium.appspot.com/o/images%2Fthumbnails%2Fa417b8d0-d4e3-4e71-9505-6e26071a5603.jpg?alt=media&token=ec1fd9f8-0460-4b4d-80ca-c57851decba4
516	Modification du constat	Après avoir quitté les lieux de l'accident je me rends compte que le recto remplit avec l'autre partie est erroné. Puis-je la modifier ?	{Oui,Non}	0	{Accident}	https://firebasestorage.googleapis.com/v0/b/drivingschoolbelgium.appspot.com/o/images%2Fccf1a11b-4305-4d9e-8e88-1d52adf3f79d.jpg?alt=media&token=112bba9e-4089-4eaf-ae0b-e1783f3e6ab4	2024-01-11 19:56:28.619104+01	Dans aucun cas il n'est toléré de modifier le recto du constat. Si vous vous rendez compte d'une erreur, vous devez le signaler à votre assureur	f	https://firebasestorage.googleapis.com/v0/b/drivingschoolbelgium.appspot.com/o/images%2Fthumbnails%2F0abe34a9-2a5b-4b5a-915f-b54de60e1652.jpg?alt=media&token=6d2a0a2c-d6d7-4640-81cf-696b4e4255f1
549	Hors agglo vitesse wallonnie	Sur cette route hors agglomération en Wallonnie je suis limité à :	{"50 km/h","70 km/h","90 km/h"}	0	{Vitesse}	https://firebasestorage.googleapis.com/v0/b/drivingschoolbelgium.appspot.com/o/images%2F9679b045-4856-476f-bf99-ca87ab2d6885.jpg?alt=media&token=534dbd7b-6cd9-4c2d-8aed-0e991fc7f5a8	2024-01-11 19:56:28.619457+01	Sur route ordinaire hors agglomération la vitesse est limitée à \n\n- 90km/h en région wallonne \n\n- 70km/h en région flammande et Bruxelles-capitale	f	https://firebasestorage.googleapis.com/v0/b/drivingschoolbelgium.appspot.com/o/images%2Fthumbnails%2Fc4f486ba-a140-49e5-8c95-5f48ab983180.jpg?alt=media&token=4f5ee1ce-ee9e-4bc9-b5fd-6d6775c3bdd5
551		fesf	{fesf,fesf,esfsef}	0	{}	https://firebasestorage.googleapis.com/v0/b/drivingschoolbelgium.appspot.com/o/images%2Fdfdb4d39-01e4-40c8-91ab-264c0a21bb04.jpg?alt=media&token=1cecb763-1765-4ce3-86e3-95a90b8f6ae4	2024-02-29 15:29:18.376519+01	efesf	f	https://firebasestorage.googleapis.com/v0/b/drivingschoolbelgium.appspot.com/o/images%2Fthumbnails%2F3f708f37-f8a6-4a37-a566-fed89b3c32c1.jpg?alt=media&token=8e6f68d5-023f-44ae-8935-b928c76bc2c0
528	Depasser cycliste en agglomération TODO Image	Je me déplace en agglomération, je veux dépasser un cycliste. Je dois respecter une distance latérale de:	{"0,5m",1m,"1,5m"}	1	{Dépassements}	https://firebasestorage.googleapis.com/v0/b/drivingschoolbelgium.appspot.com/o/images%2Fdfdb4d39-01e4-40c8-91ab-264c0a21bb04.jpg?alt=media&token=1cecb763-1765-4ce3-86e3-95a90b8f6ae4	2024-01-11 19:56:28.619217+01	Respectez un distance de 1,5m lors d'un dépassement de cycliste hors agglomération et de 1m en agglomération.	t	https://firebasestorage.googleapis.com/v0/b/drivingschoolbelgium.appspot.com/o/images%2Fthumbnails%2F3f708f37-f8a6-4a37-a566-fed89b3c32c1.jpg?alt=media&token=8e6f68d5-023f-44ae-8935-b928c76bc2c0
506	Déposer passager sur place handicapé	Je peux m'immobiliser sur cet emplacement pour déposer mon passager :	{Oui,Non}	0	{Panneau}	https://firebasestorage.googleapis.com/v0/b/drivingschoolbelgium.appspot.com/o/images%2Fa9623d0c-6a26-44f3-adb9-bd7b11dd3cd0.jpg?alt=media&token=1c2edb7b-7921-4ef5-bed2-50bb46db8f3e	2024-01-11 19:56:28.619059+01	\N	f	https://firebasestorage.googleapis.com/v0/b/drivingschoolbelgium.appspot.com/o/images%2Fthumbnails%2F50619286-fe10-40ae-8472-32ad34b58136.jpg?alt=media&token=6d0d7cf5-687e-442d-9418-3f184afdcca0
511	Virage dangereux. Double virage ou succession de plus de deux virages, le premier à gauche	Quel danger représente ce panneau ?	{"Virage dangereux. Double virage ou succession de plus de deux virages, le premier à droite","Virage dangereux. Double virage ou succession de plus de deux virages, le premier à gauche","Un virage dangereux à gauche"}	0	{Panneau}	https://firebasestorage.googleapis.com/v0/b/drivingschoolbelgium.appspot.com/o/images%2F2b99ecd9-3a12-4076-8329-ca538a1feec5.jpg?alt=media&token=d5c16766-17cb-40c2-97d4-7e87065c5768	2024-01-11 19:56:28.619082+01	Virage dangereux. Double virage ou succession de plus de deux virages, le premier à gauche	f	https://firebasestorage.googleapis.com/v0/b/drivingschoolbelgium.appspot.com/o/images%2Fthumbnails%2F05cab0c0-d1dc-4c0b-a762-1ca43c8770da.jpg?alt=media&token=2e6e3223-deb7-4db8-9334-03b19e884627
517	Moteur 4 temps	Dans l'ordre, le cycle d'un moteur 4 temps est :	{"Explosion, admission, compression, échappement","Admission, compression, explosion, échappement","Echappement , explosion, compression, admission"}	0	{Divers}	https://firebasestorage.googleapis.com/v0/b/drivingschoolbelgium.appspot.com/o/images%2F380677fb-c7e2-49d8-80be-c2ff784a4123.jpg?alt=media&token=2ecd17ff-c604-4d85-b061-18512fa78ede	2024-01-11 19:56:28.619114+01	Le cycle d'un moteur 4 temps est : admission, compression, explosion, échappement. L'air-carburant entre pendant l'admission, se comprime pendant la compression, explose lors de l'explosion, puis les gaz brûlés sont évacués pendant l'échappement, générant ainsi de la puissance.	f	https://firebasestorage.googleapis.com/v0/b/drivingschoolbelgium.appspot.com/o/images%2Fthumbnails%2Fc81239c5-64ce-4300-84fc-e79c3a028d40.jpg?alt=media&token=f1ea3e59-f3db-4a28-89f9-f629a2372fde
500	Taille minimual intérieure	Quelle est la largeur minimale intérieure pour que 2 passagers puissent prendre place à côté du conducteur ?	{"1,20 m","1,35 m","1,65 m"}	1	{Equipement}	https://firebasestorage.googleapis.com/v0/b/drivingschoolbelgium.appspot.com/o/images%2Fdfdb4d39-01e4-40c8-91ab-264c0a21bb04.jpg?alt=media&token=1cecb763-1765-4ce3-86e3-95a90b8f6ae4	2024-01-11 19:56:28.61896+01	\N	f	https://firebasestorage.googleapis.com/v0/b/drivingschoolbelgium.appspot.com/o/images%2Fthumbnails%2F3f708f37-f8a6-4a37-a566-fed89b3c32c1.jpg?alt=media&token=8e6f68d5-023f-44ae-8935-b928c76bc2c0
501	Chargement qui dépasse à l'arrière TODO Image	Un chargement constitué d'objets indivisibles ne peut jamais dépasser l'arrière de plus de :	{"1 m","2 m, mais doit être signalé dès qu'il dépasse de plus de 1 m","3 m, mais doit être signalé dès qu'il dépasse de plus de 1 m"}	2	{Equipement}	https://firebasestorage.googleapis.com/v0/b/drivingschoolbelgium.appspot.com/o/images%2Fdfdb4d39-01e4-40c8-91ab-264c0a21bb04.jpg?alt=media&token=1cecb763-1765-4ce3-86e3-95a90b8f6ae4	2024-01-11 19:56:28.619026+01	\N	f	https://firebasestorage.googleapis.com/v0/b/drivingschoolbelgium.appspot.com/o/images%2Fthumbnails%2F3f708f37-f8a6-4a37-a566-fed89b3c32c1.jpg?alt=media&token=8e6f68d5-023f-44ae-8935-b928c76bc2c0
512	Descente dangereuse	Quel danger représente ce panneau ?	{"Montée à forte inclinaison","Descente dangereuse","Un virage dangereux à gauche"}	0	{Panneau}	https://firebasestorage.googleapis.com/v0/b/drivingschoolbelgium.appspot.com/o/images%2Fab84265d-6516-43c6-942e-5b0245c0310c.jpg?alt=media&token=5e388793-f48d-4c2d-8b1b-b83696942727	2024-01-11 19:56:28.619086+01	Pour se rapeller du sens, imaginez la voiture venant de gauche, si elle descend c'est un panneau qui indique une descente, sinon une montée.	f	https://firebasestorage.googleapis.com/v0/b/drivingschoolbelgium.appspot.com/o/images%2Fthumbnails%2Fb25a89e8-997b-42d2-9046-82f865cc462a.jpg?alt=media&token=497f7c19-ef62-4b7c-a77a-7b3f8e32bea1
519	Régime moteur	Lorsque je roule à l'essence, je dois passer une vitesse lorsque le régime moteur atteint :	{"1500 tours/minute","2000 tours/minute","2500 tours/minute"}	0	{Divers}	https://firebasestorage.googleapis.com/v0/b/drivingschoolbelgium.appspot.com/o/images%2F815e0709-be8d-4bfb-97b9-b58a7a6132c0.jpg?alt=media&token=c1f1667f-e2ad-4d8b-86fc-d094745bed31	2024-01-11 19:56:28.619124+01	Lorsque vous roulez à l'essence, il est généralement recommandé de passer une vitesse lorsque le régime moteur atteint environ 2500 tours/minute. Cela permet d'optimiser l'efficacité du moteur, assurant une consommation de carburant raisonnable tout en offrant une puissance adéquate pour la conduite. Le choix précis du régime moteur pour passer à une vitesse supérieure peut varier en fonction du véhicule et des conditions de conduite, mais 2500 tours/minute est une référence courante.	f	https://firebasestorage.googleapis.com/v0/b/drivingschoolbelgium.appspot.com/o/images%2Fthumbnails%2F809c05ad-1beb-4d9a-9aca-4391544b4a88.jpg?alt=media&token=f59b0334-6728-4734-906c-0d3b7f73266d
529	Feux brouillard lors de forte pluie	Lors de forte pluie, les feux suivants sont obligatoires	{"Brouillard avant","Brouillard arrière","Les deux"}	0	{Feux}	https://firebasestorage.googleapis.com/v0/b/drivingschoolbelgium.appspot.com/o/images%2Ff109828f-9121-4f75-b431-64b8251a715e.jpg?alt=media&token=8187c878-b229-4124-b905-01e15a84c2eb	2024-01-11 19:56:28.619222+01	L'usage des feux de brouillard arrière est obligatoire en cas de forte pluie. (Infraction du 3e degré)	t	https://firebasestorage.googleapis.com/v0/b/drivingschoolbelgium.appspot.com/o/images%2Fthumbnails%2F2c54f56e-67e1-42d9-ba13-17c73d07ddef.jpg?alt=media&token=b882c7f1-fcab-4c61-8e73-e0845d3379cb
531	Status du véhicule pour téléphoner	Pour répondre au téléphone, mon véhicule doit être considéré comme :	{"En stationnement",Arrêté,"A l'arrêt"}	0	{Divers}	https://firebasestorage.googleapis.com/v0/b/drivingschoolbelgium.appspot.com/o/images%2F1bb43fc2-db91-4868-bf5b-67c2162d33f3.jpg?alt=media&token=aa076f3e-2d71-4341-b2b3-f207a482f30b	2024-01-11 19:56:28.619315+01	Un véhicule à l’arrêt est un véhicule ne participant plus à la circulation et qui est rangé par la volonté de son conducteur pour embarquer ou débarquer des personnes ou des choses.\n\nUn véhicule en stationnement est un véhicule ne participant plus à la circulation, qui est rangé par la volonté de son conducteur pour d’autres raisons que l’embarquement ou le débarquement de personnes ou de choses, ou qui reste rangé au-delà du temps nécessaire à ces opérations.\n\nUn véhicule arrêté est simplement un véhicule qui ne bouge pas mais qui est dans la circulation, devant un feu rouge par exemple.	f	https://firebasestorage.googleapis.com/v0/b/drivingschoolbelgium.appspot.com/o/images%2Fthumbnails%2F26465664-b545-4535-9861-a69e6817314a.jpg?alt=media&token=42091b8e-e5c6-47dc-b968-3307f0525515
542	Interdiction de dépasser un véhicule a plus de 2 roues pour les camions	Quelle est la signification de ce panneau ?	{"Interdiction pour les camions et véhicules d'une M.M.A qui excède 3500 kg de dépasser un véhicule a plus de 2 roues ou attelé","Interdiction pour tout les véhicules de dépasser un véhicule a plus de 2 roues ou attelé","Interdiction pour un camion de dépasser une voiture"}	0	{Panneau}	https://firebasestorage.googleapis.com/v0/b/drivingschoolbelgium.appspot.com/o/images%2Feec210e5-6aba-43c9-af00-4d4021f12228.jpg?alt=media&token=718c04ec-3c28-4e99-a328-f1ddb05a48d0	2024-01-11 19:56:28.619414+01	Interdiction pour les camions et véhicules d'une M.M.A qui excède 3500 kg de dépasser un véhicule a plus de 2 roues ou attelé, jusqu'au carrefour suivant. Une voiture peut donc dépasser une voiture après ce panneau.	f	https://firebasestorage.googleapis.com/v0/b/drivingschoolbelgium.appspot.com/o/images%2Fthumbnails%2Fbad2a921-792a-475a-8c53-1fc6224bfbbe.jpg?alt=media&token=2dca796c-1fb1-4cde-9e38-81e3563d465d
\.


--
-- Data for Name: QuizSummaries; Type: TABLE DATA; Schema: public; Owner: DrivingSchoolUser
--

COPY public."QuizSummaries" ("Id", "Score", "isSuccess", "CreationDate", "UserId") FROM stdin;
1	8	f	2023-12-15 22:58:24.673951+01	2
2	2	f	2023-12-15 23:06:06.344721+01	2
3	8	f	2023-12-15 23:25:52.70488+01	2
4	1	f	2023-12-15 23:30:03.270408+01	2
5	1	f	2023-12-15 23:34:20.795615+01	2
6	8	f	2023-12-15 23:43:31.682343+01	2
7	8	f	2023-12-15 23:49:11.446514+01	2
8	8	f	2023-12-15 23:49:17.375075+01	2
9	8	f	2023-12-15 23:49:23.718382+01	2
10	8	f	2023-12-15 23:49:29.626549+01	2
11	8	f	2023-12-15 23:49:42.327973+01	2
12	8	f	2023-12-15 23:51:03.383159+01	2
13	8	f	2023-12-15 23:51:28.384227+01	2
14	8	f	2023-12-15 23:51:40.326857+01	2
15	8	f	2023-12-15 23:52:09.49439+01	2
16	8	t	2023-12-15 23:54:08.740777+01	2
17	8	f	2023-12-15 23:54:20.60636+01	2
18	6	f	2023-12-15 23:57:30.282493+01	2
19	1	f	2023-12-15 23:57:52.492761+01	2
20	2	f	2023-12-16 00:01:30.481582+01	2
21	2	f	2023-12-16 00:01:59.469242+01	2
22	2	f	2023-12-16 00:02:34.729626+01	2
23	2	f	2023-12-16 00:03:15.430506+01	2
24	2	f	2023-12-16 00:03:37.749639+01	2
25	2	f	2023-12-16 00:03:43.132571+01	2
26	2	f	2023-12-16 00:05:09.995454+01	2
27	2	f	2023-12-16 00:05:27.64438+01	2
28	2	f	2023-12-16 00:05:43.212069+01	2
29	2	f	2023-12-16 00:05:51.723975+01	2
30	2	f	2023-12-16 00:06:52.965278+01	2
31	2	f	2023-12-16 00:07:03.341038+01	2
32	2	f	2023-12-16 00:07:37.191338+01	2
33	2	f	2023-12-16 00:07:54.772622+01	2
34	2	f	2023-12-16 00:07:58.98554+01	2
35	2	f	2023-12-16 00:10:37.761099+01	2
36	2	f	2023-12-16 00:11:17.46109+01	2
37	2	f	2023-12-16 00:11:35.490135+01	2
38	2	f	2023-12-16 00:11:45.813374+01	2
39	2	f	2023-12-16 00:12:31.978125+01	2
40	2	f	2023-12-16 00:12:44.061264+01	2
41	2	f	2023-12-16 00:12:56.885869+01	2
42	2	f	2023-12-16 00:13:02.675953+01	2
43	2	f	2023-12-16 00:13:16.524907+01	2
44	2	f	2023-12-16 00:13:19.948619+01	2
45	3	f	2023-12-16 00:24:26.215237+01	2
46	1	f	2023-12-16 00:25:48.101906+01	2
47	3	f	2023-12-16 00:32:17.046103+01	2
48	1	f	2023-12-16 00:32:33.209194+01	2
49	1	f	2023-12-16 00:33:40.455684+01	2
50	2	f	2023-12-16 00:34:33.588682+01	2
51	1	f	2023-12-16 00:37:09.291559+01	2
52	1	f	2023-12-16 00:38:11.844194+01	2
53	5	f	2023-12-16 00:39:07.20216+01	2
54	3	f	2023-12-16 00:41:39.913677+01	2
55	3	f	2023-12-16 00:42:35.215825+01	2
56	2	f	2023-12-16 12:27:08.811007+01	2
57	2	f	2023-12-16 12:34:12.552115+01	2
58	0	f	2023-12-16 12:59:10.435442+01	2
59	0	f	2023-12-16 13:00:59.454835+01	2
60	1	f	2023-12-16 13:03:17.015354+01	2
61	7	f	2023-12-16 13:29:29.730917+01	2
62	2	f	2023-12-16 15:57:16.726581+01	2
63	2	f	2023-12-16 16:13:14.293306+01	2
64	3	f	2023-12-16 18:23:50.033103+01	2
65	4	f	2023-12-17 11:53:35.788116+01	2
66	6	f	2023-12-17 12:15:32.461387+01	2
67	2	f	2023-12-17 12:31:21.242784+01	2
68	7	f	2023-12-17 13:56:01.288658+01	2
69	7	f	2023-12-17 14:01:10.760525+01	2
70	1	f	2023-12-17 14:04:20.469647+01	2
71	2	f	2023-12-17 14:20:13.528759+01	2
72	3	f	2023-12-17 14:35:10.252351+01	2
73	1	f	2023-12-17 15:09:43.662635+01	2
74	1	f	2023-12-17 15:12:48.819477+01	2
75	2	f	2023-12-17 15:30:50.164111+01	2
76	1	f	2023-12-17 15:46:48.996124+01	2
77	1	f	2023-12-17 15:48:18.58155+01	2
78	1	f	2023-12-17 15:50:47.842945+01	2
79	1	f	2023-12-17 21:00:15.163853+01	2
80	2	f	2023-12-17 21:06:42.505112+01	2
81	1	f	2023-12-17 21:35:32.695687+01	2
82	1	f	2023-12-17 21:43:20.623789+01	2
83	6	f	2023-12-17 21:51:59.98102+01	2
84	1	f	2023-12-17 21:53:37.766535+01	2
85	1	f	2023-12-17 21:54:22.999781+01	2
86	1	f	2023-12-17 21:57:18.104012+01	2
87	1	f	2023-12-17 21:57:44.22772+01	2
88	1	f	2023-12-17 21:58:06.632932+01	2
89	4	f	2023-12-17 21:59:26.932973+01	2
90	1	f	2023-12-17 22:08:47.857605+01	2
91	1	f	2023-12-17 22:12:55.143086+01	2
92	2	f	2023-12-17 22:16:56.355214+01	2
93	8	f	2023-12-17 22:21:10.419629+01	2
94	1	f	2023-12-17 22:23:46.798857+01	2
95	4	f	2023-12-21 19:20:42.858805+01	2
96	8	f	2023-12-23 23:11:30.317411+01	2
97	6	f	2023-12-25 17:53:31.510155+01	2
98	6	f	2023-12-25 18:19:27.435092+01	2
99	1	f	2023-12-25 18:35:52.011586+01	2
100	1	f	2023-12-25 19:43:15.029157+01	2
101	2	f	2023-12-25 20:52:29.27081+01	2
102	8	f	2023-12-25 20:55:12.99409+01	2
103	1	f	2023-12-25 21:02:07.947566+01	2
104	2	f	2023-12-25 21:03:46.206136+01	2
105	1	f	2023-12-26 12:45:23.030189+01	2
106	5	f	2023-12-26 13:31:26.000012+01	2
107	9	f	2023-12-26 13:36:38.119325+01	2
108	3	f	2023-12-26 13:40:31.812706+01	2
109	6	f	2023-12-29 20:12:24.422166+01	2
110	2	f	2023-12-29 20:28:55.179703+01	2
111	2	f	2023-12-29 21:23:04.651611+01	2
112	1	f	2023-12-29 21:24:14.521401+01	2
113	1	f	2023-12-29 21:31:07.913994+01	2
114	0	f	2023-12-29 21:31:36.433335+01	2
115	6	f	2024-01-03 19:11:14.696237+01	2
116	0	f	2024-01-03 19:17:48.472895+01	2
117	6	f	2024-01-04 21:38:09.714357+01	2
118	1	f	2024-01-06 16:03:11.847848+01	2
119	0	f	2024-01-06 16:03:25.286652+01	2
120	0	f	2024-01-06 16:03:53.791299+01	2
121	0	f	2024-01-06 16:04:10.378603+01	2
122	0	f	2024-01-06 16:05:06.792125+01	2
123	6	f	2024-01-06 16:09:11.606775+01	2
124	1	f	2024-01-06 16:09:34.77065+01	2
125	0	f	2024-01-06 16:10:04.783656+01	2
126	1	f	2024-01-06 16:25:26.051375+01	2
127	6	f	2024-01-06 16:25:58.910272+01	2
128	0	f	2024-01-06 16:47:51.130577+01	2
129	0	f	2024-01-06 16:48:01.469343+01	2
130	0	f	2024-01-06 16:48:08.721146+01	2
131	1	f	2024-01-06 16:49:31.873668+01	2
132	0	f	2024-01-06 16:49:39.083891+01	2
133	3	f	2024-01-06 16:50:20.515495+01	2
134	8	f	2024-01-06 17:08:27.804223+01	2
135	8	f	2024-01-06 17:14:09.114255+01	2
136	0	f	2024-01-06 17:17:49.148573+01	2
137	4	f	2024-01-06 17:20:14.601785+01	2
138	14	f	2024-01-06 17:21:47.169174+01	2
139	24	f	2024-01-06 17:23:02.699606+01	2
140	16	f	2024-01-07 15:20:55.058466+01	2
141	3	f	2024-01-07 20:07:10.225689+01	2
142	0	f	2024-01-08 19:03:31.224489+01	2
143	0	f	2024-01-08 21:14:01.912873+01	2
144	37	f	2024-01-08 21:22:08.456821+01	2
145	-30	f	2024-01-08 21:42:14.353448+01	2
146	-30	f	2024-01-08 21:46:23.50239+01	2
147	-30	f	2024-01-08 21:46:57.411618+01	2
148	-30	f	2024-01-08 21:47:11.407814+01	2
149	-30	f	2024-01-09 19:57:37.883805+01	2
150	50	t	2024-01-11 20:02:32.253775+01	2
151	50	t	2024-01-11 20:05:43.07405+01	2
152	-32	f	2024-01-12 19:57:17.277031+01	2
153	-33	f	2024-01-21 15:25:12.864484+01	2
154	-35	f	2024-02-04 18:45:31.771915+01	2
155	-34	f	2024-02-26 22:29:29.328066+01	2
156	-6	f	2024-02-26 22:31:14.748719+01	2
157	-35	f	2024-02-26 22:31:38.181073+01	2
158	-34	f	2024-02-26 22:37:49.190964+01	2
159	-34	f	2024-02-26 22:39:46.866777+01	2
160	-35	f	2024-02-26 22:42:24.147266+01	2
161	-33	f	2024-02-26 22:50:47.010624+01	2
162	-34	f	2024-02-27 11:10:57.564485+01	2
163	-34	f	2024-02-27 11:13:22.567535+01	2
164	-35	f	2024-02-27 11:16:13.867188+01	2
165	-35	f	2024-02-27 11:17:24.136807+01	2
166	-35	f	2024-02-27 11:17:26.979972+01	2
167	-35	f	2024-02-27 11:18:14.229052+01	2
168	-35	f	2024-02-27 11:19:04.932203+01	2
169	-35	f	2024-02-27 11:19:09.636221+01	2
170	-35	f	2024-02-27 11:19:12.73002+01	2
171	-35	f	2024-02-27 11:25:10.723439+01	2
172	-35	f	2024-02-27 11:30:24.861333+01	2
173	-35	f	2024-02-27 11:34:16.102633+01	2
174	-35	f	2024-02-27 17:12:02.254156+01	2
175	-35	f	2024-02-27 17:22:15.995658+01	2
176	-35	f	2024-02-27 17:22:57.750786+01	2
177	-35	f	2024-02-27 17:24:14.767777+01	2
178	-35	f	2024-02-27 17:30:13.433322+01	2
179	-35	f	2024-02-27 18:11:22.368305+01	2
180	-35	f	2024-02-27 18:14:42.719462+01	2
181	-35	f	2024-02-27 18:15:42.167195+01	2
182	-35	f	2024-02-27 18:16:39.023476+01	2
183	-35	f	2024-02-27 18:18:25.58901+01	2
184	-35	f	2024-02-27 18:18:56.467252+01	2
185	-30	f	2024-02-27 18:20:20.286942+01	2
186	-35	f	2024-02-27 18:20:56.039614+01	2
187	-35	f	2024-02-27 18:26:26.437224+01	2
188	-35	f	2024-02-27 18:27:07.960572+01	2
189	-35	f	2024-02-27 18:29:02.619739+01	2
190	-35	f	2024-02-27 18:31:43.157219+01	2
191	-35	f	2024-02-27 18:42:59.018605+01	2
192	-30	f	2024-02-27 18:51:16.112486+01	2
193	-35	f	2024-02-27 18:52:44.918574+01	2
194	-35	f	2024-02-27 18:53:45.843364+01	2
195	-35	f	2024-02-27 18:55:05.075198+01	2
196	-35	f	2024-02-27 19:02:38.542048+01	2
197	-35	f	2024-02-27 19:04:40.014234+01	2
198	-35	f	2024-02-27 19:37:33.6683+01	2
199	-35	f	2024-02-27 19:38:57.15212+01	2
200	-30	f	2024-02-27 19:39:26.247069+01	2
201	-35	f	2024-02-27 19:41:07.527181+01	2
202	-35	f	2024-02-27 19:42:07.691968+01	2
203	-35	f	2024-02-27 19:43:02.331952+01	2
204	-35	f	2024-02-27 19:43:19.673062+01	2
205	-35	f	2024-02-27 19:45:13.680399+01	2
206	-35	f	2024-02-27 19:46:00.174325+01	2
207	-35	f	2024-02-27 19:47:55.687757+01	2
208	-35	f	2024-02-27 19:48:18.464452+01	2
209	-30	f	2024-02-27 19:51:43.769117+01	2
210	-35	f	2024-02-27 19:53:18.590279+01	2
211	-30	f	2024-02-27 19:55:38.212398+01	2
212	-35	f	2024-02-27 20:02:19.873723+01	2
213	-35	f	2024-02-27 20:03:49.109692+01	2
214	-35	f	2024-02-27 20:10:42.959549+01	2
215	-35	f	2024-02-27 20:11:50.209079+01	2
216	-35	f	2024-02-27 20:12:35.623848+01	2
217	-35	f	2024-02-27 20:25:07.070423+01	2
218	-35	f	2024-02-27 20:25:11.469075+01	2
219	-33	f	2024-02-27 22:12:22.753683+01	2
220	-35	f	2024-02-27 22:13:01.317876+01	2
221	-34	f	2024-02-27 22:14:12.940958+01	2
222	-34	f	2024-02-27 22:19:28.509421+01	2
223	-35	f	2024-02-28 08:58:08.151822+01	2
224	-35	f	2024-02-28 08:58:48.33629+01	2
225	-35	f	2024-02-28 15:00:13.521851+01	2
226	49	t	2024-02-28 18:30:40.467462+01	2
231	-35	f	2024-02-28 20:24:43.864741+01	2
232	-35	f	2024-02-28 20:25:31.590099+01	2
233	-35	f	2024-02-28 20:27:39.063066+01	2
234	-35	f	2024-02-28 20:27:53.721111+01	2
235	-30	f	2024-02-28 20:28:28.065066+01	2
236	-35	f	2024-02-28 20:29:51.901025+01	2
237	-34	f	2024-02-28 20:36:41.199469+01	2
238	-29	f	2024-02-28 21:49:25.724112+01	2
239	-35	f	2024-02-28 21:49:43.348495+01	2
240	-30	f	2024-02-29 08:02:43.550005+01	2
241	-30	f	2024-02-29 15:48:49.565324+01	2
242	-30	f	2024-02-29 15:49:59.968092+01	2
243	-30	f	2024-02-29 15:50:33.79837+01	2
244	-35	f	2024-02-29 16:00:42.740568+01	2
245	-30	f	2024-02-29 16:37:49.920983+01	2
246	-35	f	2024-02-29 16:38:42.1799+01	2
247	-35	f	2024-03-02 16:13:49.377532+01	2
248	-35	f	2024-03-02 16:33:48.295223+01	3
249	-35	f	2024-03-02 16:34:07.431003+01	3
250	-35	f	2024-03-02 16:34:58.478211+01	3
251	-35	f	2024-03-02 16:36:01.619824+01	3
252	-35	f	2024-03-02 16:36:29.211727+01	3
253	-30	f	2024-03-02 16:36:43.230058+01	3
254	-35	f	2024-03-02 16:44:30.054498+01	3
255	-35	f	2024-03-02 17:04:18.684166+01	2
256	-30	f	2024-03-02 17:04:55.615946+01	2
257	-35	f	2024-03-02 17:19:18.781692+01	3
\.


--
-- Data for Name: QuizzSummaryElement; Type: TABLE DATA; Schema: public; Owner: DrivingSchoolUser
--

COPY public."QuizzSummaryElement" ("Id", "UserAnswerIndex", "QuizzSummaryId", "IsAnswerCorrect", "QuestionId", "CreationDate") FROM stdin;
3006	-1	174	f	523	2024-02-27 17:12:02.254353+01
3007	-1	174	f	522	2024-02-27 17:12:02.254393+01
3008	-1	174	f	524	2024-02-27 17:12:02.254396+01
3009	-1	174	f	540	2024-02-27 17:12:02.254397+01
3010	-1	174	f	543	2024-02-27 17:12:02.254417+01
3011	-1	174	f	533	2024-02-27 17:12:02.25442+01
3012	-1	174	f	545	2024-02-27 17:12:02.254422+01
3013	-1	174	f	520	2024-02-27 17:12:02.254425+01
3014	-1	174	f	506	2024-02-27 17:12:02.254445+01
3015	-1	174	f	521	2024-02-27 17:12:02.25445+01
3016	-1	174	f	512	2024-02-27 17:12:02.254453+01
3017	-1	174	f	528	2024-02-27 17:12:02.254456+01
3018	-1	174	f	525	2024-02-27 17:12:02.254458+01
3019	-1	174	f	505	2024-02-27 17:12:02.254471+01
3020	-1	174	f	531	2024-02-27 17:12:02.254474+01
3021	-1	174	f	536	2024-02-27 17:12:02.254479+01
3022	-1	174	f	547	2024-02-27 17:12:02.254481+01
3023	-1	174	f	500	2024-02-27 17:12:02.254483+01
3024	-1	174	f	527	2024-02-27 17:12:02.254485+01
3025	-1	174	f	514	2024-02-27 17:12:02.254487+01
3026	-1	174	f	504	2024-02-27 17:12:02.254489+01
3027	-1	174	f	507	2024-02-27 17:12:02.254491+01
3028	-1	174	f	550	2024-02-27 17:12:02.254492+01
3029	-1	174	f	519	2024-02-27 17:12:02.254499+01
3030	-1	174	f	530	2024-02-27 17:12:02.254502+01
3031	-1	174	f	537	2024-02-27 17:12:02.254503+01
3032	-1	174	f	502	2024-02-27 17:12:02.254527+01
3033	-1	174	f	541	2024-02-27 17:12:02.254529+01
3034	-1	174	f	517	2024-02-27 17:12:02.254532+01
3035	-1	174	f	513	2024-02-27 17:12:02.254534+01
3036	-1	174	f	516	2024-02-27 17:12:02.254536+01
3037	-1	174	f	544	2024-02-27 17:12:02.254538+01
3038	-1	174	f	509	2024-02-27 17:12:02.25454+01
3039	-1	174	f	510	2024-02-27 17:12:02.254541+01
3040	-1	174	f	529	2024-02-27 17:12:02.254543+01
3041	-1	174	f	548	2024-02-27 17:12:02.254554+01
3042	-1	174	f	532	2024-02-27 17:12:02.254556+01
3043	-1	174	f	511	2024-02-27 17:12:02.254559+01
3044	-1	174	f	538	2024-02-27 17:12:02.254561+01
3045	-1	174	f	546	2024-02-27 17:12:02.254563+01
1806	2	150	t	536	2024-01-11 20:02:32.254131+01
1807	2	150	t	503	2024-01-11 20:02:32.25422+01
1808	0	150	t	513	2024-01-11 20:02:32.254222+01
1809	1	150	t	507	2024-01-11 20:02:32.254225+01
1810	1	150	t	518	2024-01-11 20:02:32.254227+01
1811	1	150	t	520	2024-01-11 20:02:32.25423+01
1812	2	150	t	535	2024-01-11 20:02:32.254263+01
1813	1	150	t	537	2024-01-11 20:02:32.254266+01
1814	1	150	t	500	2024-01-11 20:02:32.254269+01
1815	0	150	t	532	2024-01-11 20:02:32.254271+01
1816	1	150	t	534	2024-01-11 20:02:32.254289+01
1817	0	150	t	542	2024-01-11 20:02:32.254291+01
1818	1	150	t	529	2024-01-11 20:02:32.254294+01
1819	1	150	t	516	2024-01-11 20:02:32.254296+01
1820	2	150	t	549	2024-01-11 20:02:32.254298+01
1821	1	150	t	508	2024-01-11 20:02:32.254301+01
1822	0	150	t	533	2024-01-11 20:02:32.254303+01
1823	1	150	t	517	2024-01-11 20:02:32.254305+01
1824	1	150	t	502	2024-01-11 20:02:32.254308+01
1825	0	150	t	544	2024-01-11 20:02:32.254309+01
1826	1	150	t	543	2024-01-11 20:02:32.254312+01
1827	0	150	t	506	2024-01-11 20:02:32.254315+01
1828	0	150	t	541	2024-01-11 20:02:32.254317+01
1829	0	150	t	509	2024-01-11 20:02:32.25432+01
1830	2	150	t	523	2024-01-11 20:02:32.254322+01
1831	0	150	t	510	2024-01-11 20:02:32.254324+01
1832	0	150	t	524	2024-01-11 20:02:32.254332+01
1833	0	150	t	546	2024-01-11 20:02:32.254334+01
1834	2	150	t	501	2024-01-11 20:02:32.254362+01
1835	0	150	t	547	2024-01-11 20:02:32.254365+01
1836	1	150	t	528	2024-01-11 20:02:32.254367+01
1837	1	150	t	512	2024-01-11 20:02:32.254371+01
1838	1	150	t	550	2024-01-11 20:02:32.254373+01
1839	1	150	t	548	2024-01-11 20:02:32.254376+01
1840	0	150	t	521	2024-01-11 20:02:32.254378+01
1841	1	150	t	525	2024-01-11 20:02:32.254381+01
1842	1	150	t	522	2024-01-11 20:02:32.254384+01
1843	2	150	t	519	2024-01-11 20:02:32.254386+01
1844	1	150	t	538	2024-01-11 20:02:32.254388+01
1845	0	150	t	526	2024-01-11 20:02:32.25439+01
1846	1	150	t	540	2024-01-11 20:02:32.254392+01
1847	0	150	t	531	2024-01-11 20:02:32.254397+01
1848	2	150	t	539	2024-01-11 20:02:32.254401+01
1849	1	150	t	511	2024-01-11 20:02:32.254403+01
1850	1	150	t	545	2024-01-11 20:02:32.254405+01
1851	0	150	t	504	2024-01-11 20:02:32.254407+01
1852	1	150	t	530	2024-01-11 20:02:32.25441+01
1853	2	150	t	527	2024-01-11 20:02:32.254412+01
1854	1	150	t	505	2024-01-11 20:02:32.254414+01
1855	2	150	t	515	2024-01-11 20:02:32.254416+01
1856	2	151	t	536	2024-01-11 20:05:43.074146+01
1857	2	151	t	503	2024-01-11 20:05:43.074267+01
1858	0	151	t	513	2024-01-11 20:05:43.074273+01
1859	1	151	t	507	2024-01-11 20:05:43.074279+01
1860	1	151	t	518	2024-01-11 20:05:43.074284+01
1861	1	151	t	520	2024-01-11 20:05:43.074293+01
1862	2	151	t	535	2024-01-11 20:05:43.074298+01
1863	1	151	t	537	2024-01-11 20:05:43.074304+01
1864	1	151	t	500	2024-01-11 20:05:43.074308+01
1865	0	151	t	532	2024-01-11 20:05:43.074313+01
1866	1	151	t	534	2024-01-11 20:05:43.074621+01
1867	0	151	t	542	2024-01-11 20:05:43.074628+01
1868	1	151	t	529	2024-01-11 20:05:43.074634+01
1869	1	151	t	516	2024-01-11 20:05:43.074639+01
1870	2	151	t	549	2024-01-11 20:05:43.074645+01
1871	1	151	t	508	2024-01-11 20:05:43.074651+01
1872	0	151	t	533	2024-01-11 20:05:43.074655+01
1873	1	151	t	517	2024-01-11 20:05:43.074661+01
1874	1	151	t	502	2024-01-11 20:05:43.074666+01
1875	0	151	t	544	2024-01-11 20:05:43.074671+01
1876	1	151	t	543	2024-01-11 20:05:43.07468+01
1877	0	151	t	506	2024-01-11 20:05:43.074688+01
1878	0	151	t	541	2024-01-11 20:05:43.074692+01
1879	0	151	t	509	2024-01-11 20:05:43.0747+01
1880	2	151	t	523	2024-01-11 20:05:43.074704+01
1881	0	151	t	510	2024-01-11 20:05:43.07471+01
1882	0	151	t	524	2024-01-11 20:05:43.074715+01
1883	0	151	t	546	2024-01-11 20:05:43.074719+01
1884	2	151	t	501	2024-01-11 20:05:43.074783+01
1885	0	151	t	547	2024-01-11 20:05:43.074788+01
1886	1	151	t	528	2024-01-11 20:05:43.074793+01
1887	1	151	t	512	2024-01-11 20:05:43.074812+01
1888	1	151	t	550	2024-01-11 20:05:43.074816+01
1889	1	151	t	548	2024-01-11 20:05:43.074823+01
1890	0	151	t	521	2024-01-11 20:05:43.074828+01
1891	1	151	t	525	2024-01-11 20:05:43.074833+01
1892	1	151	t	522	2024-01-11 20:05:43.07484+01
1893	2	151	t	519	2024-01-11 20:05:43.074844+01
1894	1	151	t	538	2024-01-11 20:05:43.07485+01
1895	0	151	t	526	2024-01-11 20:05:43.074854+01
1896	1	151	t	540	2024-01-11 20:05:43.074858+01
1897	0	151	t	531	2024-01-11 20:05:43.074869+01
1898	2	151	t	539	2024-01-11 20:05:43.074877+01
1899	1	151	t	511	2024-01-11 20:05:43.074882+01
1900	1	151	t	545	2024-01-11 20:05:43.074893+01
1901	0	151	t	504	2024-01-11 20:05:43.074899+01
1902	1	151	t	530	2024-01-11 20:05:43.074904+01
1903	2	151	t	527	2024-01-11 20:05:43.074908+01
1904	1	151	t	505	2024-01-11 20:05:43.074913+01
1905	2	151	t	515	2024-01-11 20:05:43.074918+01
1906	1	152	f	541	2024-01-12 19:57:17.277104+01
1907	-1	152	f	505	2024-01-12 19:57:17.277213+01
1908	-1	152	f	549	2024-01-12 19:57:17.27722+01
1909	-1	152	f	519	2024-01-12 19:57:17.277227+01
1910	-1	152	f	504	2024-01-12 19:57:17.277233+01
1911	-1	152	f	506	2024-01-12 19:57:17.277568+01
1912	-1	152	f	502	2024-01-12 19:57:17.277571+01
1913	-1	152	f	500	2024-01-12 19:57:17.277573+01
1914	1	152	f	524	2024-01-12 19:57:17.277575+01
1915	-1	152	f	527	2024-01-12 19:57:17.277577+01
1916	-1	152	f	535	2024-01-12 19:57:17.277579+01
1917	1	152	t	550	2024-01-12 19:57:17.277584+01
1918	1	152	f	531	2024-01-12 19:57:17.277589+01
1919	-1	152	f	528	2024-01-12 19:57:17.277593+01
1920	-1	152	f	512	2024-01-12 19:57:17.277595+01
1921	-1	152	f	547	2024-01-12 19:57:17.27779+01
1922	-1	152	f	526	2024-01-12 19:57:17.277792+01
1923	-1	152	f	538	2024-01-12 19:57:17.277795+01
1924	-1	152	f	540	2024-01-12 19:57:17.277797+01
1925	-1	152	f	521	2024-01-12 19:57:17.2778+01
1926	2	152	t	536	2024-01-12 19:57:17.277803+01
1927	2	152	t	514	2024-01-12 19:57:17.277806+01
1928	-1	152	f	533	2024-01-12 19:57:17.277807+01
1929	-1	152	f	544	2024-01-12 19:57:17.27781+01
1930	-1	152	f	511	2024-01-12 19:57:17.277812+01
1931	-1	152	f	525	2024-01-12 19:57:17.277814+01
1932	-1	152	f	539	2024-01-12 19:57:17.277821+01
1933	-1	152	f	522	2024-01-12 19:57:17.277854+01
1934	-1	152	f	520	2024-01-12 19:57:17.277856+01
1935	-1	152	f	501	2024-01-12 19:57:17.277859+01
1936	-1	152	f	507	2024-01-12 19:57:17.277861+01
1937	-1	152	f	546	2024-01-12 19:57:17.277863+01
1938	-1	152	f	509	2024-01-12 19:57:17.277866+01
1939	-1	152	f	517	2024-01-12 19:57:17.277868+01
1940	-1	152	f	516	2024-01-12 19:57:17.27787+01
1941	-1	152	f	503	2024-01-12 19:57:17.277872+01
1942	-1	152	f	534	2024-01-12 19:57:17.277874+01
1943	-1	152	f	543	2024-01-12 19:57:17.278057+01
1944	-1	152	f	537	2024-01-12 19:57:17.27806+01
1945	-1	152	f	518	2024-01-12 19:57:17.278062+01
1946	-1	152	f	530	2024-01-12 19:57:17.278064+01
1947	-1	152	f	510	2024-01-12 19:57:17.278066+01
1948	-1	152	f	529	2024-01-12 19:57:17.278068+01
1949	-1	152	f	545	2024-01-12 19:57:17.27807+01
1950	-1	152	f	548	2024-01-12 19:57:17.278073+01
1951	-1	152	f	515	2024-01-12 19:57:17.278075+01
1952	-1	152	f	508	2024-01-12 19:57:17.278077+01
1953	-1	152	f	542	2024-01-12 19:57:17.278078+01
1954	-1	152	f	513	2024-01-12 19:57:17.278093+01
1955	-1	152	f	523	2024-01-12 19:57:17.278095+01
1956	1	153	t	548	2024-01-21 15:25:12.866181+01
1957	1	153	f	523	2024-01-21 15:25:12.86723+01
1958	1	153	f	531	2024-01-21 15:25:12.867242+01
1959	1	153	t	517	2024-01-21 15:25:12.867256+01
1960	-1	153	f	536	2024-01-21 15:25:12.867261+01
1961	-1	153	f	502	2024-01-21 15:25:12.867266+01
1962	-1	153	f	510	2024-01-21 15:25:12.867273+01
1963	-1	153	f	544	2024-01-21 15:25:12.867277+01
1964	-1	153	f	534	2024-01-21 15:25:12.867281+01
1965	-1	153	f	550	2024-01-21 15:25:12.867285+01
1966	-1	153	f	530	2024-01-21 15:25:12.867289+01
1967	-1	153	f	500	2024-01-21 15:25:12.867294+01
1968	-1	153	f	509	2024-01-21 15:25:12.867297+01
1969	-1	153	f	538	2024-01-21 15:25:12.867301+01
1970	-1	153	f	515	2024-01-21 15:25:12.867305+01
1971	-1	153	f	533	2024-01-21 15:25:12.867309+01
1972	-1	153	f	542	2024-01-21 15:25:12.867313+01
1973	-1	153	f	540	2024-01-21 15:25:12.867319+01
1974	-1	153	f	527	2024-01-21 15:25:12.867323+01
1975	-1	153	f	504	2024-01-21 15:25:12.867327+01
1976	-1	153	f	541	2024-01-21 15:25:12.867331+01
1977	-1	153	f	520	2024-01-21 15:25:12.867335+01
1978	-1	153	f	522	2024-01-21 15:25:12.867339+01
1979	-1	153	f	547	2024-01-21 15:25:12.867343+01
1980	-1	153	f	513	2024-01-21 15:25:12.867346+01
1981	-1	153	f	511	2024-01-21 15:25:12.86735+01
1982	-1	153	f	525	2024-01-21 15:25:12.867353+01
1983	-1	153	f	508	2024-01-21 15:25:12.867399+01
1984	-1	153	f	506	2024-01-21 15:25:12.867402+01
1985	-1	153	f	501	2024-01-21 15:25:12.867405+01
1986	-1	153	f	526	2024-01-21 15:25:12.867409+01
1987	-1	153	f	507	2024-01-21 15:25:12.867412+01
1988	-1	153	f	532	2024-01-21 15:25:12.867416+01
1989	-1	153	f	539	2024-01-21 15:25:12.867422+01
1990	-1	153	f	545	2024-01-21 15:25:12.867425+01
1991	-1	153	f	518	2024-01-21 15:25:12.867429+01
1992	-1	153	f	503	2024-01-21 15:25:12.867433+01
1993	-1	153	f	516	2024-01-21 15:25:12.867436+01
1994	-1	153	f	505	2024-01-21 15:25:12.867439+01
1995	-1	153	f	514	2024-01-21 15:25:12.867444+01
1996	-1	153	f	535	2024-01-21 15:25:12.867448+01
1997	-1	153	f	528	2024-01-21 15:25:12.867452+01
1998	-1	153	f	512	2024-01-21 15:25:12.867455+01
1999	-1	153	f	543	2024-01-21 15:25:12.867459+01
2000	-1	153	f	537	2024-01-21 15:25:12.867463+01
2001	-1	153	f	524	2024-01-21 15:25:12.867467+01
2002	-1	153	f	546	2024-01-21 15:25:12.86747+01
2003	-1	153	f	529	2024-01-21 15:25:12.867474+01
2004	-1	153	f	521	2024-01-21 15:25:12.867478+01
2005	-1	153	f	549	2024-01-21 15:25:12.867482+01
2006	1	154	f	539	2024-02-04 18:45:31.774583+01
2007	-1	154	f	522	2024-02-04 18:45:31.776147+01
2008	-1	154	f	549	2024-02-04 18:45:31.776158+01
2009	-1	154	f	540	2024-02-04 18:45:31.776278+01
2010	-1	154	f	534	2024-02-04 18:45:31.776299+01
2011	-1	154	f	500	2024-02-04 18:45:31.776303+01
2012	-1	154	f	532	2024-02-04 18:45:31.776307+01
2013	-1	154	f	524	2024-02-04 18:45:31.776314+01
2014	-1	154	f	544	2024-02-04 18:45:31.776319+01
2015	-1	154	f	536	2024-02-04 18:45:31.776322+01
2016	-1	154	f	504	2024-02-04 18:45:31.776326+01
2017	-1	154	f	537	2024-02-04 18:45:31.77633+01
2018	-1	154	f	511	2024-02-04 18:45:31.776333+01
2019	-1	154	f	516	2024-02-04 18:45:31.776343+01
2020	-1	154	f	519	2024-02-04 18:45:31.776348+01
2021	-1	154	f	513	2024-02-04 18:45:31.776352+01
2022	-1	154	f	509	2024-02-04 18:45:31.776356+01
2023	-1	154	f	521	2024-02-04 18:45:31.77636+01
2024	-1	154	f	529	2024-02-04 18:45:31.776365+01
2025	-1	154	f	527	2024-02-04 18:45:31.776368+01
2026	-1	154	f	523	2024-02-04 18:45:31.776372+01
2027	-1	154	f	520	2024-02-04 18:45:31.776376+01
2028	-1	154	f	502	2024-02-04 18:45:31.776379+01
2029	-1	154	f	542	2024-02-04 18:45:31.776383+01
2030	-1	154	f	545	2024-02-04 18:45:31.776389+01
2031	-1	154	f	533	2024-02-04 18:45:31.776393+01
2032	-1	154	f	508	2024-02-04 18:45:31.776673+01
2033	-1	154	f	526	2024-02-04 18:45:31.776676+01
2034	-1	154	f	535	2024-02-04 18:45:31.77668+01
2035	-1	154	f	525	2024-02-04 18:45:31.776684+01
2036	-1	154	f	518	2024-02-04 18:45:31.776688+01
2037	-1	154	f	506	2024-02-04 18:45:31.776692+01
2038	-1	154	f	541	2024-02-04 18:45:31.776695+01
2039	-1	154	f	530	2024-02-04 18:45:31.7767+01
2040	-1	154	f	507	2024-02-04 18:45:31.776708+01
2041	-1	154	f	547	2024-02-04 18:45:31.776711+01
2042	-1	154	f	548	2024-02-04 18:45:31.776715+01
2043	-1	154	f	546	2024-02-04 18:45:31.776719+01
2044	-1	154	f	503	2024-02-04 18:45:31.776723+01
2045	-1	154	f	531	2024-02-04 18:45:31.776726+01
2046	-1	154	f	515	2024-02-04 18:45:31.776743+01
2047	-1	154	f	510	2024-02-04 18:45:31.776746+01
2048	-1	154	f	528	2024-02-04 18:45:31.776749+01
2049	-1	154	f	514	2024-02-04 18:45:31.776753+01
2050	-1	154	f	543	2024-02-04 18:45:31.776756+01
2051	-1	154	f	550	2024-02-04 18:45:31.776761+01
2052	-1	154	f	505	2024-02-04 18:45:31.776767+01
2053	-1	154	f	517	2024-02-04 18:45:31.776771+01
2054	-1	154	f	501	2024-02-04 18:45:31.776774+01
2055	-1	154	f	538	2024-02-04 18:45:31.776778+01
2056	1	155	f	513	2024-02-26 22:29:29.333687+01
2057	-1	155	f	528	2024-02-26 22:29:29.33509+01
2058	-1	155	f	550	2024-02-26 22:29:29.335104+01
2059	-1	155	f	518	2024-02-26 22:29:29.335191+01
2060	-1	155	f	548	2024-02-26 22:29:29.3352+01
2061	-1	155	f	536	2024-02-26 22:29:29.335207+01
2062	-1	155	f	534	2024-02-26 22:29:29.335212+01
2063	0	155	f	538	2024-02-26 22:29:29.335216+01
2064	0	155	f	549	2024-02-26 22:29:29.33522+01
2065	0	155	t	532	2024-02-26 22:29:29.335225+01
2066	0	155	f	540	2024-02-26 22:29:29.335231+01
2067	0	155	f	543	2024-02-26 22:29:29.335236+01
2068	-1	155	f	531	2024-02-26 22:29:29.335249+01
2069	-1	155	f	542	2024-02-26 22:29:29.335255+01
2070	-1	155	f	507	2024-02-26 22:29:29.335261+01
2071	-1	155	f	502	2024-02-26 22:29:29.335265+01
2072	-1	155	f	514	2024-02-26 22:29:29.335269+01
2073	-1	155	f	503	2024-02-26 22:29:29.335273+01
2074	-1	155	f	525	2024-02-26 22:29:29.335277+01
2075	-1	155	f	545	2024-02-26 22:29:29.335281+01
2076	-1	155	f	517	2024-02-26 22:29:29.335285+01
2077	-1	155	f	541	2024-02-26 22:29:29.33529+01
2078	-1	155	f	505	2024-02-26 22:29:29.335294+01
2079	-1	155	f	544	2024-02-26 22:29:29.335301+01
2080	-1	155	f	526	2024-02-26 22:29:29.335304+01
2081	-1	155	f	539	2024-02-26 22:29:29.335308+01
2082	-1	155	f	530	2024-02-26 22:29:29.335345+01
2083	-1	155	f	521	2024-02-26 22:29:29.335349+01
2084	-1	155	f	520	2024-02-26 22:29:29.335354+01
2085	-1	155	f	519	2024-02-26 22:29:29.335358+01
2086	-1	155	f	527	2024-02-26 22:29:29.335362+01
2087	-1	155	f	506	2024-02-26 22:29:29.335366+01
2088	-1	155	f	511	2024-02-26 22:29:29.33537+01
2089	-1	155	f	535	2024-02-26 22:29:29.335374+01
2090	-1	155	f	547	2024-02-26 22:29:29.335382+01
2091	-1	155	f	512	2024-02-26 22:29:29.335386+01
2092	-1	155	f	533	2024-02-26 22:29:29.33539+01
2093	-1	155	f	500	2024-02-26 22:29:29.335394+01
2094	-1	155	f	537	2024-02-26 22:29:29.335397+01
2095	-1	155	f	504	2024-02-26 22:29:29.335401+01
2096	-1	155	f	546	2024-02-26 22:29:29.335405+01
2097	-1	155	f	529	2024-02-26 22:29:29.33541+01
2098	-1	155	f	508	2024-02-26 22:29:29.335413+01
2099	-1	155	f	522	2024-02-26 22:29:29.335417+01
2100	-1	155	f	523	2024-02-26 22:29:29.33542+01
2101	-1	155	f	516	2024-02-26 22:29:29.335426+01
2102	-1	155	f	510	2024-02-26 22:29:29.33543+01
2103	-1	155	f	509	2024-02-26 22:29:29.335434+01
2104	-1	155	f	515	2024-02-26 22:29:29.335437+01
2105	-1	155	f	501	2024-02-26 22:29:29.335441+01
2106	0	156	t	547	2024-02-26 22:31:14.748913+01
2107	0	156	t	526	2024-02-26 22:31:14.749007+01
2108	0	156	f	505	2024-02-26 22:31:14.749125+01
2109	0	156	f	549	2024-02-26 22:31:14.749147+01
2110	0	156	f	511	2024-02-26 22:31:14.749179+01
2111	0	156	t	513	2024-02-26 22:31:14.749236+01
2112	0	156	t	524	2024-02-26 22:31:14.749254+01
2113	0	156	f	523	2024-02-26 22:31:14.74927+01
2114	0	156	t	546	2024-02-26 22:31:14.749294+01
2115	0	156	t	532	2024-02-26 22:31:14.74931+01
2116	0	156	f	500	2024-02-26 22:31:14.749402+01
2117	0	156	f	518	2024-02-26 22:31:14.749418+01
2118	0	156	f	512	2024-02-26 22:31:14.749433+01
2119	0	156	f	530	2024-02-26 22:31:14.749446+01
2120	0	156	t	531	2024-02-26 22:31:14.749493+01
2121	0	156	f	528	2024-02-26 22:31:14.749589+01
2122	0	156	f	525	2024-02-26 22:31:14.749607+01
2123	0	156	f	534	2024-02-26 22:31:14.749623+01
2124	0	156	t	521	2024-02-26 22:31:14.74964+01
2125	0	156	t	504	2024-02-26 22:31:14.749656+01
2126	0	156	f	548	2024-02-26 22:31:14.749686+01
2127	0	156	f	501	2024-02-26 22:31:14.749714+01
2128	0	156	f	507	2024-02-26 22:31:14.74973+01
2129	0	156	t	533	2024-02-26 22:31:14.749744+01
2130	0	156	t	542	2024-02-26 22:31:14.749777+01
2131	0	156	f	550	2024-02-26 22:31:14.749794+01
2132	0	156	f	515	2024-02-26 22:31:14.781865+01
2133	0	156	f	517	2024-02-26 22:31:14.782062+01
2134	0	156	f	537	2024-02-26 22:31:14.782084+01
2135	0	156	f	545	2024-02-26 22:31:14.782341+01
2136	0	156	f	529	2024-02-26 22:31:14.783123+01
2137	0	156	f	538	2024-02-26 22:31:14.783149+01
2138	0	156	f	527	2024-02-26 22:31:14.783169+01
2139	0	156	f	514	2024-02-26 22:31:14.783189+01
2140	0	156	f	543	2024-02-26 22:31:14.783207+01
2141	0	156	t	544	2024-02-26 22:31:14.783237+01
2142	0	156	f	536	2024-02-26 22:31:14.783334+01
2143	0	156	t	506	2024-02-26 22:31:14.783358+01
2144	0	156	f	502	2024-02-26 22:31:14.783375+01
2145	0	156	f	540	2024-02-26 22:31:14.783393+01
2146	0	156	f	516	2024-02-26 22:31:14.783417+01
2147	0	156	t	541	2024-02-26 22:31:14.783452+01
2148	2	156	f	520	2024-02-26 22:31:14.783475+01
2149	0	156	f	539	2024-02-26 22:31:14.783496+01
2150	-1	156	f	522	2024-02-26 22:31:14.783517+01
2151	-1	156	f	535	2024-02-26 22:31:14.783742+01
2152	-1	156	f	519	2024-02-26 22:31:14.78377+01
2153	-1	156	f	510	2024-02-26 22:31:14.783792+01
2154	-1	156	f	509	2024-02-26 22:31:14.783811+01
2155	-1	156	f	508	2024-02-26 22:31:14.783829+01
2156	-1	157	f	533	2024-02-26 22:31:38.181113+01
2157	-1	157	f	510	2024-02-26 22:31:38.181155+01
2158	-1	157	f	520	2024-02-26 22:31:38.181165+01
2159	-1	157	f	509	2024-02-26 22:31:38.181179+01
2160	-1	157	f	548	2024-02-26 22:31:38.181187+01
2161	-1	157	f	526	2024-02-26 22:31:38.181215+01
2162	-1	157	f	519	2024-02-26 22:31:38.181223+01
2163	-1	157	f	534	2024-02-26 22:31:38.181299+01
2164	-1	157	f	536	2024-02-26 22:31:38.181305+01
2165	-1	157	f	500	2024-02-26 22:31:38.18131+01
2166	-1	157	f	503	2024-02-26 22:31:38.181322+01
2167	-1	157	f	532	2024-02-26 22:31:38.181328+01
2168	-1	157	f	522	2024-02-26 22:31:38.181345+01
2169	-1	157	f	543	2024-02-26 22:31:38.181391+01
2170	-1	157	f	545	2024-02-26 22:31:38.181428+01
2171	-1	157	f	542	2024-02-26 22:31:38.181439+01
2172	-1	157	f	515	2024-02-26 22:31:38.181443+01
2173	-1	157	f	523	2024-02-26 22:31:38.181447+01
2174	-1	157	f	549	2024-02-26 22:31:38.18145+01
2175	-1	157	f	506	2024-02-26 22:31:38.181455+01
2176	-1	157	f	530	2024-02-26 22:31:38.181458+01
2177	-1	157	f	514	2024-02-26 22:31:38.181462+01
2178	-1	157	f	544	2024-02-26 22:31:38.181465+01
2179	-1	157	f	527	2024-02-26 22:31:38.181468+01
2180	-1	157	f	539	2024-02-26 22:31:38.181472+01
2181	-1	157	f	524	2024-02-26 22:31:38.181475+01
2182	-1	157	f	521	2024-02-26 22:31:38.181482+01
2183	-1	157	f	525	2024-02-26 22:31:38.18151+01
2184	-1	157	f	528	2024-02-26 22:31:38.181514+01
2185	-1	157	f	512	2024-02-26 22:31:38.181519+01
2186	-1	157	f	529	2024-02-26 22:31:38.181528+01
2187	-1	157	f	507	2024-02-26 22:31:38.181531+01
2188	-1	157	f	537	2024-02-26 22:31:38.182142+01
2189	-1	157	f	502	2024-02-26 22:31:38.182147+01
2190	-1	157	f	517	2024-02-26 22:31:38.18215+01
2191	-1	157	f	535	2024-02-26 22:31:38.182154+01
2192	-1	157	f	538	2024-02-26 22:31:38.182158+01
2193	-1	157	f	513	2024-02-26 22:31:38.182169+01
2194	-1	157	f	547	2024-02-26 22:31:38.182173+01
2195	-1	157	f	546	2024-02-26 22:31:38.182176+01
2196	-1	157	f	516	2024-02-26 22:31:38.18218+01
2197	-1	157	f	511	2024-02-26 22:31:38.182183+01
2198	-1	157	f	540	2024-02-26 22:31:38.182187+01
2199	-1	157	f	501	2024-02-26 22:31:38.182193+01
2200	-1	157	f	550	2024-02-26 22:31:38.207114+01
2201	-1	157	f	504	2024-02-26 22:31:38.207142+01
2202	-1	157	f	541	2024-02-26 22:31:38.207155+01
2203	-1	157	f	508	2024-02-26 22:31:38.207171+01
2204	-1	157	f	518	2024-02-26 22:31:38.207215+01
2205	-1	157	f	505	2024-02-26 22:31:38.207228+01
2206	1	158	t	500	2024-02-26 22:37:49.192531+01
2207	-1	158	f	508	2024-02-26 22:37:49.193723+01
2208	-1	158	f	539	2024-02-26 22:37:49.193733+01
2209	-1	158	f	533	2024-02-26 22:37:49.193737+01
2210	-1	158	f	537	2024-02-26 22:37:49.193748+01
2211	-1	158	f	536	2024-02-26 22:37:49.193753+01
2212	-1	158	f	545	2024-02-26 22:37:49.193757+01
2213	-1	158	f	518	2024-02-26 22:37:49.193761+01
2214	-1	158	f	534	2024-02-26 22:37:49.193765+01
2215	-1	158	f	509	2024-02-26 22:37:49.193773+01
2216	-1	158	f	514	2024-02-26 22:37:49.193777+01
2217	-1	158	f	511	2024-02-26 22:37:49.19378+01
2218	-1	158	f	527	2024-02-26 22:37:49.193784+01
2219	-1	158	f	521	2024-02-26 22:37:49.193788+01
2220	-1	158	f	517	2024-02-26 22:37:49.193793+01
2221	-1	158	f	548	2024-02-26 22:37:49.193798+01
2222	-1	158	f	512	2024-02-26 22:37:49.193844+01
2223	-1	158	f	501	2024-02-26 22:37:49.193848+01
2224	-1	158	f	549	2024-02-26 22:37:49.193852+01
2225	-1	158	f	503	2024-02-26 22:37:49.193857+01
2226	-1	158	f	510	2024-02-26 22:37:49.19386+01
2227	-1	158	f	507	2024-02-26 22:37:49.193867+01
2228	-1	158	f	524	2024-02-26 22:37:49.19387+01
2229	-1	158	f	502	2024-02-26 22:37:49.193873+01
2230	-1	158	f	522	2024-02-26 22:37:49.193877+01
2231	-1	158	f	550	2024-02-26 22:37:49.19388+01
2232	-1	158	f	544	2024-02-26 22:37:49.193893+01
2233	-1	158	f	542	2024-02-26 22:37:49.193897+01
2234	-1	158	f	538	2024-02-26 22:37:49.193901+01
2235	-1	158	f	520	2024-02-26 22:37:49.193966+01
2236	-1	158	f	532	2024-02-26 22:37:49.193971+01
2237	-1	158	f	506	2024-02-26 22:37:49.193979+01
2238	-1	158	f	535	2024-02-26 22:37:49.193983+01
2239	-1	158	f	540	2024-02-26 22:37:49.193986+01
2240	-1	158	f	546	2024-02-26 22:37:49.193991+01
2241	-1	158	f	547	2024-02-26 22:37:49.193995+01
2242	-1	158	f	525	2024-02-26 22:37:49.193998+01
2243	-1	158	f	541	2024-02-26 22:37:49.194002+01
2244	-1	158	f	515	2024-02-26 22:37:49.194007+01
2245	-1	158	f	513	2024-02-26 22:37:49.19401+01
2246	-1	158	f	530	2024-02-26 22:37:49.194013+01
2247	-1	158	f	526	2024-02-26 22:37:49.194017+01
2248	-1	158	f	531	2024-02-26 22:37:49.19402+01
2249	-1	158	f	519	2024-02-26 22:37:49.194025+01
2250	-1	158	f	523	2024-02-26 22:37:49.194034+01
2251	-1	158	f	529	2024-02-26 22:37:49.194037+01
2252	-1	158	f	543	2024-02-26 22:37:49.194041+01
2253	-1	158	f	528	2024-02-26 22:37:49.194045+01
2254	-1	158	f	516	2024-02-26 22:37:49.194049+01
2255	-1	158	f	504	2024-02-26 22:37:49.194054+01
2256	1	159	f	504	2024-02-26 22:39:46.867035+01
2257	1	159	t	538	2024-02-26 22:39:46.867196+01
2258	-1	159	f	518	2024-02-26 22:39:46.867224+01
2259	-1	159	f	546	2024-02-26 22:39:46.86723+01
2260	-1	159	f	502	2024-02-26 22:39:46.867241+01
2261	-1	159	f	521	2024-02-26 22:39:46.867274+01
2262	-1	159	f	544	2024-02-26 22:39:46.867281+01
2263	-1	159	f	539	2024-02-26 22:39:46.867287+01
2264	-1	159	f	526	2024-02-26 22:39:46.867291+01
2265	-1	159	f	513	2024-02-26 22:39:46.867294+01
2266	-1	159	f	537	2024-02-26 22:39:46.867305+01
2267	-1	159	f	512	2024-02-26 22:39:46.867308+01
2268	-1	159	f	522	2024-02-26 22:39:46.867317+01
2269	-1	159	f	500	2024-02-26 22:39:46.867321+01
2270	-1	159	f	543	2024-02-26 22:39:46.867325+01
2271	-1	159	f	530	2024-02-26 22:39:46.867372+01
2272	-1	159	f	514	2024-02-26 22:39:46.867376+01
2273	-1	159	f	517	2024-02-26 22:39:46.86738+01
2274	-1	159	f	533	2024-02-26 22:39:46.867384+01
2275	-1	159	f	550	2024-02-26 22:39:46.867388+01
2276	-1	159	f	506	2024-02-26 22:39:46.867393+01
2277	-1	159	f	549	2024-02-26 22:39:46.867397+01
2278	-1	159	f	515	2024-02-26 22:39:46.867403+01
2279	-1	159	f	525	2024-02-26 22:39:46.867406+01
2280	-1	159	f	509	2024-02-26 22:39:46.867411+01
2281	-1	159	f	524	2024-02-26 22:39:46.867414+01
2282	-1	159	f	511	2024-02-26 22:39:46.867418+01
2283	-1	159	f	510	2024-02-26 22:39:46.867422+01
2284	-1	159	f	534	2024-02-26 22:39:46.867426+01
2285	-1	159	f	519	2024-02-26 22:39:46.867547+01
2286	-1	159	f	508	2024-02-26 22:39:46.867611+01
2287	-1	159	f	547	2024-02-26 22:39:46.867623+01
2288	-1	159	f	536	2024-02-26 22:39:46.867627+01
2289	-1	159	f	505	2024-02-26 22:39:46.867635+01
2290	-1	159	f	548	2024-02-26 22:39:46.867639+01
2291	-1	159	f	541	2024-02-26 22:39:46.867644+01
2292	-1	159	f	503	2024-02-26 22:39:46.867651+01
2293	-1	159	f	528	2024-02-26 22:39:46.867654+01
2294	-1	159	f	501	2024-02-26 22:39:46.867658+01
2295	-1	159	f	516	2024-02-26 22:39:46.867661+01
2296	-1	159	f	529	2024-02-26 22:39:46.867665+01
2297	-1	159	f	520	2024-02-26 22:39:46.867668+01
2298	-1	159	f	542	2024-02-26 22:39:46.867671+01
2299	-1	159	f	527	2024-02-26 22:39:46.867675+01
2300	-1	159	f	545	2024-02-26 22:39:46.86768+01
2301	-1	159	f	523	2024-02-26 22:39:46.867684+01
2302	-1	159	f	532	2024-02-26 22:39:46.867687+01
2303	-1	159	f	540	2024-02-26 22:39:46.867692+01
2304	-1	159	f	535	2024-02-26 22:39:46.867698+01
2305	-1	159	f	507	2024-02-26 22:39:46.867701+01
2306	1	160	f	521	2024-02-26 22:42:24.147598+01
2307	-1	160	f	537	2024-02-26 22:42:24.147815+01
2308	-1	160	f	541	2024-02-26 22:42:24.147824+01
2309	-1	160	f	533	2024-02-26 22:42:24.147989+01
2310	-1	160	f	538	2024-02-26 22:42:24.148022+01
2311	-1	160	f	524	2024-02-26 22:42:24.148043+01
2312	-1	160	f	531	2024-02-26 22:42:24.148059+01
2313	-1	160	f	525	2024-02-26 22:42:24.148087+01
2314	-1	160	f	512	2024-02-26 22:42:24.14812+01
2315	-1	160	f	518	2024-02-26 22:42:24.148138+01
2316	-1	160	f	546	2024-02-26 22:42:24.148184+01
2317	-1	160	f	506	2024-02-26 22:42:24.148203+01
2318	-1	160	f	542	2024-02-26 22:42:24.148218+01
2319	-1	160	f	513	2024-02-26 22:42:24.148239+01
2320	-1	160	f	522	2024-02-26 22:42:24.148256+01
2321	-1	160	f	514	2024-02-26 22:42:24.148312+01
2322	-1	160	f	505	2024-02-26 22:42:24.14833+01
2323	-1	160	f	536	2024-02-26 22:42:24.148347+01
2324	-1	160	f	547	2024-02-26 22:42:24.148365+01
2325	-1	160	f	515	2024-02-26 22:42:24.14839+01
2326	-1	160	f	519	2024-02-26 22:42:24.148406+01
2327	-1	160	f	544	2024-02-26 22:42:24.148425+01
2328	-1	160	f	516	2024-02-26 22:42:24.148441+01
2329	-1	160	f	502	2024-02-26 22:42:24.148456+01
2330	-1	160	f	534	2024-02-26 22:42:24.148472+01
2331	-1	160	f	511	2024-02-26 22:42:24.148491+01
2332	-1	160	f	529	2024-02-26 22:42:24.148712+01
2333	-1	160	f	526	2024-02-26 22:42:24.148739+01
2334	-1	160	f	500	2024-02-26 22:42:24.148757+01
2335	-1	160	f	528	2024-02-26 22:42:24.148776+01
2336	-1	160	f	517	2024-02-26 22:42:24.148813+01
2337	-1	160	f	539	2024-02-26 22:42:24.14884+01
2338	-1	160	f	509	2024-02-26 22:42:24.148856+01
2339	-1	160	f	535	2024-02-26 22:42:24.148873+01
2340	-1	160	f	523	2024-02-26 22:42:24.148889+01
2341	-1	160	f	501	2024-02-26 22:42:24.148904+01
2342	-1	160	f	543	2024-02-26 22:42:24.148921+01
2343	-1	160	f	503	2024-02-26 22:42:24.148947+01
2344	-1	160	f	508	2024-02-26 22:42:24.148962+01
2345	-1	160	f	504	2024-02-26 22:42:24.148977+01
2346	-1	160	f	549	2024-02-26 22:42:24.148993+01
2347	-1	160	f	550	2024-02-26 22:42:24.14901+01
2348	-1	160	f	527	2024-02-26 22:42:24.149029+01
2349	-1	160	f	520	2024-02-26 22:42:24.149053+01
2350	-1	160	f	507	2024-02-26 22:42:24.14907+01
2351	-1	160	f	510	2024-02-26 22:42:24.149085+01
2352	-1	160	f	532	2024-02-26 22:42:24.149101+01
2353	-1	160	f	540	2024-02-26 22:42:24.149127+01
2354	-1	160	f	545	2024-02-26 22:42:24.149149+01
2355	-1	160	f	530	2024-02-26 22:42:24.149166+01
2356	-1	161	f	525	2024-02-26 22:50:47.011355+01
2357	-1	161	f	529	2024-02-26 22:50:47.01145+01
2358	-1	161	f	521	2024-02-26 22:50:47.011568+01
2359	-1	161	f	541	2024-02-26 22:50:47.011578+01
2360	-1	161	f	537	2024-02-26 22:50:47.012209+01
2361	-1	161	f	500	2024-02-26 22:50:47.012214+01
2362	-1	161	f	511	2024-02-26 22:50:47.012216+01
2363	-1	161	f	548	2024-02-26 22:50:47.012219+01
2364	-1	161	f	501	2024-02-26 22:50:47.012224+01
2365	-1	161	f	510	2024-02-26 22:50:47.012226+01
2366	-1	161	f	530	2024-02-26 22:50:47.012234+01
2367	-1	161	f	533	2024-02-26 22:50:47.012235+01
2368	-1	161	f	508	2024-02-26 22:50:47.012238+01
2369	-1	161	f	524	2024-02-26 22:50:47.012323+01
2370	-1	161	f	514	2024-02-26 22:50:47.012326+01
2371	-1	161	f	543	2024-02-26 22:50:47.012328+01
2372	-1	161	f	549	2024-02-26 22:50:47.012447+01
2373	-1	161	f	515	2024-02-26 22:50:47.012452+01
2374	-1	161	f	513	2024-02-26 22:50:47.012454+01
2375	-1	161	f	518	2024-02-26 22:50:47.012456+01
2376	-1	161	f	532	2024-02-26 22:50:47.012459+01
2377	-1	161	f	542	2024-02-26 22:50:47.012467+01
2378	-1	161	f	506	2024-02-26 22:50:47.01247+01
2379	-1	161	f	540	2024-02-26 22:50:47.012472+01
2380	-1	161	f	539	2024-02-26 22:50:47.012475+01
2381	-1	161	f	526	2024-02-26 22:50:47.012478+01
2382	-1	161	f	502	2024-02-26 22:50:47.01248+01
2383	-1	161	f	522	2024-02-26 22:50:47.012938+01
2384	-1	161	f	536	2024-02-26 22:50:47.012941+01
2385	-1	161	f	534	2024-02-26 22:50:47.012944+01
2386	-1	161	f	504	2024-02-26 22:50:47.012946+01
2387	-1	161	f	516	2024-02-26 22:50:47.012951+01
2388	1	161	t	550	2024-02-26 22:50:47.012953+01
2389	0	161	t	531	2024-02-26 22:50:47.012956+01
2390	-1	161	f	509	2024-02-26 22:50:47.012995+01
2391	-1	161	f	535	2024-02-26 22:50:47.012996+01
2392	-1	161	f	523	2024-02-26 22:50:47.012999+01
2393	-1	161	f	507	2024-02-26 22:50:47.013+01
2394	-1	161	f	527	2024-02-26 22:50:47.013002+01
2395	-1	161	f	503	2024-02-26 22:50:47.013004+01
2396	-1	161	f	545	2024-02-26 22:50:47.013006+01
2397	-1	161	f	544	2024-02-26 22:50:47.013007+01
2398	-1	161	f	517	2024-02-26 22:50:47.013011+01
2399	-1	161	f	538	2024-02-26 22:50:47.013013+01
2400	-1	161	f	547	2024-02-26 22:50:47.013014+01
2401	-1	161	f	528	2024-02-26 22:50:47.013016+01
2402	-1	161	f	505	2024-02-26 22:50:47.013018+01
2403	-1	161	f	512	2024-02-26 22:50:47.013019+01
2404	-1	161	f	519	2024-02-26 22:50:47.013033+01
2405	-1	161	f	546	2024-02-26 22:50:47.013039+01
2406	1	162	t	522	2024-02-27 11:10:57.566592+01
2407	-1	162	f	542	2024-02-27 11:10:57.570123+01
2408	-1	162	f	510	2024-02-27 11:10:57.570183+01
2409	-1	162	f	507	2024-02-27 11:10:57.570188+01
2410	-1	162	f	526	2024-02-27 11:10:57.570193+01
2411	-1	162	f	502	2024-02-27 11:10:57.570197+01
2412	-1	162	f	548	2024-02-27 11:10:57.570201+01
2413	-1	162	f	540	2024-02-27 11:10:57.570341+01
2414	-1	162	f	525	2024-02-27 11:10:57.570358+01
2415	-1	162	f	541	2024-02-27 11:10:57.570363+01
2416	-1	162	f	503	2024-02-27 11:10:57.570368+01
2417	-1	162	f	513	2024-02-27 11:10:57.570371+01
2418	-1	162	f	511	2024-02-27 11:10:57.570375+01
2419	-1	162	f	533	2024-02-27 11:10:57.57038+01
2420	-1	162	f	505	2024-02-27 11:10:57.570384+01
2421	-1	162	f	504	2024-02-27 11:10:57.570389+01
2422	-1	162	f	521	2024-02-27 11:10:57.570393+01
2423	-1	162	f	508	2024-02-27 11:10:57.570397+01
2424	-1	162	f	530	2024-02-27 11:10:57.570402+01
2425	-1	162	f	531	2024-02-27 11:10:57.570406+01
2426	-1	162	f	545	2024-02-27 11:10:57.570411+01
2427	-1	162	f	514	2024-02-27 11:10:57.570415+01
2428	-1	162	f	515	2024-02-27 11:10:57.570419+01
2429	-1	162	f	512	2024-02-27 11:10:57.570422+01
2430	-1	162	f	547	2024-02-27 11:10:57.570426+01
2431	-1	162	f	518	2024-02-27 11:10:57.57043+01
2432	-1	162	f	501	2024-02-27 11:10:57.570433+01
2433	-1	162	f	538	2024-02-27 11:10:57.570437+01
2434	-1	162	f	532	2024-02-27 11:10:57.570783+01
2435	-1	162	f	550	2024-02-27 11:10:57.57079+01
2436	-1	162	f	506	2024-02-27 11:10:57.570794+01
2437	-1	162	f	528	2024-02-27 11:10:57.570797+01
2438	-1	162	f	517	2024-02-27 11:10:57.570801+01
2439	-1	162	f	520	2024-02-27 11:10:57.570806+01
2440	-1	162	f	549	2024-02-27 11:10:57.57081+01
2441	-1	162	f	546	2024-02-27 11:10:57.570814+01
2442	-1	162	f	524	2024-02-27 11:10:57.570818+01
2443	-1	162	f	523	2024-02-27 11:10:57.570822+01
2444	-1	162	f	529	2024-02-27 11:10:57.570827+01
2445	-1	162	f	544	2024-02-27 11:10:57.57083+01
2446	-1	162	f	537	2024-02-27 11:10:57.570834+01
2447	-1	162	f	539	2024-02-27 11:10:57.570837+01
2448	-1	162	f	536	2024-02-27 11:10:57.57084+01
2449	-1	162	f	509	2024-02-27 11:10:57.570844+01
2450	-1	162	f	516	2024-02-27 11:10:57.570848+01
2451	-1	162	f	519	2024-02-27 11:10:57.570851+01
2452	-1	162	f	500	2024-02-27 11:10:57.570855+01
2453	-1	162	f	535	2024-02-27 11:10:57.570859+01
2454	-1	162	f	534	2024-02-27 11:10:57.570935+01
2455	-1	162	f	527	2024-02-27 11:10:57.570991+01
2456	1	163	t	522	2024-02-27 11:13:22.567563+01
2457	-1	163	f	542	2024-02-27 11:13:22.567591+01
2458	-1	163	f	510	2024-02-27 11:13:22.567601+01
2459	-1	163	f	507	2024-02-27 11:13:22.567613+01
2460	-1	163	f	526	2024-02-27 11:13:22.56762+01
2461	-1	163	f	502	2024-02-27 11:13:22.567631+01
2462	-1	163	f	548	2024-02-27 11:13:22.567656+01
2463	-1	163	f	540	2024-02-27 11:13:22.567661+01
2464	-1	163	f	525	2024-02-27 11:13:22.567673+01
2465	-1	163	f	541	2024-02-27 11:13:22.567677+01
2466	-1	163	f	503	2024-02-27 11:13:22.567686+01
2467	-1	163	f	513	2024-02-27 11:13:22.56769+01
2468	-1	163	f	511	2024-02-27 11:13:22.567693+01
2469	-1	163	f	533	2024-02-27 11:13:22.567697+01
2470	-1	163	f	505	2024-02-27 11:13:22.567701+01
2471	-1	163	f	504	2024-02-27 11:13:22.567713+01
2472	-1	163	f	521	2024-02-27 11:13:22.567719+01
2473	-1	163	f	508	2024-02-27 11:13:22.567723+01
2474	-1	163	f	530	2024-02-27 11:13:22.567726+01
2475	-1	163	f	531	2024-02-27 11:13:22.567729+01
2476	-1	163	f	545	2024-02-27 11:13:22.567735+01
2477	-1	163	f	514	2024-02-27 11:13:22.567738+01
2478	-1	163	f	515	2024-02-27 11:13:22.567741+01
2479	-1	163	f	512	2024-02-27 11:13:22.567744+01
2480	-1	163	f	547	2024-02-27 11:13:22.567747+01
2481	-1	163	f	518	2024-02-27 11:13:22.56775+01
2482	-1	163	f	501	2024-02-27 11:13:22.567754+01
2483	-1	163	f	538	2024-02-27 11:13:22.56776+01
2484	-1	163	f	532	2024-02-27 11:13:22.567815+01
2485	-1	163	f	550	2024-02-27 11:13:22.567821+01
2486	-1	163	f	506	2024-02-27 11:13:22.567828+01
2487	-1	163	f	528	2024-02-27 11:13:22.567831+01
2488	-1	163	f	517	2024-02-27 11:13:22.567834+01
2489	-1	163	f	520	2024-02-27 11:13:22.567838+01
2490	-1	163	f	549	2024-02-27 11:13:22.567841+01
2491	-1	163	f	546	2024-02-27 11:13:22.567844+01
2492	-1	163	f	524	2024-02-27 11:13:22.567851+01
2493	-1	163	f	523	2024-02-27 11:13:22.567854+01
2494	-1	163	f	529	2024-02-27 11:13:22.567857+01
2495	-1	163	f	544	2024-02-27 11:13:22.56786+01
2496	-1	163	f	537	2024-02-27 11:13:22.567863+01
2497	-1	163	f	539	2024-02-27 11:13:22.567866+01
2498	-1	163	f	536	2024-02-27 11:13:22.567869+01
2499	-1	163	f	509	2024-02-27 11:13:22.567872+01
2500	-1	163	f	516	2024-02-27 11:13:22.567875+01
2501	-1	163	f	519	2024-02-27 11:13:22.567878+01
2502	-1	163	f	500	2024-02-27 11:13:22.567882+01
2503	-1	163	f	535	2024-02-27 11:13:22.567887+01
2504	-1	163	f	534	2024-02-27 11:13:22.56789+01
2505	-1	163	f	527	2024-02-27 11:13:22.567893+01
2506	-1	164	f	500	2024-02-27 11:16:13.867342+01
2507	-1	164	f	549	2024-02-27 11:16:13.867459+01
2508	-1	164	f	525	2024-02-27 11:16:13.867489+01
2509	-1	164	f	506	2024-02-27 11:16:13.86751+01
2510	-1	164	f	503	2024-02-27 11:16:13.867519+01
2511	-1	164	f	520	2024-02-27 11:16:13.867532+01
2512	-1	164	f	509	2024-02-27 11:16:13.867545+01
2513	-1	164	f	522	2024-02-27 11:16:13.867554+01
2514	-1	164	f	504	2024-02-27 11:16:13.867564+01
2515	-1	164	f	544	2024-02-27 11:16:13.867571+01
2516	-1	164	f	532	2024-02-27 11:16:13.867587+01
2517	-1	164	f	510	2024-02-27 11:16:13.867624+01
2518	-1	164	f	519	2024-02-27 11:16:13.867632+01
2519	-1	164	f	516	2024-02-27 11:16:13.86764+01
2520	-1	164	f	533	2024-02-27 11:16:13.867648+01
2521	-1	164	f	502	2024-02-27 11:16:13.867674+01
2522	-1	164	f	541	2024-02-27 11:16:13.867682+01
2523	-1	164	f	515	2024-02-27 11:16:13.867692+01
2524	-1	164	f	540	2024-02-27 11:16:13.8677+01
2525	-1	164	f	512	2024-02-27 11:16:13.867709+01
2526	-1	164	f	518	2024-02-27 11:16:13.867721+01
2527	-1	164	f	529	2024-02-27 11:16:13.867729+01
2528	-1	164	f	511	2024-02-27 11:16:13.867736+01
2529	-1	164	f	521	2024-02-27 11:16:13.867744+01
2530	-1	164	f	523	2024-02-27 11:16:13.867753+01
2531	-1	164	f	536	2024-02-27 11:16:13.86776+01
2532	-1	164	f	539	2024-02-27 11:16:13.86777+01
2533	-1	164	f	526	2024-02-27 11:16:13.867809+01
2534	-1	164	f	537	2024-02-27 11:16:13.867816+01
2535	-1	164	f	543	2024-02-27 11:16:13.867824+01
2536	-1	164	f	546	2024-02-27 11:16:13.867845+01
2537	-1	164	f	527	2024-02-27 11:16:13.867858+01
2538	-1	164	f	550	2024-02-27 11:16:13.867866+01
2539	-1	164	f	514	2024-02-27 11:16:13.867875+01
2540	-1	164	f	545	2024-02-27 11:16:13.867882+01
2541	-1	164	f	542	2024-02-27 11:16:13.867889+01
2542	-1	164	f	517	2024-02-27 11:16:13.867898+01
2543	-1	164	f	513	2024-02-27 11:16:13.867906+01
2544	-1	164	f	501	2024-02-27 11:16:13.867913+01
2545	-1	164	f	508	2024-02-27 11:16:13.867921+01
2546	-1	164	f	530	2024-02-27 11:16:13.867928+01
2547	-1	164	f	524	2024-02-27 11:16:13.867935+01
2548	-1	164	f	505	2024-02-27 11:16:13.868631+01
2549	-1	164	f	538	2024-02-27 11:16:13.868636+01
2550	-1	164	f	534	2024-02-27 11:16:13.86864+01
2551	-1	164	f	548	2024-02-27 11:16:13.868643+01
2552	-1	164	f	531	2024-02-27 11:16:13.86865+01
2553	-1	164	f	507	2024-02-27 11:16:13.868661+01
2554	-1	164	f	535	2024-02-27 11:16:13.868664+01
2555	-1	164	f	528	2024-02-27 11:16:13.868667+01
2556	-1	165	f	500	2024-02-27 11:17:24.13687+01
2557	-1	165	f	549	2024-02-27 11:17:24.136893+01
2558	-1	165	f	525	2024-02-27 11:17:24.136906+01
2559	-1	165	f	506	2024-02-27 11:17:24.136912+01
2560	-1	165	f	503	2024-02-27 11:17:24.136917+01
2561	-1	165	f	520	2024-02-27 11:17:24.136921+01
2562	-1	165	f	509	2024-02-27 11:17:24.13693+01
2563	-1	165	f	522	2024-02-27 11:17:24.136935+01
2564	-1	165	f	504	2024-02-27 11:17:24.136939+01
2565	-1	165	f	544	2024-02-27 11:17:24.136944+01
2566	-1	165	f	532	2024-02-27 11:17:24.136948+01
2567	-1	165	f	510	2024-02-27 11:17:24.13696+01
2568	-1	165	f	519	2024-02-27 11:17:24.136964+01
2569	-1	165	f	516	2024-02-27 11:17:24.13697+01
2570	-1	165	f	533	2024-02-27 11:17:24.136974+01
2571	-1	165	f	502	2024-02-27 11:17:24.136979+01
2572	-1	165	f	541	2024-02-27 11:17:24.136987+01
2573	-1	165	f	515	2024-02-27 11:17:24.136994+01
2574	-1	165	f	540	2024-02-27 11:17:24.136999+01
2575	-1	165	f	512	2024-02-27 11:17:24.137005+01
2576	-1	165	f	518	2024-02-27 11:17:24.137009+01
2577	-1	165	f	529	2024-02-27 11:17:24.137014+01
2578	-1	165	f	511	2024-02-27 11:17:24.137018+01
2579	-1	165	f	521	2024-02-27 11:17:24.137491+01
2580	-1	165	f	523	2024-02-27 11:17:24.137834+01
2581	-1	165	f	536	2024-02-27 11:17:24.137839+01
2582	-1	165	f	539	2024-02-27 11:17:24.137853+01
2583	-1	165	f	526	2024-02-27 11:17:24.137893+01
2584	-1	165	f	537	2024-02-27 11:17:24.137899+01
2585	-1	165	f	543	2024-02-27 11:17:24.137903+01
2586	-1	165	f	546	2024-02-27 11:17:24.137912+01
2587	-1	165	f	527	2024-02-27 11:17:24.137918+01
2588	-1	165	f	550	2024-02-27 11:17:24.137923+01
2589	-1	165	f	514	2024-02-27 11:17:24.137929+01
2590	-1	165	f	545	2024-02-27 11:17:24.137933+01
2591	-1	165	f	542	2024-02-27 11:17:24.137938+01
2592	-1	165	f	517	2024-02-27 11:17:24.137948+01
2593	-1	165	f	513	2024-02-27 11:17:24.137953+01
2594	-1	165	f	501	2024-02-27 11:17:24.137957+01
2595	-1	165	f	508	2024-02-27 11:17:24.137962+01
2596	-1	165	f	530	2024-02-27 11:17:24.137965+01
2597	-1	165	f	524	2024-02-27 11:17:24.137969+01
2598	-1	165	f	505	2024-02-27 11:17:24.137974+01
2599	-1	165	f	538	2024-02-27 11:17:24.137978+01
2600	-1	165	f	534	2024-02-27 11:17:24.137982+01
2601	-1	165	f	548	2024-02-27 11:17:24.137987+01
2602	-1	165	f	531	2024-02-27 11:17:24.137991+01
2603	-1	165	f	507	2024-02-27 11:17:24.138003+01
2604	-1	165	f	535	2024-02-27 11:17:24.138007+01
2605	-1	165	f	528	2024-02-27 11:17:24.138011+01
2606	-1	166	f	500	2024-02-27 11:17:26.979982+01
2607	-1	166	f	549	2024-02-27 11:17:26.979994+01
2608	-1	166	f	525	2024-02-27 11:17:26.979999+01
2609	-1	166	f	506	2024-02-27 11:17:26.980002+01
2610	-1	166	f	503	2024-02-27 11:17:26.980004+01
2611	-1	166	f	520	2024-02-27 11:17:26.980005+01
2612	-1	166	f	509	2024-02-27 11:17:26.980013+01
2613	-1	166	f	522	2024-02-27 11:17:26.980015+01
2614	-1	166	f	504	2024-02-27 11:17:26.980017+01
2615	-1	166	f	544	2024-02-27 11:17:26.980019+01
2616	-1	166	f	532	2024-02-27 11:17:26.980021+01
2617	-1	166	f	510	2024-02-27 11:17:26.980031+01
2618	-1	166	f	519	2024-02-27 11:17:26.980033+01
2619	-1	166	f	516	2024-02-27 11:17:26.980035+01
2620	-1	166	f	533	2024-02-27 11:17:26.980037+01
2621	-1	166	f	502	2024-02-27 11:17:26.980041+01
2622	-1	166	f	541	2024-02-27 11:17:26.980042+01
2623	-1	166	f	515	2024-02-27 11:17:26.980045+01
2624	-1	166	f	540	2024-02-27 11:17:26.980047+01
2625	-1	166	f	512	2024-02-27 11:17:26.980049+01
2626	-1	166	f	518	2024-02-27 11:17:26.980051+01
2627	-1	166	f	529	2024-02-27 11:17:26.980053+01
2628	-1	166	f	511	2024-02-27 11:17:26.980055+01
2629	-1	166	f	521	2024-02-27 11:17:26.980057+01
2630	-1	166	f	523	2024-02-27 11:17:26.980059+01
2631	-1	166	f	536	2024-02-27 11:17:26.980061+01
2632	-1	166	f	539	2024-02-27 11:17:26.980065+01
2633	-1	166	f	526	2024-02-27 11:17:26.980079+01
2634	-1	166	f	537	2024-02-27 11:17:26.980081+01
2635	-1	166	f	543	2024-02-27 11:17:26.980083+01
2636	-1	166	f	546	2024-02-27 11:17:26.980086+01
2637	-1	166	f	527	2024-02-27 11:17:26.980088+01
2638	-1	166	f	550	2024-02-27 11:17:26.98009+01
2639	-1	166	f	514	2024-02-27 11:17:26.980093+01
2640	-1	166	f	545	2024-02-27 11:17:26.980094+01
2641	-1	166	f	542	2024-02-27 11:17:26.980096+01
2642	-1	166	f	517	2024-02-27 11:17:26.9801+01
2643	-1	166	f	513	2024-02-27 11:17:26.980102+01
2644	-1	166	f	501	2024-02-27 11:17:26.980104+01
2645	-1	166	f	508	2024-02-27 11:17:26.980106+01
2646	-1	166	f	530	2024-02-27 11:17:26.980108+01
2647	-1	166	f	524	2024-02-27 11:17:26.980109+01
2648	-1	166	f	505	2024-02-27 11:17:26.980111+01
2649	-1	166	f	538	2024-02-27 11:17:26.980113+01
2650	-1	166	f	534	2024-02-27 11:17:26.980114+01
2651	-1	166	f	548	2024-02-27 11:17:26.980116+01
2652	-1	166	f	531	2024-02-27 11:17:26.98012+01
2653	-1	166	f	507	2024-02-27 11:17:26.980126+01
2654	-1	166	f	535	2024-02-27 11:17:26.980128+01
2655	-1	166	f	528	2024-02-27 11:17:26.98013+01
2656	-1	167	f	500	2024-02-27 11:18:14.22906+01
2657	-1	167	f	549	2024-02-27 11:18:14.229202+01
2658	-1	167	f	525	2024-02-27 11:18:14.229206+01
2659	-1	167	f	506	2024-02-27 11:18:14.229209+01
2660	-1	167	f	503	2024-02-27 11:18:14.229211+01
2661	-1	167	f	520	2024-02-27 11:18:14.229212+01
2662	-1	167	f	509	2024-02-27 11:18:14.229216+01
2663	-1	167	f	522	2024-02-27 11:18:14.229218+01
2664	-1	167	f	504	2024-02-27 11:18:14.229219+01
2665	-1	167	f	544	2024-02-27 11:18:14.229221+01
2666	-1	167	f	532	2024-02-27 11:18:14.229223+01
2667	-1	167	f	510	2024-02-27 11:18:14.229273+01
2668	-1	167	f	519	2024-02-27 11:18:14.229275+01
2669	-1	167	f	516	2024-02-27 11:18:14.229277+01
2670	-1	167	f	533	2024-02-27 11:18:14.229279+01
2671	-1	167	f	502	2024-02-27 11:18:14.229281+01
2672	-1	167	f	541	2024-02-27 11:18:14.229684+01
2673	-1	167	f	515	2024-02-27 11:18:14.229691+01
2674	-1	167	f	540	2024-02-27 11:18:14.229693+01
2675	-1	167	f	512	2024-02-27 11:18:14.229697+01
2676	-1	167	f	518	2024-02-27 11:18:14.229699+01
2677	-1	167	f	529	2024-02-27 11:18:14.229702+01
2678	-1	167	f	511	2024-02-27 11:18:14.230072+01
2679	-1	167	f	521	2024-02-27 11:18:14.230076+01
2680	-1	167	f	523	2024-02-27 11:18:14.230079+01
2681	-1	167	f	536	2024-02-27 11:18:14.230081+01
2682	-1	167	f	539	2024-02-27 11:18:14.230085+01
2683	-1	167	f	526	2024-02-27 11:18:14.230739+01
2684	-1	167	f	537	2024-02-27 11:18:14.230741+01
2685	-1	167	f	543	2024-02-27 11:18:14.230743+01
2686	-1	167	f	546	2024-02-27 11:18:14.23075+01
2687	-1	167	f	527	2024-02-27 11:18:14.230754+01
2688	-1	167	f	550	2024-02-27 11:18:14.230833+01
2689	-1	167	f	514	2024-02-27 11:18:14.230839+01
2690	-1	167	f	545	2024-02-27 11:18:14.23084+01
2691	-1	167	f	542	2024-02-27 11:18:14.230843+01
2692	-1	167	f	517	2024-02-27 11:18:14.230855+01
2693	-1	167	f	513	2024-02-27 11:18:14.230857+01
2694	-1	167	f	501	2024-02-27 11:18:14.230859+01
2695	-1	167	f	508	2024-02-27 11:18:14.230861+01
2696	-1	167	f	530	2024-02-27 11:18:14.230862+01
2697	-1	167	f	524	2024-02-27 11:18:14.230864+01
2698	-1	167	f	505	2024-02-27 11:18:14.230866+01
2699	-1	167	f	538	2024-02-27 11:18:14.230868+01
2700	-1	167	f	534	2024-02-27 11:18:14.23087+01
2701	-1	167	f	548	2024-02-27 11:18:14.230872+01
2702	-1	167	f	531	2024-02-27 11:18:14.230875+01
2703	-1	167	f	507	2024-02-27 11:18:14.230882+01
2704	-1	167	f	535	2024-02-27 11:18:14.230883+01
2705	-1	167	f	528	2024-02-27 11:18:14.230885+01
2706	-1	168	f	500	2024-02-27 11:19:04.93221+01
2707	-1	168	f	549	2024-02-27 11:19:04.932222+01
2708	-1	168	f	525	2024-02-27 11:19:04.932226+01
2709	-1	168	f	506	2024-02-27 11:19:04.932229+01
2710	-1	168	f	503	2024-02-27 11:19:04.932231+01
2711	-1	168	f	520	2024-02-27 11:19:04.932233+01
2712	-1	168	f	509	2024-02-27 11:19:04.932235+01
2713	-1	168	f	522	2024-02-27 11:19:04.932237+01
2714	-1	168	f	504	2024-02-27 11:19:04.932239+01
2715	-1	168	f	544	2024-02-27 11:19:04.932241+01
2716	-1	168	f	532	2024-02-27 11:19:04.932243+01
2717	-1	168	f	510	2024-02-27 11:19:04.932249+01
2718	-1	168	f	519	2024-02-27 11:19:04.932251+01
2719	-1	168	f	516	2024-02-27 11:19:04.932253+01
2720	-1	168	f	533	2024-02-27 11:19:04.932255+01
2721	-1	168	f	502	2024-02-27 11:19:04.932258+01
2722	-1	168	f	541	2024-02-27 11:19:04.932259+01
2723	-1	168	f	515	2024-02-27 11:19:04.932264+01
2724	-1	168	f	540	2024-02-27 11:19:04.932265+01
2725	-1	168	f	512	2024-02-27 11:19:04.932269+01
2726	-1	168	f	518	2024-02-27 11:19:04.932271+01
2727	-1	168	f	529	2024-02-27 11:19:04.932273+01
2728	-1	168	f	511	2024-02-27 11:19:04.932275+01
2729	-1	168	f	521	2024-02-27 11:19:04.932276+01
2730	-1	168	f	523	2024-02-27 11:19:04.932279+01
2731	-1	168	f	536	2024-02-27 11:19:04.932281+01
2732	-1	168	f	539	2024-02-27 11:19:04.932283+01
2733	-1	168	f	526	2024-02-27 11:19:04.932294+01
2734	-1	168	f	537	2024-02-27 11:19:04.932295+01
2735	-1	168	f	543	2024-02-27 11:19:04.932297+01
2736	-1	168	f	546	2024-02-27 11:19:04.932303+01
2737	-1	168	f	527	2024-02-27 11:19:04.932305+01
2738	-1	168	f	550	2024-02-27 11:19:04.932307+01
2739	-1	168	f	514	2024-02-27 11:19:04.932311+01
2740	-1	168	f	545	2024-02-27 11:19:04.932312+01
2741	-1	168	f	542	2024-02-27 11:19:04.932315+01
2742	-1	168	f	517	2024-02-27 11:19:04.932317+01
2743	-1	168	f	513	2024-02-27 11:19:04.932319+01
2744	-1	168	f	501	2024-02-27 11:19:04.932321+01
2745	-1	168	f	508	2024-02-27 11:19:04.932323+01
2746	-1	168	f	530	2024-02-27 11:19:04.932325+01
2747	-1	168	f	524	2024-02-27 11:19:04.932326+01
2748	-1	168	f	505	2024-02-27 11:19:04.932328+01
2749	-1	168	f	538	2024-02-27 11:19:04.932329+01
2750	-1	168	f	534	2024-02-27 11:19:04.932331+01
2751	-1	168	f	548	2024-02-27 11:19:04.932333+01
2752	-1	168	f	531	2024-02-27 11:19:04.932336+01
2753	-1	168	f	507	2024-02-27 11:19:04.932342+01
2754	-1	168	f	535	2024-02-27 11:19:04.932343+01
2755	-1	168	f	528	2024-02-27 11:19:04.932345+01
2806	-1	170	f	500	2024-02-27 11:19:12.730028+01
2807	-1	170	f	549	2024-02-27 11:19:12.730119+01
2808	-1	170	f	525	2024-02-27 11:19:12.730125+01
2809	-1	170	f	506	2024-02-27 11:19:12.730128+01
2810	-1	170	f	503	2024-02-27 11:19:12.730129+01
2811	-1	170	f	520	2024-02-27 11:19:12.730131+01
2812	-1	170	f	509	2024-02-27 11:19:12.730134+01
2813	-1	170	f	522	2024-02-27 11:19:12.730147+01
2814	-1	170	f	504	2024-02-27 11:19:12.730149+01
2815	-1	170	f	544	2024-02-27 11:19:12.730151+01
2816	-1	170	f	532	2024-02-27 11:19:12.730153+01
2817	-1	170	f	510	2024-02-27 11:19:12.730161+01
2818	-1	170	f	519	2024-02-27 11:19:12.730164+01
2819	-1	170	f	516	2024-02-27 11:19:12.730166+01
2820	-1	170	f	533	2024-02-27 11:19:12.730168+01
2821	-1	170	f	502	2024-02-27 11:19:12.73017+01
2822	-1	170	f	541	2024-02-27 11:19:12.730171+01
2823	-1	170	f	515	2024-02-27 11:19:12.730179+01
2824	-1	170	f	540	2024-02-27 11:19:12.730181+01
2825	-1	170	f	512	2024-02-27 11:19:12.730185+01
2826	-1	170	f	518	2024-02-27 11:19:12.730186+01
2827	-1	170	f	529	2024-02-27 11:19:12.730188+01
2828	-1	170	f	511	2024-02-27 11:19:12.73019+01
2829	-1	170	f	521	2024-02-27 11:19:12.730192+01
2830	-1	170	f	523	2024-02-27 11:19:12.730195+01
2831	-1	170	f	536	2024-02-27 11:19:12.730196+01
2832	-1	170	f	539	2024-02-27 11:19:12.730198+01
2833	-1	170	f	526	2024-02-27 11:19:12.730256+01
2834	-1	170	f	537	2024-02-27 11:19:12.730258+01
2835	-1	170	f	543	2024-02-27 11:19:12.73026+01
2836	-1	170	f	546	2024-02-27 11:19:12.730265+01
2837	-1	170	f	527	2024-02-27 11:19:12.730267+01
2838	-1	170	f	550	2024-02-27 11:19:12.73027+01
2839	-1	170	f	514	2024-02-27 11:19:12.730276+01
2840	-1	170	f	545	2024-02-27 11:19:12.730278+01
2841	-1	170	f	542	2024-02-27 11:19:12.73028+01
2842	-1	170	f	517	2024-02-27 11:19:12.730282+01
2843	-1	170	f	513	2024-02-27 11:19:12.730292+01
2844	-1	170	f	501	2024-02-27 11:19:12.730293+01
2845	-1	170	f	508	2024-02-27 11:19:12.730295+01
2846	-1	170	f	530	2024-02-27 11:19:12.730297+01
2847	-1	170	f	524	2024-02-27 11:19:12.730298+01
2848	-1	170	f	505	2024-02-27 11:19:12.7303+01
2849	-1	170	f	538	2024-02-27 11:19:12.730302+01
2850	-1	170	f	534	2024-02-27 11:19:12.730304+01
2851	-1	170	f	548	2024-02-27 11:19:12.730306+01
2852	-1	170	f	531	2024-02-27 11:19:12.730308+01
2853	-1	170	f	507	2024-02-27 11:19:12.730316+01
2854	-1	170	f	535	2024-02-27 11:19:12.730317+01
2855	-1	170	f	528	2024-02-27 11:19:12.730321+01
3046	-1	174	f	539	2024-02-27 17:12:02.254566+01
3047	-1	174	f	501	2024-02-27 17:12:02.254568+01
3048	-1	174	f	508	2024-02-27 17:12:02.25457+01
3049	-1	174	f	515	2024-02-27 17:12:02.254571+01
3050	-1	174	f	503	2024-02-27 17:12:02.254573+01
3051	-1	174	f	549	2024-02-27 17:12:02.254574+01
3052	-1	174	f	534	2024-02-27 17:12:02.254581+01
3053	-1	174	f	526	2024-02-27 17:12:02.254583+01
3054	-1	174	f	542	2024-02-27 17:12:02.254585+01
3055	-1	174	f	518	2024-02-27 17:12:02.254587+01
3106	-1	176	f	504	2024-02-27 17:22:57.750837+01
3107	-1	176	f	545	2024-02-27 17:22:57.750879+01
3108	-1	176	f	514	2024-02-27 17:22:57.750888+01
3109	-1	176	f	500	2024-02-27 17:22:57.750895+01
3110	-1	176	f	519	2024-02-27 17:22:57.750902+01
3111	-1	176	f	538	2024-02-27 17:22:57.750927+01
3112	-1	176	f	540	2024-02-27 17:22:57.750935+01
3113	-1	176	f	505	2024-02-27 17:22:57.750954+01
3114	-1	176	f	527	2024-02-27 17:22:57.750961+01
3115	-1	176	f	536	2024-02-27 17:22:57.750969+01
3116	-1	176	f	542	2024-02-27 17:22:57.750978+01
3117	-1	176	f	518	2024-02-27 17:22:57.750987+01
3118	-1	176	f	543	2024-02-27 17:22:57.750994+01
3119	-1	176	f	534	2024-02-27 17:22:57.751005+01
3120	-1	176	f	539	2024-02-27 17:22:57.751013+01
3121	-1	176	f	550	2024-02-27 17:22:57.751026+01
3122	-1	176	f	532	2024-02-27 17:22:57.751036+01
3123	-1	176	f	524	2024-02-27 17:22:57.751048+01
3124	-1	176	f	507	2024-02-27 17:22:57.751055+01
3125	-1	176	f	544	2024-02-27 17:22:57.751063+01
3126	-1	176	f	533	2024-02-27 17:22:57.751069+01
3127	-1	176	f	517	2024-02-27 17:22:57.751077+01
3128	-1	176	f	522	2024-02-27 17:22:57.751084+01
3129	-1	176	f	548	2024-02-27 17:22:57.751091+01
3130	-1	176	f	501	2024-02-27 17:22:57.751098+01
3131	-1	176	f	516	2024-02-27 17:22:57.751232+01
3132	-1	176	f	525	2024-02-27 17:22:57.751272+01
3133	-1	176	f	513	2024-02-27 17:22:57.751281+01
3134	-1	176	f	531	2024-02-27 17:22:57.751289+01
3135	-1	176	f	523	2024-02-27 17:22:57.751301+01
3136	-1	176	f	506	2024-02-27 17:22:57.751309+01
3137	-1	176	f	512	2024-02-27 17:22:57.751315+01
3138	-1	176	f	528	2024-02-27 17:22:57.751322+01
3139	-1	176	f	546	2024-02-27 17:22:57.751329+01
3140	-1	176	f	530	2024-02-27 17:22:57.751336+01
3141	-1	176	f	515	2024-02-27 17:22:57.751351+01
3142	-1	176	f	502	2024-02-27 17:22:57.751357+01
3143	-1	176	f	511	2024-02-27 17:22:57.751363+01
2756	-1	169	f	500	2024-02-27 11:19:09.636236+01
2757	-1	169	f	549	2024-02-27 11:19:09.636248+01
2758	-1	169	f	525	2024-02-27 11:19:09.636252+01
2759	-1	169	f	506	2024-02-27 11:19:09.636256+01
2760	-1	169	f	503	2024-02-27 11:19:09.636257+01
2761	-1	169	f	520	2024-02-27 11:19:09.636259+01
2762	-1	169	f	509	2024-02-27 11:19:09.636262+01
2763	-1	169	f	522	2024-02-27 11:19:09.636263+01
2764	-1	169	f	504	2024-02-27 11:19:09.636272+01
2765	-1	169	f	544	2024-02-27 11:19:09.636274+01
2766	-1	169	f	532	2024-02-27 11:19:09.636276+01
2767	-1	169	f	510	2024-02-27 11:19:09.636336+01
2768	-1	169	f	519	2024-02-27 11:19:09.63634+01
2769	-1	169	f	516	2024-02-27 11:19:09.636343+01
2770	-1	169	f	533	2024-02-27 11:19:09.636345+01
2771	-1	169	f	502	2024-02-27 11:19:09.636347+01
2772	-1	169	f	541	2024-02-27 11:19:09.636349+01
2773	-1	169	f	515	2024-02-27 11:19:09.636354+01
2774	-1	169	f	540	2024-02-27 11:19:09.636355+01
2775	-1	169	f	512	2024-02-27 11:19:09.636364+01
2776	-1	169	f	518	2024-02-27 11:19:09.636366+01
2777	-1	169	f	529	2024-02-27 11:19:09.636368+01
2778	-1	169	f	511	2024-02-27 11:19:09.63637+01
2779	-1	169	f	521	2024-02-27 11:19:09.636372+01
2780	-1	169	f	523	2024-02-27 11:19:09.636375+01
2781	-1	169	f	536	2024-02-27 11:19:09.636377+01
2782	-1	169	f	539	2024-02-27 11:19:09.636379+01
2783	-1	169	f	526	2024-02-27 11:19:09.636392+01
2784	-1	169	f	537	2024-02-27 11:19:09.636394+01
2785	-1	169	f	543	2024-02-27 11:19:09.636396+01
2786	-1	169	f	546	2024-02-27 11:19:09.636405+01
2787	-1	169	f	527	2024-02-27 11:19:09.636407+01
2788	-1	169	f	550	2024-02-27 11:19:09.636409+01
2789	-1	169	f	514	2024-02-27 11:19:09.636413+01
2790	-1	169	f	545	2024-02-27 11:19:09.636415+01
2791	-1	169	f	542	2024-02-27 11:19:09.636417+01
2792	-1	169	f	517	2024-02-27 11:19:09.63642+01
2793	-1	169	f	513	2024-02-27 11:19:09.636421+01
2794	-1	169	f	501	2024-02-27 11:19:09.636423+01
2795	-1	169	f	508	2024-02-27 11:19:09.636425+01
2796	-1	169	f	530	2024-02-27 11:19:09.63643+01
2797	-1	169	f	524	2024-02-27 11:19:09.636432+01
2798	-1	169	f	505	2024-02-27 11:19:09.636433+01
2799	-1	169	f	538	2024-02-27 11:19:09.636435+01
2800	-1	169	f	534	2024-02-27 11:19:09.636437+01
2801	-1	169	f	548	2024-02-27 11:19:09.636439+01
2802	-1	169	f	531	2024-02-27 11:19:09.636441+01
2803	-1	169	f	507	2024-02-27 11:19:09.636448+01
2804	-1	169	f	535	2024-02-27 11:19:09.636449+01
2805	-1	169	f	528	2024-02-27 11:19:09.636451+01
2856	-1	171	f	526	2024-02-27 11:25:10.723494+01
2857	-1	171	f	503	2024-02-27 11:25:10.723516+01
2858	-1	171	f	520	2024-02-27 11:25:10.723519+01
2859	-1	171	f	518	2024-02-27 11:25:10.723521+01
2860	-1	171	f	525	2024-02-27 11:25:10.723524+01
2861	-1	171	f	531	2024-02-27 11:25:10.723896+01
2862	-1	171	f	506	2024-02-27 11:25:10.723904+01
2863	-1	171	f	539	2024-02-27 11:25:10.723906+01
2864	-1	171	f	541	2024-02-27 11:25:10.723908+01
2865	-1	171	f	513	2024-02-27 11:25:10.723911+01
2866	-1	171	f	522	2024-02-27 11:25:10.723913+01
2867	-1	171	f	517	2024-02-27 11:25:10.723915+01
2868	-1	171	f	533	2024-02-27 11:25:10.723917+01
2869	-1	171	f	521	2024-02-27 11:25:10.72392+01
2870	-1	171	f	534	2024-02-27 11:25:10.723925+01
2871	-1	171	f	546	2024-02-27 11:25:10.723927+01
2872	-1	171	f	527	2024-02-27 11:25:10.72393+01
2873	-1	171	f	544	2024-02-27 11:25:10.723932+01
2874	-1	171	f	500	2024-02-27 11:25:10.723933+01
2875	-1	171	f	514	2024-02-27 11:25:10.723935+01
2876	-1	171	f	519	2024-02-27 11:25:10.723937+01
2877	-1	171	f	510	2024-02-27 11:25:10.723939+01
2878	-1	171	f	548	2024-02-27 11:25:10.723941+01
2879	-1	171	f	523	2024-02-27 11:25:10.723943+01
2880	-1	171	f	549	2024-02-27 11:25:10.723945+01
2881	-1	171	f	537	2024-02-27 11:25:10.723951+01
2882	-1	171	f	511	2024-02-27 11:25:10.723952+01
2883	-1	171	f	516	2024-02-27 11:25:10.723976+01
2884	-1	171	f	501	2024-02-27 11:25:10.723978+01
2885	-1	171	f	545	2024-02-27 11:25:10.72398+01
2886	-1	171	f	542	2024-02-27 11:25:10.723982+01
2887	-1	171	f	528	2024-02-27 11:25:10.723984+01
2888	-1	171	f	515	2024-02-27 11:25:10.723986+01
2889	-1	171	f	508	2024-02-27 11:25:10.723988+01
2890	-1	171	f	529	2024-02-27 11:25:10.723989+01
2891	-1	171	f	543	2024-02-27 11:25:10.723991+01
2892	-1	171	f	509	2024-02-27 11:25:10.723999+01
2893	-1	171	f	504	2024-02-27 11:25:10.724001+01
2894	-1	171	f	507	2024-02-27 11:25:10.724002+01
2895	-1	171	f	540	2024-02-27 11:25:10.724004+01
2896	-1	171	f	538	2024-02-27 11:25:10.724006+01
2897	-1	171	f	550	2024-02-27 11:25:10.724008+01
2898	-1	171	f	502	2024-02-27 11:25:10.72401+01
2899	-1	171	f	512	2024-02-27 11:25:10.724012+01
2900	-1	171	f	547	2024-02-27 11:25:10.724013+01
2901	-1	171	f	536	2024-02-27 11:25:10.724015+01
2902	-1	171	f	530	2024-02-27 11:25:10.724017+01
2903	-1	171	f	505	2024-02-27 11:25:10.724019+01
2904	-1	171	f	532	2024-02-27 11:25:10.724024+01
2905	-1	171	f	524	2024-02-27 11:25:10.724028+01
2906	-1	172	f	533	2024-02-27 11:30:24.861502+01
2907	-1	172	f	527	2024-02-27 11:30:24.882876+01
2908	-1	172	f	539	2024-02-27 11:30:24.882878+01
2909	-1	172	f	518	2024-02-27 11:30:24.88288+01
2910	-1	172	f	500	2024-02-27 11:30:24.882883+01
2911	-1	172	f	534	2024-02-27 11:30:24.882885+01
2912	-1	172	f	536	2024-02-27 11:30:24.883014+01
2913	-1	172	f	532	2024-02-27 11:30:24.883017+01
2914	-1	172	f	542	2024-02-27 11:30:24.883025+01
2915	-1	172	f	541	2024-02-27 11:30:24.883028+01
2916	-1	172	f	528	2024-02-27 11:30:24.883031+01
2917	-1	172	f	547	2024-02-27 11:30:24.908765+01
2918	-1	172	f	515	2024-02-27 11:30:24.908783+01
2919	-1	172	f	544	2024-02-27 11:30:24.908791+01
2920	-1	172	f	506	2024-02-27 11:30:24.9088+01
2921	-1	172	f	502	2024-02-27 11:30:24.909065+01
2922	-1	172	f	516	2024-02-27 11:30:24.909073+01
2923	-1	172	f	546	2024-02-27 11:30:24.909336+01
2924	-1	172	f	507	2024-02-27 11:30:24.909348+01
2925	-1	172	f	503	2024-02-27 11:30:24.909356+01
2926	-1	172	f	540	2024-02-27 11:30:24.909363+01
2927	-1	172	f	525	2024-02-27 11:30:24.90938+01
2928	-1	172	f	512	2024-02-27 11:30:24.909388+01
2929	-1	172	f	543	2024-02-27 11:30:24.909395+01
2930	-1	172	f	537	2024-02-27 11:30:24.909563+01
2931	-1	172	f	513	2024-02-27 11:30:24.909571+01
2932	-1	172	f	517	2024-02-27 11:30:24.909727+01
2933	-1	172	f	511	2024-02-27 11:30:24.911579+01
2934	-1	172	f	504	2024-02-27 11:30:24.911591+01
2935	-1	172	f	550	2024-02-27 11:30:24.911829+01
2936	-1	172	f	531	2024-02-27 11:30:24.911841+01
2937	-1	172	f	529	2024-02-27 11:30:24.911886+01
2938	-1	172	f	505	2024-02-27 11:30:24.912216+01
2939	-1	172	f	509	2024-02-27 11:30:24.912223+01
2940	-1	172	f	545	2024-02-27 11:30:24.91223+01
2941	-1	172	f	508	2024-02-27 11:30:24.912237+01
2942	-1	172	f	549	2024-02-27 11:30:24.912257+01
2943	-1	172	f	522	2024-02-27 11:30:24.912265+01
2944	-1	172	f	548	2024-02-27 11:30:24.912271+01
2945	-1	172	f	519	2024-02-27 11:30:24.912278+01
2946	-1	172	f	538	2024-02-27 11:30:24.912286+01
2947	-1	172	f	523	2024-02-27 11:30:24.912292+01
2948	-1	172	f	530	2024-02-27 11:30:24.912299+01
2949	-1	172	f	520	2024-02-27 11:30:24.912305+01
2950	-1	172	f	526	2024-02-27 11:30:24.912314+01
2951	-1	172	f	510	2024-02-27 11:30:24.91232+01
2952	-1	172	f	535	2024-02-27 11:30:24.912326+01
2953	-1	172	f	524	2024-02-27 11:30:24.912364+01
2954	-1	172	f	514	2024-02-27 11:30:24.912389+01
2955	-1	172	f	501	2024-02-27 11:30:24.912396+01
2956	1	173	f	544	2024-02-27 11:34:16.102912+01
2957	-1	173	f	541	2024-02-27 11:34:16.104037+01
2958	-1	173	f	508	2024-02-27 11:34:16.104046+01
2959	-1	173	f	542	2024-02-27 11:34:16.104048+01
2960	-1	173	f	537	2024-02-27 11:34:16.104051+01
2961	-1	173	f	500	2024-02-27 11:34:16.104056+01
2962	-1	173	f	520	2024-02-27 11:34:16.104058+01
2963	-1	173	f	532	2024-02-27 11:34:16.10406+01
2964	-1	173	f	522	2024-02-27 11:34:16.104065+01
2965	-1	173	f	539	2024-02-27 11:34:16.104073+01
2966	-1	173	f	540	2024-02-27 11:34:16.104075+01
2967	-1	173	f	534	2024-02-27 11:34:16.104077+01
2968	-1	173	f	550	2024-02-27 11:34:16.10408+01
2969	-1	173	f	527	2024-02-27 11:34:16.104082+01
2970	-1	173	f	511	2024-02-27 11:34:16.104085+01
2971	-1	173	f	535	2024-02-27 11:34:16.104087+01
2972	-1	173	f	516	2024-02-27 11:34:16.104088+01
2973	-1	173	f	519	2024-02-27 11:34:16.10409+01
2974	-1	173	f	530	2024-02-27 11:34:16.104092+01
2975	-1	173	f	526	2024-02-27 11:34:16.104097+01
2976	-1	173	f	528	2024-02-27 11:34:16.104099+01
2977	-1	173	f	523	2024-02-27 11:34:16.1041+01
2978	-1	173	f	531	2024-02-27 11:34:16.104102+01
2979	-1	173	f	505	2024-02-27 11:34:16.104105+01
2980	-1	173	f	538	2024-02-27 11:34:16.104107+01
2981	-1	173	f	525	2024-02-27 11:34:16.104242+01
2982	-1	173	f	517	2024-02-27 11:34:16.104251+01
2983	-1	173	f	543	2024-02-27 11:34:16.104253+01
2984	-1	173	f	545	2024-02-27 11:34:16.104256+01
2985	-1	173	f	502	2024-02-27 11:34:16.104262+01
2986	-1	173	f	506	2024-02-27 11:34:16.104263+01
2987	-1	173	f	536	2024-02-27 11:34:16.104265+01
2988	-1	173	f	512	2024-02-27 11:34:16.104267+01
2989	-1	173	f	501	2024-02-27 11:34:16.104269+01
2990	-1	173	f	504	2024-02-27 11:34:16.104271+01
2991	-1	173	f	513	2024-02-27 11:34:16.104273+01
2992	-1	173	f	533	2024-02-27 11:34:16.104275+01
2993	-1	173	f	518	2024-02-27 11:34:16.104277+01
2994	-1	173	f	521	2024-02-27 11:34:16.104279+01
2995	-1	173	f	510	2024-02-27 11:34:16.104281+01
2996	-1	173	f	529	2024-02-27 11:34:16.104283+01
2997	-1	173	f	503	2024-02-27 11:34:16.104322+01
2998	-1	173	f	546	2024-02-27 11:34:16.104326+01
2999	-1	173	f	547	2024-02-27 11:34:16.10433+01
3000	-1	173	f	514	2024-02-27 11:34:16.104332+01
3001	-1	173	f	509	2024-02-27 11:34:16.104334+01
3002	-1	173	f	507	2024-02-27 11:34:16.104336+01
3003	-1	173	f	524	2024-02-27 11:34:16.104339+01
3004	-1	173	f	548	2024-02-27 11:34:16.10434+01
3005	-1	173	f	515	2024-02-27 11:34:16.104343+01
3056	-1	175	f	546	2024-02-27 17:22:15.995783+01
3057	-1	175	f	549	2024-02-27 17:22:15.995818+01
3058	-1	175	f	517	2024-02-27 17:22:15.995826+01
3059	-1	175	f	515	2024-02-27 17:22:15.995829+01
3060	-1	175	f	501	2024-02-27 17:22:15.99583+01
3061	-1	175	f	508	2024-02-27 17:22:15.995839+01
3062	-1	175	f	503	2024-02-27 17:22:15.995841+01
3063	-1	175	f	502	2024-02-27 17:22:15.995843+01
3064	-1	175	f	516	2024-02-27 17:22:15.995844+01
3065	-1	175	f	529	2024-02-27 17:22:15.995846+01
3066	-1	175	f	500	2024-02-27 17:22:15.995848+01
3067	-1	175	f	531	2024-02-27 17:22:15.995864+01
3068	-1	175	f	538	2024-02-27 17:22:15.995877+01
3069	-1	175	f	543	2024-02-27 17:22:15.995879+01
3070	-1	175	f	525	2024-02-27 17:22:15.995882+01
3071	-1	175	f	520	2024-02-27 17:22:15.995886+01
3072	-1	175	f	536	2024-02-27 17:22:15.995888+01
3073	-1	175	f	506	2024-02-27 17:22:15.99589+01
3074	-1	175	f	507	2024-02-27 17:22:15.995892+01
3075	-1	175	f	504	2024-02-27 17:22:15.995893+01
3076	-1	175	f	534	2024-02-27 17:22:15.995896+01
3077	-1	175	f	519	2024-02-27 17:22:15.995898+01
3078	-1	175	f	545	2024-02-27 17:22:15.9959+01
3079	-1	175	f	505	2024-02-27 17:22:15.995902+01
3080	-1	175	f	550	2024-02-27 17:22:15.995904+01
3081	-1	175	f	535	2024-02-27 17:22:15.995908+01
3082	-1	175	f	524	2024-02-27 17:22:15.99591+01
3083	-1	175	f	513	2024-02-27 17:22:15.995937+01
3084	-1	175	f	518	2024-02-27 17:22:15.995939+01
3085	-1	175	f	528	2024-02-27 17:22:15.995941+01
3086	-1	175	f	547	2024-02-27 17:22:15.995943+01
3087	-1	175	f	526	2024-02-27 17:22:15.995945+01
3088	-1	175	f	510	2024-02-27 17:22:15.995947+01
3089	-1	175	f	533	2024-02-27 17:22:15.995949+01
3090	-1	175	f	509	2024-02-27 17:22:15.995951+01
3091	-1	175	f	522	2024-02-27 17:22:15.995953+01
3092	-1	175	f	540	2024-02-27 17:22:15.995956+01
3093	-1	175	f	512	2024-02-27 17:22:15.995959+01
3094	-1	175	f	527	2024-02-27 17:22:15.995961+01
3095	-1	175	f	537	2024-02-27 17:22:15.995962+01
3096	-1	175	f	521	2024-02-27 17:22:15.995964+01
3097	-1	175	f	523	2024-02-27 17:22:15.995966+01
3098	-1	175	f	542	2024-02-27 17:22:15.995968+01
3099	-1	175	f	530	2024-02-27 17:22:15.995971+01
3100	-1	175	f	511	2024-02-27 17:22:15.995972+01
3101	-1	175	f	539	2024-02-27 17:22:15.995974+01
3102	-1	175	f	541	2024-02-27 17:22:15.995976+01
3103	-1	175	f	532	2024-02-27 17:22:15.99598+01
3104	-1	175	f	544	2024-02-27 17:22:15.995983+01
3105	-1	175	f	548	2024-02-27 17:22:15.995985+01
3144	-1	176	f	526	2024-02-27 17:22:57.75137+01
3145	-1	176	f	508	2024-02-27 17:22:57.751376+01
3146	-1	176	f	503	2024-02-27 17:22:57.751381+01
3147	-1	176	f	547	2024-02-27 17:22:57.751387+01
3148	-1	176	f	510	2024-02-27 17:22:57.751394+01
3149	-1	176	f	537	2024-02-27 17:22:57.751401+01
3150	-1	176	f	535	2024-02-27 17:22:57.751407+01
3151	-1	176	f	521	2024-02-27 17:22:57.751413+01
3152	-1	176	f	529	2024-02-27 17:22:57.751421+01
3153	-1	176	f	520	2024-02-27 17:22:57.751427+01
3154	-1	176	f	509	2024-02-27 17:22:57.751444+01
3155	-1	176	f	549	2024-02-27 17:22:57.75145+01
3156	-1	177	f	532	2024-02-27 17:24:14.767861+01
3157	-1	177	f	548	2024-02-27 17:24:14.767896+01
3158	-1	177	f	504	2024-02-27 17:24:14.767899+01
3159	-1	177	f	526	2024-02-27 17:24:14.767902+01
3160	-1	177	f	529	2024-02-27 17:24:14.767904+01
3161	-1	177	f	549	2024-02-27 17:24:14.767906+01
3162	-1	177	f	511	2024-02-27 17:24:14.767908+01
3163	-1	177	f	502	2024-02-27 17:24:14.76791+01
3164	-1	177	f	537	2024-02-27 17:24:14.767912+01
3165	-1	177	f	515	2024-02-27 17:24:14.767913+01
3166	-1	177	f	539	2024-02-27 17:24:14.76793+01
3167	-1	177	f	535	2024-02-27 17:24:14.767932+01
3168	-1	177	f	527	2024-02-27 17:24:14.767934+01
3169	-1	177	f	534	2024-02-27 17:24:14.767936+01
3170	-1	177	f	518	2024-02-27 17:24:14.767938+01
3171	-1	177	f	512	2024-02-27 17:24:14.76794+01
3172	-1	177	f	520	2024-02-27 17:24:14.767942+01
3173	-1	177	f	536	2024-02-27 17:24:14.767945+01
3174	-1	177	f	513	2024-02-27 17:24:14.767947+01
3175	-1	177	f	508	2024-02-27 17:24:14.767949+01
3176	-1	177	f	525	2024-02-27 17:24:14.76795+01
3177	-1	177	f	524	2024-02-27 17:24:14.767957+01
3178	-1	177	f	546	2024-02-27 17:24:14.767959+01
3179	-1	177	f	531	2024-02-27 17:24:14.767961+01
3180	-1	177	f	509	2024-02-27 17:24:14.767965+01
3181	-1	177	f	550	2024-02-27 17:24:14.767966+01
3182	-1	177	f	503	2024-02-27 17:24:14.767969+01
3183	-1	177	f	510	2024-02-27 17:24:14.768005+01
3184	-1	177	f	547	2024-02-27 17:24:14.768007+01
3185	-1	177	f	507	2024-02-27 17:24:14.768012+01
3186	-1	177	f	544	2024-02-27 17:24:14.768013+01
3187	-1	177	f	533	2024-02-27 17:24:14.768015+01
3188	-1	177	f	514	2024-02-27 17:24:14.768021+01
3189	-1	177	f	528	2024-02-27 17:24:14.768023+01
3190	-1	177	f	500	2024-02-27 17:24:14.768025+01
3191	-1	177	f	501	2024-02-27 17:24:14.768026+01
3192	-1	177	f	543	2024-02-27 17:24:14.768028+01
3193	-1	177	f	538	2024-02-27 17:24:14.768031+01
3194	-1	177	f	506	2024-02-27 17:24:14.768033+01
3195	-1	177	f	521	2024-02-27 17:24:14.768034+01
3196	-1	177	f	516	2024-02-27 17:24:14.768037+01
3197	-1	177	f	522	2024-02-27 17:24:14.768039+01
3198	-1	177	f	542	2024-02-27 17:24:14.76804+01
3199	-1	177	f	541	2024-02-27 17:24:14.768047+01
3200	-1	177	f	505	2024-02-27 17:24:14.76805+01
3201	-1	177	f	519	2024-02-27 17:24:14.768051+01
3202	-1	177	f	540	2024-02-27 17:24:14.768054+01
3203	-1	177	f	517	2024-02-27 17:24:14.768056+01
3204	-1	177	f	545	2024-02-27 17:24:14.768058+01
3205	-1	177	f	530	2024-02-27 17:24:14.76806+01
3206	-1	178	f	532	2024-02-27 17:30:13.433396+01
3207	-1	178	f	511	2024-02-27 17:30:13.43342+01
3208	-1	178	f	500	2024-02-27 17:30:13.433423+01
3209	-1	178	f	547	2024-02-27 17:30:13.433425+01
3210	-1	178	f	520	2024-02-27 17:30:13.433427+01
3211	-1	178	f	504	2024-02-27 17:30:13.43343+01
3212	-1	178	f	501	2024-02-27 17:30:13.433432+01
3213	-1	178	f	527	2024-02-27 17:30:13.433434+01
3214	-1	178	f	550	2024-02-27 17:30:13.433436+01
3215	-1	178	f	509	2024-02-27 17:30:13.433443+01
3216	-1	178	f	526	2024-02-27 17:30:13.433445+01
3217	-1	178	f	544	2024-02-27 17:30:13.433447+01
3218	-1	178	f	508	2024-02-27 17:30:13.433448+01
3219	-1	178	f	513	2024-02-27 17:30:13.43345+01
3220	-1	178	f	533	2024-02-27 17:30:13.433452+01
3221	-1	178	f	521	2024-02-27 17:30:13.433454+01
3222	-1	178	f	530	2024-02-27 17:30:13.433457+01
3223	-1	178	f	541	2024-02-27 17:30:13.433458+01
3224	-1	178	f	514	2024-02-27 17:30:13.433461+01
3225	-1	178	f	525	2024-02-27 17:30:13.433463+01
3226	-1	178	f	543	2024-02-27 17:30:13.433468+01
3227	-1	178	f	548	2024-02-27 17:30:13.433471+01
3228	-1	178	f	535	2024-02-27 17:30:13.433473+01
3229	-1	178	f	507	2024-02-27 17:30:13.433475+01
3230	-1	178	f	510	2024-02-27 17:30:13.433476+01
3231	-1	178	f	545	2024-02-27 17:30:13.433478+01
3232	-1	178	f	524	2024-02-27 17:30:13.43348+01
3233	-1	178	f	512	2024-02-27 17:30:13.433502+01
3234	-1	178	f	516	2024-02-27 17:30:13.433504+01
3235	-1	178	f	528	2024-02-27 17:30:13.433506+01
3236	-1	178	f	542	2024-02-27 17:30:13.433508+01
3237	-1	178	f	506	2024-02-27 17:30:13.433531+01
3238	-1	178	f	538	2024-02-27 17:30:13.433533+01
3239	-1	178	f	539	2024-02-27 17:30:13.433535+01
3240	-1	178	f	517	2024-02-27 17:30:13.433536+01
3241	-1	178	f	546	2024-02-27 17:30:13.433539+01
3242	-1	178	f	519	2024-02-27 17:30:13.433541+01
3243	-1	178	f	502	2024-02-27 17:30:13.433543+01
3244	-1	178	f	531	2024-02-27 17:30:13.433545+01
3245	-1	178	f	536	2024-02-27 17:30:13.433549+01
3246	-1	178	f	534	2024-02-27 17:30:13.433551+01
3247	-1	178	f	503	2024-02-27 17:30:13.433554+01
3248	-1	178	f	518	2024-02-27 17:30:13.433556+01
3249	-1	178	f	505	2024-02-27 17:30:13.433558+01
3250	-1	178	f	540	2024-02-27 17:30:13.433559+01
3251	-1	178	f	523	2024-02-27 17:30:13.433562+01
3252	-1	178	f	529	2024-02-27 17:30:13.433564+01
3253	-1	178	f	537	2024-02-27 17:30:13.433565+01
3254	-1	178	f	522	2024-02-27 17:30:13.433567+01
3255	-1	178	f	515	2024-02-27 17:30:13.433568+01
3256	-1	179	f	515	2024-02-27 18:11:22.36837+01
3257	-1	179	f	533	2024-02-27 18:11:22.36839+01
3258	-1	179	f	500	2024-02-27 18:11:22.368394+01
3259	-1	179	f	549	2024-02-27 18:11:22.368395+01
3260	-1	179	f	547	2024-02-27 18:11:22.368398+01
3261	-1	179	f	541	2024-02-27 18:11:22.3684+01
3262	-1	179	f	504	2024-02-27 18:11:22.368406+01
3263	-1	179	f	502	2024-02-27 18:11:22.368408+01
3264	-1	179	f	512	2024-02-27 18:11:22.36841+01
3265	-1	179	f	528	2024-02-27 18:11:22.368412+01
3266	-1	179	f	507	2024-02-27 18:11:22.368414+01
3267	-1	179	f	517	2024-02-27 18:11:22.368418+01
3268	-1	179	f	531	2024-02-27 18:11:22.368421+01
3269	-1	179	f	501	2024-02-27 18:11:22.368424+01
3270	-1	179	f	548	2024-02-27 18:11:22.368426+01
3271	-1	179	f	530	2024-02-27 18:11:22.368428+01
3272	-1	179	f	522	2024-02-27 18:11:22.36843+01
3273	-1	179	f	542	2024-02-27 18:11:22.368432+01
3274	-1	179	f	506	2024-02-27 18:11:22.368434+01
3275	-1	179	f	527	2024-02-27 18:11:22.368436+01
3276	-1	179	f	534	2024-02-27 18:11:22.368437+01
3277	-1	179	f	513	2024-02-27 18:11:22.368443+01
3278	-1	179	f	532	2024-02-27 18:11:22.368445+01
3279	-1	179	f	503	2024-02-27 18:11:22.368448+01
3280	-1	179	f	521	2024-02-27 18:11:22.368449+01
3281	-1	179	f	516	2024-02-27 18:11:22.368452+01
3282	-1	179	f	550	2024-02-27 18:11:22.368453+01
3283	-1	179	f	544	2024-02-27 18:11:22.368645+01
3284	-1	179	f	508	2024-02-27 18:11:22.36865+01
3285	-1	179	f	529	2024-02-27 18:11:22.368652+01
3286	-1	179	f	546	2024-02-27 18:11:22.368655+01
3287	-1	179	f	538	2024-02-27 18:11:22.368657+01
3288	-1	179	f	535	2024-02-27 18:11:22.368667+01
3289	-1	179	f	539	2024-02-27 18:11:22.36867+01
3290	-1	179	f	523	2024-02-27 18:11:22.368672+01
3291	-1	179	f	511	2024-02-27 18:11:22.368673+01
3292	-1	179	f	524	2024-02-27 18:11:22.368675+01
3293	-1	179	f	525	2024-02-27 18:11:22.368677+01
3294	-1	179	f	518	2024-02-27 18:11:22.368679+01
3295	-1	179	f	543	2024-02-27 18:11:22.368681+01
3296	-1	179	f	505	2024-02-27 18:11:22.368684+01
3297	-1	179	f	520	2024-02-27 18:11:22.368686+01
3298	-1	179	f	537	2024-02-27 18:11:22.368694+01
3299	-1	179	f	509	2024-02-27 18:11:22.368695+01
3300	-1	179	f	526	2024-02-27 18:11:22.368697+01
3301	-1	179	f	536	2024-02-27 18:11:22.368699+01
3302	-1	179	f	514	2024-02-27 18:11:22.368701+01
3303	-1	179	f	519	2024-02-27 18:11:22.368702+01
3304	-1	179	f	545	2024-02-27 18:11:22.368705+01
3305	-1	179	f	540	2024-02-27 18:11:22.368706+01
3306	-1	180	f	547	2024-02-27 18:14:42.71962+01
3307	-1	180	f	545	2024-02-27 18:14:42.71968+01
3308	-1	180	f	506	2024-02-27 18:14:42.719687+01
3309	-1	180	f	524	2024-02-27 18:14:42.719693+01
3310	-1	180	f	505	2024-02-27 18:14:42.719698+01
3311	-1	180	f	540	2024-02-27 18:14:42.719704+01
3312	-1	180	f	530	2024-02-27 18:14:42.719762+01
3313	-1	180	f	525	2024-02-27 18:14:42.719767+01
3314	-1	180	f	542	2024-02-27 18:14:42.719774+01
3315	-1	180	f	550	2024-02-27 18:14:42.719781+01
3316	-1	180	f	529	2024-02-27 18:14:42.719789+01
3317	-1	180	f	501	2024-02-27 18:14:42.719794+01
3318	-1	180	f	539	2024-02-27 18:14:42.7198+01
3319	-1	180	f	534	2024-02-27 18:14:42.719805+01
3320	-1	180	f	533	2024-02-27 18:14:42.719811+01
3321	-1	180	f	522	2024-02-27 18:14:42.719817+01
3322	-1	180	f	535	2024-02-27 18:14:42.719831+01
3323	-1	180	f	517	2024-02-27 18:14:42.719836+01
3324	-1	180	f	523	2024-02-27 18:14:42.719842+01
3325	-1	180	f	514	2024-02-27 18:14:42.719846+01
3326	-1	180	f	519	2024-02-27 18:14:42.719851+01
3327	-1	180	f	549	2024-02-27 18:14:42.719858+01
3328	-1	180	f	543	2024-02-27 18:14:42.719864+01
3329	-1	180	f	500	2024-02-27 18:14:42.719872+01
3330	-1	180	f	515	2024-02-27 18:14:42.719877+01
3331	-1	180	f	526	2024-02-27 18:14:42.719882+01
3332	-1	180	f	532	2024-02-27 18:14:42.719886+01
3333	-1	180	f	527	2024-02-27 18:14:42.719948+01
3334	-1	180	f	520	2024-02-27 18:14:42.719954+01
3335	-1	180	f	507	2024-02-27 18:14:42.71996+01
3336	-1	180	f	546	2024-02-27 18:14:42.719965+01
3337	-1	180	f	502	2024-02-27 18:14:42.719973+01
3338	-1	180	f	548	2024-02-27 18:14:42.719977+01
3339	-1	180	f	538	2024-02-27 18:14:42.719983+01
3340	-1	180	f	503	2024-02-27 18:14:42.719988+01
3341	-1	180	f	544	2024-02-27 18:14:42.719992+01
3342	-1	180	f	537	2024-02-27 18:14:42.719997+01
3343	-1	180	f	541	2024-02-27 18:14:42.720011+01
3344	-1	180	f	521	2024-02-27 18:14:42.720018+01
3345	-1	180	f	536	2024-02-27 18:14:42.720024+01
3346	-1	180	f	511	2024-02-27 18:14:42.72003+01
3347	-1	180	f	508	2024-02-27 18:14:42.720035+01
3348	-1	180	f	510	2024-02-27 18:14:42.72004+01
3349	-1	180	f	528	2024-02-27 18:14:42.720045+01
3350	-1	180	f	531	2024-02-27 18:14:42.72005+01
3351	-1	180	f	509	2024-02-27 18:14:42.720059+01
3352	-1	180	f	516	2024-02-27 18:14:42.720063+01
3353	-1	180	f	504	2024-02-27 18:14:42.720098+01
3354	-1	180	f	513	2024-02-27 18:14:42.720104+01
3355	-1	180	f	518	2024-02-27 18:14:42.720109+01
3356	-1	181	f	512	2024-02-27 18:15:42.167209+01
3357	-1	181	f	547	2024-02-27 18:15:42.16724+01
3358	-1	181	f	500	2024-02-27 18:15:42.167249+01
3359	-1	181	f	529	2024-02-27 18:15:42.167256+01
3360	-1	181	f	546	2024-02-27 18:15:42.167263+01
3361	-1	181	f	507	2024-02-27 18:15:42.167271+01
3362	-1	181	f	526	2024-02-27 18:15:42.167326+01
3363	-1	181	f	517	2024-02-27 18:15:42.167333+01
3364	-1	181	f	533	2024-02-27 18:15:42.167341+01
3365	-1	181	f	541	2024-02-27 18:15:42.167348+01
3366	-1	181	f	549	2024-02-27 18:15:42.167365+01
3367	-1	181	f	523	2024-02-27 18:15:42.167372+01
3368	-1	181	f	510	2024-02-27 18:15:42.167379+01
3369	-1	181	f	508	2024-02-27 18:15:42.167386+01
3370	-1	181	f	536	2024-02-27 18:15:42.167392+01
3371	-1	181	f	539	2024-02-27 18:15:42.1674+01
3372	-1	181	f	530	2024-02-27 18:15:42.167406+01
3373	-1	181	f	502	2024-02-27 18:15:42.16742+01
3374	-1	181	f	540	2024-02-27 18:15:42.167426+01
3375	-1	181	f	511	2024-02-27 18:15:42.167435+01
3376	-1	181	f	513	2024-02-27 18:15:42.167442+01
3377	-1	181	f	505	2024-02-27 18:15:42.167449+01
3378	-1	181	f	524	2024-02-27 18:15:42.167456+01
3379	-1	181	f	531	2024-02-27 18:15:42.167463+01
3380	-1	181	f	525	2024-02-27 18:15:42.167475+01
3381	-1	181	f	506	2024-02-27 18:15:42.167483+01
3382	-1	181	f	515	2024-02-27 18:15:42.167491+01
3383	-1	181	f	527	2024-02-27 18:15:42.167504+01
3384	-1	181	f	550	2024-02-27 18:15:42.167527+01
3385	-1	181	f	538	2024-02-27 18:15:42.167537+01
3386	-1	181	f	522	2024-02-27 18:15:42.167544+01
3387	-1	181	f	518	2024-02-27 18:15:42.16755+01
3388	-1	181	f	504	2024-02-27 18:15:42.167558+01
3389	-1	181	f	509	2024-02-27 18:15:42.167565+01
3390	-1	181	f	544	2024-02-27 18:15:42.16757+01
3391	-1	181	f	545	2024-02-27 18:15:42.167575+01
3392	-1	181	f	542	2024-02-27 18:15:42.16758+01
3393	-1	181	f	519	2024-02-27 18:15:42.167586+01
3394	-1	181	f	503	2024-02-27 18:15:42.167598+01
3395	-1	181	f	543	2024-02-27 18:15:42.167603+01
3396	-1	181	f	535	2024-02-27 18:15:42.167611+01
3397	-1	181	f	548	2024-02-27 18:15:42.167616+01
3398	-1	181	f	501	2024-02-27 18:15:42.167621+01
3399	-1	181	f	537	2024-02-27 18:15:42.167627+01
3400	-1	181	f	514	2024-02-27 18:15:42.167632+01
3401	-1	181	f	528	2024-02-27 18:15:42.167637+01
3402	-1	181	f	532	2024-02-27 18:15:42.167642+01
3403	-1	181	f	521	2024-02-27 18:15:42.167651+01
3404	-1	181	f	520	2024-02-27 18:15:42.167663+01
3405	-1	181	f	534	2024-02-27 18:15:42.167669+01
3406	-1	182	f	519	2024-02-27 18:16:39.023789+01
3407	-1	182	f	535	2024-02-27 18:16:39.02391+01
3408	-1	182	f	520	2024-02-27 18:16:39.023922+01
3409	-1	182	f	503	2024-02-27 18:16:39.023934+01
3410	-1	182	f	534	2024-02-27 18:16:39.023944+01
3411	-1	182	f	541	2024-02-27 18:16:39.023967+01
3412	-1	182	f	505	2024-02-27 18:16:39.024021+01
3413	-1	182	f	527	2024-02-27 18:16:39.024031+01
3414	-1	182	f	539	2024-02-27 18:16:39.024042+01
3415	-1	182	f	523	2024-02-27 18:16:39.02407+01
3416	-1	182	f	542	2024-02-27 18:16:39.024083+01
3417	-1	182	f	532	2024-02-27 18:16:39.024094+01
3418	-1	182	f	504	2024-02-27 18:16:39.024112+01
3419	-1	182	f	517	2024-02-27 18:16:39.024121+01
3420	-1	182	f	550	2024-02-27 18:16:39.024146+01
3421	-1	182	f	500	2024-02-27 18:16:39.024158+01
3422	-1	182	f	540	2024-02-27 18:16:39.024166+01
3423	-1	182	f	530	2024-02-27 18:16:39.024179+01
3424	-1	182	f	529	2024-02-27 18:16:39.024187+01
3425	-1	182	f	524	2024-02-27 18:16:39.024197+01
3426	-1	182	f	521	2024-02-27 18:16:39.024206+01
3427	-1	182	f	545	2024-02-27 18:16:39.024216+01
3428	-1	182	f	544	2024-02-27 18:16:39.024226+01
3429	-1	182	f	509	2024-02-27 18:16:39.024234+01
3430	-1	182	f	528	2024-02-27 18:16:39.024243+01
3431	-1	182	f	510	2024-02-27 18:16:39.024264+01
3432	-1	182	f	547	2024-02-27 18:16:39.024505+01
3433	-1	182	f	526	2024-02-27 18:16:39.024515+01
3434	-1	182	f	525	2024-02-27 18:16:39.024524+01
3435	-1	182	f	513	2024-02-27 18:16:39.024535+01
3436	-1	182	f	507	2024-02-27 18:16:39.0246+01
3437	-1	182	f	501	2024-02-27 18:16:39.024609+01
3438	-1	182	f	536	2024-02-27 18:16:39.024619+01
3439	-1	182	f	537	2024-02-27 18:16:39.024629+01
3440	-1	182	f	533	2024-02-27 18:16:39.024638+01
3441	-1	182	f	502	2024-02-27 18:16:39.024649+01
3442	-1	182	f	543	2024-02-27 18:16:39.024658+01
3443	-1	182	f	514	2024-02-27 18:16:39.024672+01
3444	-1	182	f	516	2024-02-27 18:16:39.024681+01
3445	-1	182	f	512	2024-02-27 18:16:39.024689+01
3446	-1	182	f	548	2024-02-27 18:16:39.024698+01
3447	-1	182	f	531	2024-02-27 18:16:39.024717+01
3448	-1	182	f	549	2024-02-27 18:16:39.024734+01
3449	-1	182	f	508	2024-02-27 18:16:39.024743+01
3450	-1	182	f	511	2024-02-27 18:16:39.024751+01
3451	-1	182	f	546	2024-02-27 18:16:39.02476+01
3452	-1	182	f	522	2024-02-27 18:16:39.024772+01
3453	-1	182	f	515	2024-02-27 18:16:39.02478+01
3454	-1	182	f	538	2024-02-27 18:16:39.024788+01
3455	-1	182	f	506	2024-02-27 18:16:39.024797+01
3456	-1	183	f	546	2024-02-27 18:18:25.58922+01
3457	-1	183	f	537	2024-02-27 18:18:25.614687+01
3458	-1	183	f	526	2024-02-27 18:18:25.614992+01
3459	-1	183	f	550	2024-02-27 18:18:25.615003+01
3460	-1	183	f	549	2024-02-27 18:18:25.615034+01
3461	-1	183	f	529	2024-02-27 18:18:25.615054+01
3462	-1	183	f	525	2024-02-27 18:18:25.615064+01
3463	-1	183	f	513	2024-02-27 18:18:25.615075+01
3464	-1	183	f	523	2024-02-27 18:18:25.615085+01
3465	-1	183	f	502	2024-02-27 18:18:25.615095+01
3466	-1	183	f	530	2024-02-27 18:18:25.615132+01
3467	-1	183	f	508	2024-02-27 18:18:25.615143+01
3468	-1	183	f	509	2024-02-27 18:18:25.615151+01
3469	-1	183	f	533	2024-02-27 18:18:25.615159+01
3470	-1	183	f	501	2024-02-27 18:18:25.61517+01
3471	-1	183	f	505	2024-02-27 18:18:25.61518+01
3472	-1	183	f	544	2024-02-27 18:18:25.615189+01
3473	-1	183	f	542	2024-02-27 18:18:25.615201+01
3474	-1	183	f	531	2024-02-27 18:18:25.615213+01
3475	-1	183	f	538	2024-02-27 18:18:25.61523+01
3476	-1	183	f	512	2024-02-27 18:18:25.615239+01
3477	-1	183	f	547	2024-02-27 18:18:25.615739+01
3478	-1	183	f	532	2024-02-27 18:18:25.61575+01
3479	-1	183	f	515	2024-02-27 18:18:25.615767+01
3480	-1	183	f	541	2024-02-27 18:18:25.615776+01
3481	-1	183	f	535	2024-02-27 18:18:25.61579+01
3482	-1	183	f	527	2024-02-27 18:18:25.615804+01
3483	-1	183	f	516	2024-02-27 18:18:25.615902+01
3484	-1	183	f	548	2024-02-27 18:18:25.615913+01
3485	-1	183	f	510	2024-02-27 18:18:25.615923+01
3486	-1	183	f	503	2024-02-27 18:18:25.615932+01
3487	-1	183	f	528	2024-02-27 18:18:25.615941+01
3488	-1	183	f	500	2024-02-27 18:18:25.615961+01
3489	-1	183	f	522	2024-02-27 18:18:25.61597+01
3490	-1	183	f	534	2024-02-27 18:18:25.615979+01
3491	-1	183	f	520	2024-02-27 18:18:25.615988+01
3492	-1	183	f	543	2024-02-27 18:18:25.615998+01
3493	-1	183	f	506	2024-02-27 18:18:25.616013+01
3494	-1	183	f	524	2024-02-27 18:18:25.616021+01
3495	-1	183	f	540	2024-02-27 18:18:25.616029+01
3496	-1	183	f	504	2024-02-27 18:18:25.616042+01
3497	-1	183	f	521	2024-02-27 18:18:25.61605+01
3498	-1	183	f	519	2024-02-27 18:18:25.616082+01
3499	-1	183	f	514	2024-02-27 18:18:25.616093+01
3500	-1	183	f	517	2024-02-27 18:18:25.616101+01
3501	-1	183	f	539	2024-02-27 18:18:25.616111+01
3502	-1	183	f	518	2024-02-27 18:18:25.616119+01
3503	-1	183	f	511	2024-02-27 18:18:25.616128+01
3504	-1	183	f	507	2024-02-27 18:18:25.616138+01
3505	-1	183	f	545	2024-02-27 18:18:25.616146+01
3506	-1	184	f	525	2024-02-27 18:18:56.467267+01
3507	-1	184	f	504	2024-02-27 18:18:56.4673+01
3508	-1	184	f	547	2024-02-27 18:18:56.467307+01
3509	-1	184	f	524	2024-02-27 18:18:56.467313+01
3510	-1	184	f	546	2024-02-27 18:18:56.467319+01
3511	-1	184	f	502	2024-02-27 18:18:56.467325+01
3512	-1	184	f	519	2024-02-27 18:18:56.467331+01
3513	-1	184	f	543	2024-02-27 18:18:56.467349+01
3514	-1	184	f	501	2024-02-27 18:18:56.467359+01
3515	-1	184	f	530	2024-02-27 18:18:56.467364+01
3516	-1	184	f	503	2024-02-27 18:18:56.467369+01
3517	-1	184	f	529	2024-02-27 18:18:56.467374+01
3518	-1	184	f	507	2024-02-27 18:18:56.46738+01
3519	-1	184	f	512	2024-02-27 18:18:56.467384+01
3520	-1	184	f	542	2024-02-27 18:18:56.46739+01
3521	-1	184	f	536	2024-02-27 18:18:56.467396+01
3522	-1	184	f	510	2024-02-27 18:18:56.467402+01
3523	-1	184	f	548	2024-02-27 18:18:56.467421+01
3524	-1	184	f	505	2024-02-27 18:18:56.467427+01
3525	-1	184	f	544	2024-02-27 18:18:56.467432+01
3526	-1	184	f	539	2024-02-27 18:18:56.467436+01
3527	-1	184	f	541	2024-02-27 18:18:56.467441+01
3528	-1	184	f	500	2024-02-27 18:18:56.467448+01
3529	-1	184	f	550	2024-02-27 18:18:56.467967+01
3530	-1	184	f	511	2024-02-27 18:18:56.467975+01
3531	-1	184	f	535	2024-02-27 18:18:56.46798+01
3532	-1	184	f	538	2024-02-27 18:18:56.467985+01
3533	-1	184	f	509	2024-02-27 18:18:56.468001+01
3534	-1	184	f	540	2024-02-27 18:18:56.468006+01
3535	-1	184	f	526	2024-02-27 18:18:56.468023+01
3536	-1	184	f	521	2024-02-27 18:18:56.468027+01
3537	-1	184	f	532	2024-02-27 18:18:56.468032+01
3538	-1	184	f	533	2024-02-27 18:18:56.46804+01
3539	-1	184	f	517	2024-02-27 18:18:56.468046+01
3540	-1	184	f	518	2024-02-27 18:18:56.468051+01
3541	-1	184	f	516	2024-02-27 18:18:56.468055+01
3542	-1	184	f	534	2024-02-27 18:18:56.468059+01
3543	-1	184	f	515	2024-02-27 18:18:56.468064+01
3544	-1	184	f	522	2024-02-27 18:18:56.468073+01
3545	-1	184	f	528	2024-02-27 18:18:56.468077+01
3546	-1	184	f	513	2024-02-27 18:18:56.468082+01
3547	-1	184	f	523	2024-02-27 18:18:56.468086+01
3548	-1	184	f	531	2024-02-27 18:18:56.46809+01
3549	-1	184	f	549	2024-02-27 18:18:56.468099+01
3550	-1	184	f	506	2024-02-27 18:18:56.468104+01
3551	-1	184	f	527	2024-02-27 18:18:56.468107+01
3552	-1	184	f	520	2024-02-27 18:18:56.468112+01
3553	-1	184	f	508	2024-02-27 18:18:56.468117+01
3554	-1	184	f	514	2024-02-27 18:18:56.46812+01
3555	-1	184	f	545	2024-02-27 18:18:56.46813+01
3556	-1	185	f	501	2024-02-27 18:20:20.28711+01
3557	-1	185	f	503	2024-02-27 18:20:20.287165+01
3558	-1	185	f	502	2024-02-27 18:20:20.287173+01
3559	-1	185	f	527	2024-02-27 18:20:20.28718+01
3560	-1	185	f	512	2024-02-27 18:20:20.287188+01
3561	-1	185	f	510	2024-02-27 18:20:20.287196+01
3562	-1	185	f	500	2024-02-27 18:20:20.287215+01
3563	-1	185	f	522	2024-02-27 18:20:20.287222+01
3564	-1	185	f	538	2024-02-27 18:20:20.287229+01
3565	-1	185	f	504	2024-02-27 18:20:20.287235+01
3566	-1	185	f	535	2024-02-27 18:20:20.287243+01
3567	-1	185	f	543	2024-02-27 18:20:20.28725+01
3568	-1	185	f	518	2024-02-27 18:20:20.287263+01
3569	-1	185	f	531	2024-02-27 18:20:20.287271+01
3570	-1	185	f	536	2024-02-27 18:20:20.287284+01
3571	-1	185	f	513	2024-02-27 18:20:20.287321+01
3572	-1	185	f	532	2024-02-27 18:20:20.287328+01
3573	-1	185	f	529	2024-02-27 18:20:20.28734+01
3574	-1	185	f	525	2024-02-27 18:20:20.287346+01
3575	-1	185	f	545	2024-02-27 18:20:20.287354+01
3576	-1	185	f	511	2024-02-27 18:20:20.287362+01
3577	-1	185	f	548	2024-02-27 18:20:20.287369+01
3578	-1	185	f	515	2024-02-27 18:20:20.287376+01
3579	-1	185	f	549	2024-02-27 18:20:20.287937+01
3580	-1	185	f	530	2024-02-27 18:20:20.287948+01
3581	-1	185	f	544	2024-02-27 18:20:20.287955+01
3582	-1	185	f	508	2024-02-27 18:20:20.287978+01
3583	-1	185	f	537	2024-02-27 18:20:20.287985+01
3584	-1	185	f	550	2024-02-27 18:20:20.288055+01
3585	-1	185	f	507	2024-02-27 18:20:20.288065+01
3586	-1	185	f	520	2024-02-27 18:20:20.288072+01
3587	-1	185	f	541	2024-02-27 18:20:20.28808+01
3588	-1	185	f	540	2024-02-27 18:20:20.288091+01
3589	-1	185	f	514	2024-02-27 18:20:20.2881+01
3590	-1	185	f	516	2024-02-27 18:20:20.288107+01
3591	-1	185	f	546	2024-02-27 18:20:20.288113+01
3592	-1	185	f	528	2024-02-27 18:20:20.28813+01
3593	-1	185	f	523	2024-02-27 18:20:20.288137+01
3594	-1	185	f	521	2024-02-27 18:20:20.288144+01
3595	-1	185	f	539	2024-02-27 18:20:20.288152+01
3596	-1	185	f	517	2024-02-27 18:20:20.288158+01
3597	-1	185	f	505	2024-02-27 18:20:20.288165+01
3598	-1	185	f	542	2024-02-27 18:20:20.288173+01
3599	-1	185	f	524	2024-02-27 18:20:20.288181+01
3600	-1	185	f	509	2024-02-27 18:20:20.288187+01
3601	-1	185	f	526	2024-02-27 18:20:20.288194+01
3602	-1	185	f	506	2024-02-27 18:20:20.288199+01
3603	-1	185	f	547	2024-02-27 18:20:20.288205+01
3604	-1	185	f	534	2024-02-27 18:20:20.288218+01
3605	-1	185	f	519	2024-02-27 18:20:20.288225+01
4556	-1	205	f	536	2024-02-27 19:45:13.680551+01
4557	-1	205	f	531	2024-02-27 19:45:13.680678+01
4558	-1	205	f	529	2024-02-27 19:45:13.680725+01
4559	-1	205	f	548	2024-02-27 19:45:13.680737+01
4560	-1	205	f	513	2024-02-27 19:45:13.680749+01
4561	-1	205	f	543	2024-02-27 19:45:13.68076+01
4562	-1	205	f	519	2024-02-27 19:45:13.681262+01
4563	-1	205	f	518	2024-02-27 19:45:13.681296+01
4564	-1	205	f	520	2024-02-27 19:45:13.681309+01
4565	-1	205	f	542	2024-02-27 19:45:13.681345+01
4566	-1	205	f	541	2024-02-27 19:45:13.681358+01
4567	-1	205	f	530	2024-02-27 19:45:13.681376+01
4568	-1	205	f	526	2024-02-27 19:45:13.681386+01
4569	-1	205	f	506	2024-02-27 19:45:13.681395+01
4570	-1	205	f	527	2024-02-27 19:45:13.681403+01
4571	-1	205	f	547	2024-02-27 19:45:13.681413+01
4572	-1	205	f	505	2024-02-27 19:45:13.681423+01
4573	-1	205	f	538	2024-02-27 19:45:13.681446+01
4574	-1	205	f	512	2024-02-27 19:45:13.681456+01
4575	-1	205	f	500	2024-02-27 19:45:13.681539+01
4576	-1	205	f	522	2024-02-27 19:45:13.681548+01
4577	-1	205	f	511	2024-02-27 19:45:13.681557+01
4578	-1	205	f	545	2024-02-27 19:45:13.681567+01
4579	-1	205	f	539	2024-02-27 19:45:13.681579+01
4580	-1	205	f	540	2024-02-27 19:45:13.681588+01
4581	-1	205	f	517	2024-02-27 19:45:13.681602+01
4582	-1	205	f	550	2024-02-27 19:45:13.681612+01
4583	-1	205	f	525	2024-02-27 19:45:13.681624+01
4584	-1	205	f	532	2024-02-27 19:45:13.681651+01
4585	-1	205	f	504	2024-02-27 19:45:13.681668+01
4586	-1	205	f	508	2024-02-27 19:45:13.681677+01
4587	-1	205	f	524	2024-02-27 19:45:13.681686+01
4588	-1	205	f	515	2024-02-27 19:45:13.681694+01
4589	-1	205	f	544	2024-02-27 19:45:13.681705+01
4590	-1	205	f	503	2024-02-27 19:45:13.681713+01
4591	-1	205	f	510	2024-02-27 19:45:13.681722+01
4592	-1	205	f	501	2024-02-27 19:45:13.681731+01
4593	-1	205	f	533	2024-02-27 19:45:13.681741+01
4594	-1	205	f	514	2024-02-27 19:45:13.681828+01
4595	-1	205	f	535	2024-02-27 19:45:13.681838+01
4596	-1	205	f	523	2024-02-27 19:45:13.681848+01
4597	-1	205	f	509	2024-02-27 19:45:13.681857+01
4598	-1	205	f	502	2024-02-27 19:45:13.681866+01
4599	-1	205	f	549	2024-02-27 19:45:13.681874+01
4600	-1	205	f	546	2024-02-27 19:45:13.681885+01
4601	-1	205	f	537	2024-02-27 19:45:13.681897+01
4602	-1	205	f	528	2024-02-27 19:45:13.681906+01
4603	-1	205	f	516	2024-02-27 19:45:13.681916+01
4604	-1	205	f	534	2024-02-27 19:45:13.681925+01
4605	-1	205	f	507	2024-02-27 19:45:13.681934+01
4706	-1	208	f	548	2024-02-27 19:48:18.46447+01
4707	-1	208	f	533	2024-02-27 19:48:18.464502+01
4708	-1	208	f	540	2024-02-27 19:48:18.464509+01
4709	-1	208	f	535	2024-02-27 19:48:18.464517+01
4710	-1	208	f	504	2024-02-27 19:48:18.464523+01
4711	-1	208	f	541	2024-02-27 19:48:18.464528+01
4712	-1	208	f	500	2024-02-27 19:48:18.464547+01
4713	-1	208	f	502	2024-02-27 19:48:18.464551+01
4714	-1	208	f	538	2024-02-27 19:48:18.464556+01
4715	-1	208	f	510	2024-02-27 19:48:18.46456+01
4716	-1	208	f	534	2024-02-27 19:48:18.464565+01
4717	-1	208	f	521	2024-02-27 19:48:18.46457+01
4718	-1	208	f	519	2024-02-27 19:48:18.464576+01
4719	-1	208	f	513	2024-02-27 19:48:18.464582+01
4720	-1	208	f	536	2024-02-27 19:48:18.464587+01
4721	-1	208	f	529	2024-02-27 19:48:18.464592+01
4722	-1	208	f	503	2024-02-27 19:48:18.464596+01
4723	-1	208	f	518	2024-02-27 19:48:18.464609+01
4724	-1	208	f	522	2024-02-27 19:48:18.464614+01
4725	-1	208	f	542	2024-02-27 19:48:18.464618+01
4726	-1	208	f	527	2024-02-27 19:48:18.464633+01
4727	-1	208	f	530	2024-02-27 19:48:18.464638+01
4728	-1	208	f	550	2024-02-27 19:48:18.464643+01
4729	-1	208	f	508	2024-02-27 19:48:18.464649+01
4730	-1	208	f	528	2024-02-27 19:48:18.464653+01
4731	-1	208	f	520	2024-02-27 19:48:18.464658+01
4732	-1	208	f	523	2024-02-27 19:48:18.464663+01
4733	-1	208	f	539	2024-02-27 19:48:18.464667+01
4734	-1	208	f	505	2024-02-27 19:48:18.464697+01
4735	-1	208	f	537	2024-02-27 19:48:18.464702+01
4736	-1	208	f	506	2024-02-27 19:48:18.464706+01
4737	-1	208	f	545	2024-02-27 19:48:18.46471+01
4738	-1	208	f	512	2024-02-27 19:48:18.464715+01
4739	-1	208	f	509	2024-02-27 19:48:18.46472+01
4740	-1	208	f	547	2024-02-27 19:48:18.464725+01
4741	-1	208	f	525	2024-02-27 19:48:18.464729+01
4742	-1	208	f	524	2024-02-27 19:48:18.464734+01
4743	-1	208	f	543	2024-02-27 19:48:18.464739+01
4744	-1	208	f	532	2024-02-27 19:48:18.464746+01
4745	-1	208	f	514	2024-02-27 19:48:18.464766+01
4746	-1	208	f	516	2024-02-27 19:48:18.464771+01
4747	-1	208	f	531	2024-02-27 19:48:18.464775+01
4748	-1	208	f	526	2024-02-27 19:48:18.464783+01
4749	-1	208	f	511	2024-02-27 19:48:18.464788+01
4750	-1	208	f	517	2024-02-27 19:48:18.464792+01
4751	-1	208	f	544	2024-02-27 19:48:18.464797+01
4752	-1	208	f	549	2024-02-27 19:48:18.464801+01
4753	-1	208	f	515	2024-02-27 19:48:18.464806+01
4754	-1	208	f	546	2024-02-27 19:48:18.46481+01
4755	-1	208	f	501	2024-02-27 19:48:18.464823+01
4794	-1	209	f	517	2024-02-27 19:51:43.802575+01
4795	-1	209	f	528	2024-02-27 19:51:43.80259+01
4796	-1	209	f	542	2024-02-27 19:51:43.802595+01
4797	-1	209	f	524	2024-02-27 19:51:43.802601+01
3606	-1	186	f	527	2024-02-27 18:20:56.039675+01
3607	-1	186	f	528	2024-02-27 18:20:56.039694+01
3608	-1	186	f	520	2024-02-27 18:20:56.039697+01
3609	-1	186	f	542	2024-02-27 18:20:56.039699+01
3610	-1	186	f	524	2024-02-27 18:20:56.039702+01
3611	-1	186	f	517	2024-02-27 18:20:56.039704+01
3612	-1	186	f	519	2024-02-27 18:20:56.039706+01
3613	-1	186	f	521	2024-02-27 18:20:56.039712+01
3614	-1	186	f	536	2024-02-27 18:20:56.039714+01
3615	-1	186	f	548	2024-02-27 18:20:56.039717+01
3616	-1	186	f	526	2024-02-27 18:20:56.03972+01
3617	-1	186	f	516	2024-02-27 18:20:56.039721+01
3618	-1	186	f	549	2024-02-27 18:20:56.039724+01
3619	-1	186	f	525	2024-02-27 18:20:56.039725+01
3620	-1	186	f	510	2024-02-27 18:20:56.039728+01
3621	-1	186	f	514	2024-02-27 18:20:56.039729+01
3622	-1	186	f	507	2024-02-27 18:20:56.039731+01
3623	-1	186	f	511	2024-02-27 18:20:56.039733+01
3624	-1	186	f	529	2024-02-27 18:20:56.039738+01
3625	-1	186	f	547	2024-02-27 18:20:56.03974+01
3626	-1	186	f	503	2024-02-27 18:20:56.039741+01
3627	-1	186	f	515	2024-02-27 18:20:56.039743+01
3628	-1	186	f	500	2024-02-27 18:20:56.039745+01
3629	-1	186	f	545	2024-02-27 18:20:56.039746+01
3630	-1	186	f	523	2024-02-27 18:20:56.039748+01
3631	-1	186	f	544	2024-02-27 18:20:56.03975+01
3632	-1	186	f	504	2024-02-27 18:20:56.039751+01
3633	-1	186	f	535	2024-02-27 18:20:56.039753+01
3634	-1	186	f	540	2024-02-27 18:20:56.039762+01
3635	-1	186	f	550	2024-02-27 18:20:56.039768+01
3636	-1	186	f	502	2024-02-27 18:20:56.03977+01
3637	-1	186	f	513	2024-02-27 18:20:56.039772+01
3638	-1	186	f	512	2024-02-27 18:20:56.039773+01
3639	-1	186	f	508	2024-02-27 18:20:56.039775+01
3640	-1	186	f	543	2024-02-27 18:20:56.039776+01
3641	-1	186	f	531	2024-02-27 18:20:56.03978+01
3642	-1	186	f	522	2024-02-27 18:20:56.039783+01
3643	-1	186	f	538	2024-02-27 18:20:56.039785+01
3644	-1	186	f	537	2024-02-27 18:20:56.039786+01
3645	-1	186	f	501	2024-02-27 18:20:56.039795+01
3646	-1	186	f	509	2024-02-27 18:20:56.039797+01
3647	-1	186	f	546	2024-02-27 18:20:56.039798+01
3648	-1	186	f	530	2024-02-27 18:20:56.039801+01
3649	-1	186	f	534	2024-02-27 18:20:56.039802+01
3650	-1	186	f	506	2024-02-27 18:20:56.039804+01
3651	-1	186	f	539	2024-02-27 18:20:56.039806+01
3652	-1	186	f	533	2024-02-27 18:20:56.039807+01
3653	-1	186	f	505	2024-02-27 18:20:56.039809+01
3654	-1	186	f	518	2024-02-27 18:20:56.039811+01
3655	-1	186	f	541	2024-02-27 18:20:56.039813+01
3656	-1	187	f	550	2024-02-27 18:26:26.437434+01
3657	-1	187	f	507	2024-02-27 18:26:26.437527+01
3658	-1	187	f	532	2024-02-27 18:26:26.437532+01
3659	-1	187	f	549	2024-02-27 18:26:26.437541+01
3660	-1	187	f	543	2024-02-27 18:26:26.437553+01
3661	-1	187	f	524	2024-02-27 18:26:26.43756+01
3662	-1	187	f	513	2024-02-27 18:26:26.437565+01
3663	-1	187	f	527	2024-02-27 18:26:26.43757+01
3664	-1	187	f	514	2024-02-27 18:26:26.437575+01
3665	-1	187	f	547	2024-02-27 18:26:26.43758+01
3666	-1	187	f	518	2024-02-27 18:26:26.437585+01
3667	-1	187	f	536	2024-02-27 18:26:26.437589+01
3668	-1	187	f	537	2024-02-27 18:26:26.437595+01
3669	-1	187	f	548	2024-02-27 18:26:26.437599+01
3670	-1	187	f	501	2024-02-27 18:26:26.437604+01
3671	-1	187	f	530	2024-02-27 18:26:26.437614+01
3672	-1	187	f	531	2024-02-27 18:26:26.437618+01
3673	-1	187	f	540	2024-02-27 18:26:26.437626+01
3674	-1	187	f	533	2024-02-27 18:26:26.437632+01
3675	-1	187	f	545	2024-02-27 18:26:26.437638+01
3676	-1	187	f	529	2024-02-27 18:26:26.437643+01
3677	-1	187	f	526	2024-02-27 18:26:26.437647+01
3678	-1	187	f	525	2024-02-27 18:26:26.437651+01
3679	-1	187	f	535	2024-02-27 18:26:26.437656+01
3680	-1	187	f	522	2024-02-27 18:26:26.43766+01
3681	-1	187	f	544	2024-02-27 18:26:26.43767+01
3682	-1	187	f	523	2024-02-27 18:26:26.437706+01
3683	-1	187	f	512	2024-02-27 18:26:26.437711+01
3684	-1	187	f	509	2024-02-27 18:26:26.437716+01
3685	-1	187	f	508	2024-02-27 18:26:26.43772+01
3686	-1	187	f	541	2024-02-27 18:26:26.437723+01
3687	-1	187	f	539	2024-02-27 18:26:26.437731+01
3688	-1	187	f	510	2024-02-27 18:26:26.437735+01
3689	-1	187	f	503	2024-02-27 18:26:26.437739+01
3690	-1	187	f	546	2024-02-27 18:26:26.437743+01
3691	-1	187	f	534	2024-02-27 18:26:26.437748+01
3692	-1	187	f	511	2024-02-27 18:26:26.437753+01
3693	-1	187	f	515	2024-02-27 18:26:26.437767+01
3694	-1	187	f	519	2024-02-27 18:26:26.437771+01
3695	-1	187	f	504	2024-02-27 18:26:26.437776+01
3696	-1	187	f	500	2024-02-27 18:26:26.43778+01
3697	-1	187	f	505	2024-02-27 18:26:26.437784+01
3698	-1	187	f	502	2024-02-27 18:26:26.43779+01
3699	-1	187	f	528	2024-02-27 18:26:26.437793+01
3700	-1	187	f	516	2024-02-27 18:26:26.437798+01
3701	-1	187	f	520	2024-02-27 18:26:26.437802+01
3702	-1	187	f	521	2024-02-27 18:26:26.437806+01
3703	-1	187	f	517	2024-02-27 18:26:26.437811+01
3704	-1	187	f	542	2024-02-27 18:26:26.437821+01
3705	-1	187	f	506	2024-02-27 18:26:26.437826+01
3706	-1	188	f	537	2024-02-27 18:27:07.960624+01
3707	-1	188	f	518	2024-02-27 18:27:07.960636+01
3708	-1	188	f	526	2024-02-27 18:27:07.960638+01
3709	-1	188	f	512	2024-02-27 18:27:07.960641+01
3710	-1	188	f	521	2024-02-27 18:27:07.960643+01
3711	-1	188	f	513	2024-02-27 18:27:07.960646+01
3712	-1	188	f	507	2024-02-27 18:27:07.960648+01
3713	-1	188	f	522	2024-02-27 18:27:07.96065+01
3714	-1	188	f	545	2024-02-27 18:27:07.960652+01
3715	-1	188	f	514	2024-02-27 18:27:07.960658+01
3716	-1	188	f	509	2024-02-27 18:27:07.96066+01
3717	-1	188	f	543	2024-02-27 18:27:07.960662+01
3718	-1	188	f	511	2024-02-27 18:27:07.960666+01
3719	-1	188	f	542	2024-02-27 18:27:07.960668+01
3720	-1	188	f	541	2024-02-27 18:27:07.96067+01
3721	-1	188	f	508	2024-02-27 18:27:07.960673+01
3722	-1	188	f	529	2024-02-27 18:27:07.960675+01
3723	-1	188	f	538	2024-02-27 18:27:07.960677+01
3724	-1	188	f	524	2024-02-27 18:27:07.960679+01
3725	-1	188	f	520	2024-02-27 18:27:07.960992+01
3726	-1	188	f	510	2024-02-27 18:27:07.961247+01
3727	-1	188	f	504	2024-02-27 18:27:07.96159+01
3728	-1	188	f	548	2024-02-27 18:27:07.961593+01
3729	-1	188	f	500	2024-02-27 18:27:07.961595+01
3730	-1	188	f	525	2024-02-27 18:27:07.961597+01
3731	-1	188	f	517	2024-02-27 18:27:07.987261+01
3732	-1	188	f	515	2024-02-27 18:27:07.987265+01
3733	-1	188	f	516	2024-02-27 18:27:07.987267+01
3734	-1	188	f	544	2024-02-27 18:27:07.987876+01
3735	-1	188	f	549	2024-02-27 18:27:07.987885+01
3736	-1	188	f	533	2024-02-27 18:27:07.987893+01
3737	-1	188	f	505	2024-02-27 18:27:07.987917+01
3738	-1	188	f	530	2024-02-27 18:27:07.987923+01
3739	-1	188	f	527	2024-02-27 18:27:07.987928+01
3740	-1	188	f	519	2024-02-27 18:27:07.987934+01
3741	-1	188	f	506	2024-02-27 18:27:07.98794+01
3742	-1	188	f	528	2024-02-27 18:27:07.987946+01
3743	-1	188	f	550	2024-02-27 18:27:07.987951+01
3744	-1	188	f	503	2024-02-27 18:27:07.987959+01
3745	-1	188	f	502	2024-02-27 18:27:07.987964+01
3746	-1	188	f	534	2024-02-27 18:27:07.987969+01
3747	-1	188	f	547	2024-02-27 18:27:07.987974+01
3748	-1	188	f	532	2024-02-27 18:27:07.987986+01
3749	-1	188	f	535	2024-02-27 18:27:07.987996+01
3750	-1	188	f	501	2024-02-27 18:27:07.988007+01
3751	-1	188	f	523	2024-02-27 18:27:07.988012+01
3752	-1	188	f	536	2024-02-27 18:27:07.9881+01
3753	-1	188	f	539	2024-02-27 18:27:07.988107+01
3754	-1	188	f	546	2024-02-27 18:27:07.988112+01
3755	-1	188	f	531	2024-02-27 18:27:07.988118+01
3756	-1	189	f	531	2024-02-27 18:29:02.620064+01
3757	-1	189	f	514	2024-02-27 18:29:02.620213+01
3758	-1	189	f	501	2024-02-27 18:29:02.620223+01
3759	-1	189	f	500	2024-02-27 18:29:02.620232+01
3760	-1	189	f	540	2024-02-27 18:29:02.620239+01
3761	-1	189	f	526	2024-02-27 18:29:02.620293+01
3762	-1	189	f	503	2024-02-27 18:29:02.6203+01
3763	-1	189	f	502	2024-02-27 18:29:02.620306+01
3764	-1	189	f	523	2024-02-27 18:29:02.620313+01
3765	-1	189	f	544	2024-02-27 18:29:02.620319+01
3766	-1	189	f	508	2024-02-27 18:29:02.620336+01
3767	-1	189	f	511	2024-02-27 18:29:02.620342+01
3768	-1	189	f	534	2024-02-27 18:29:02.620348+01
3769	-1	189	f	546	2024-02-27 18:29:02.620356+01
3770	-1	189	f	522	2024-02-27 18:29:02.620364+01
3771	-1	189	f	505	2024-02-27 18:29:02.620371+01
3772	-1	189	f	550	2024-02-27 18:29:02.620381+01
3773	-1	189	f	515	2024-02-27 18:29:02.620391+01
3774	-1	189	f	509	2024-02-27 18:29:02.620397+01
3775	-1	189	f	507	2024-02-27 18:29:02.620403+01
3776	-1	189	f	513	2024-02-27 18:29:02.620409+01
3777	-1	189	f	504	2024-02-27 18:29:02.620416+01
3778	-1	189	f	547	2024-02-27 18:29:02.620432+01
3779	-1	189	f	536	2024-02-27 18:29:02.620438+01
3780	-1	189	f	548	2024-02-27 18:29:02.620446+01
3781	-1	189	f	533	2024-02-27 18:29:02.620453+01
3782	-1	189	f	521	2024-02-27 18:29:02.620461+01
3783	-1	189	f	528	2024-02-27 18:29:02.62047+01
3784	-1	189	f	539	2024-02-27 18:29:02.620477+01
3785	-1	189	f	532	2024-02-27 18:29:02.620558+01
3786	-1	189	f	525	2024-02-27 18:29:02.620722+01
3787	-1	189	f	530	2024-02-27 18:29:02.620729+01
3788	-1	189	f	519	2024-02-27 18:29:02.620744+01
3789	-1	189	f	541	2024-02-27 18:29:02.62075+01
3790	-1	189	f	537	2024-02-27 18:29:02.620758+01
3791	-1	189	f	549	2024-02-27 18:29:02.620763+01
3792	-1	189	f	517	2024-02-27 18:29:02.620769+01
3793	-1	189	f	506	2024-02-27 18:29:02.620775+01
3794	-1	189	f	520	2024-02-27 18:29:02.62078+01
3795	-1	189	f	543	2024-02-27 18:29:02.620785+01
3796	-1	189	f	527	2024-02-27 18:29:02.620793+01
3797	-1	189	f	510	2024-02-27 18:29:02.620798+01
3798	-1	189	f	529	2024-02-27 18:29:02.62081+01
3799	-1	189	f	518	2024-02-27 18:29:02.620815+01
3800	-1	189	f	535	2024-02-27 18:29:02.62082+01
3801	-1	189	f	542	2024-02-27 18:29:02.620826+01
3802	-1	189	f	516	2024-02-27 18:29:02.620832+01
3803	-1	189	f	524	2024-02-27 18:29:02.620836+01
3804	-1	189	f	512	2024-02-27 18:29:02.620843+01
3805	-1	189	f	545	2024-02-27 18:29:02.620848+01
3806	-1	190	f	516	2024-02-27 18:31:43.157334+01
3807	-1	190	f	510	2024-02-27 18:31:43.157378+01
3808	-1	190	f	527	2024-02-27 18:31:43.157381+01
3809	-1	190	f	546	2024-02-27 18:31:43.157383+01
3810	-1	190	f	517	2024-02-27 18:31:43.157386+01
3811	-1	190	f	502	2024-02-27 18:31:43.157413+01
3812	-1	190	f	532	2024-02-27 18:31:43.157415+01
3813	-1	190	f	506	2024-02-27 18:31:43.157439+01
3814	-1	190	f	535	2024-02-27 18:31:43.157441+01
3815	-1	190	f	512	2024-02-27 18:31:43.157443+01
3816	-1	190	f	530	2024-02-27 18:31:43.157445+01
3817	-1	190	f	514	2024-02-27 18:31:43.157447+01
3818	-1	190	f	519	2024-02-27 18:31:43.157448+01
3819	-1	190	f	537	2024-02-27 18:31:43.157451+01
3820	-1	190	f	544	2024-02-27 18:31:43.157452+01
3821	-1	190	f	509	2024-02-27 18:31:43.157458+01
3822	-1	190	f	548	2024-02-27 18:31:43.15746+01
3823	-1	190	f	549	2024-02-27 18:31:43.157462+01
3824	-1	190	f	526	2024-02-27 18:31:43.157463+01
3825	-1	190	f	518	2024-02-27 18:31:43.157465+01
3826	-1	190	f	500	2024-02-27 18:31:43.157467+01
3827	-1	190	f	522	2024-02-27 18:31:43.157469+01
3828	-1	190	f	543	2024-02-27 18:31:43.157473+01
3829	-1	190	f	505	2024-02-27 18:31:43.157476+01
3830	-1	190	f	547	2024-02-27 18:31:43.157478+01
3831	-1	190	f	525	2024-02-27 18:31:43.157479+01
3832	-1	190	f	540	2024-02-27 18:31:43.157485+01
3833	-1	190	f	504	2024-02-27 18:31:43.157519+01
3834	-1	190	f	539	2024-02-27 18:31:43.157521+01
3835	-1	190	f	541	2024-02-27 18:31:43.157523+01
3836	-1	190	f	529	2024-02-27 18:31:43.157526+01
3837	-1	190	f	507	2024-02-27 18:31:43.157528+01
3838	-1	190	f	521	2024-02-27 18:31:43.15753+01
3839	-1	190	f	511	2024-02-27 18:31:43.157532+01
3840	-1	190	f	542	2024-02-27 18:31:43.157534+01
3841	-1	190	f	533	2024-02-27 18:31:43.157537+01
3842	-1	190	f	531	2024-02-27 18:31:43.157541+01
3843	-1	190	f	501	2024-02-27 18:31:43.157545+01
3844	-1	190	f	520	2024-02-27 18:31:43.157547+01
3845	-1	190	f	503	2024-02-27 18:31:43.157549+01
3846	-1	190	f	550	2024-02-27 18:31:43.157551+01
3847	-1	190	f	538	2024-02-27 18:31:43.157553+01
3848	-1	190	f	528	2024-02-27 18:31:43.157555+01
3849	-1	190	f	508	2024-02-27 18:31:43.157557+01
3850	-1	190	f	523	2024-02-27 18:31:43.157558+01
3851	-1	190	f	515	2024-02-27 18:31:43.15756+01
3852	-1	190	f	534	2024-02-27 18:31:43.157562+01
3853	-1	190	f	545	2024-02-27 18:31:43.157584+01
3854	-1	190	f	524	2024-02-27 18:31:43.157586+01
3855	-1	190	f	536	2024-02-27 18:31:43.157588+01
3856	-1	191	f	539	2024-02-27 18:42:59.018814+01
3857	-1	191	f	525	2024-02-27 18:42:59.018851+01
3858	-1	191	f	529	2024-02-27 18:42:59.018855+01
3859	-1	191	f	515	2024-02-27 18:42:59.018857+01
3860	-1	191	f	505	2024-02-27 18:42:59.018859+01
3861	-1	191	f	514	2024-02-27 18:42:59.018861+01
3862	-1	191	f	547	2024-02-27 18:42:59.043861+01
3863	-1	191	f	548	2024-02-27 18:42:59.069142+01
3864	-1	191	f	528	2024-02-27 18:42:59.069146+01
3865	-1	191	f	536	2024-02-27 18:42:59.069149+01
3866	-1	191	f	545	2024-02-27 18:42:59.069151+01
3867	-1	191	f	519	2024-02-27 18:42:59.069154+01
3868	-1	191	f	527	2024-02-27 18:42:59.06916+01
3869	-1	191	f	520	2024-02-27 18:42:59.069162+01
3870	-1	191	f	537	2024-02-27 18:42:59.069164+01
3871	-1	191	f	516	2024-02-27 18:42:59.069166+01
3872	-1	191	f	502	2024-02-27 18:42:59.069168+01
3873	-1	191	f	518	2024-02-27 18:42:59.092328+01
3874	-1	191	f	503	2024-02-27 18:42:59.092334+01
3875	-1	191	f	541	2024-02-27 18:42:59.092413+01
3876	-1	191	f	506	2024-02-27 18:42:59.092612+01
3877	-1	191	f	524	2024-02-27 18:42:59.117652+01
3878	-1	191	f	508	2024-02-27 18:42:59.117659+01
3879	-1	191	f	521	2024-02-27 18:42:59.11766+01
3880	-1	191	f	531	2024-02-27 18:42:59.117663+01
3881	-1	191	f	544	2024-02-27 18:42:59.117669+01
3882	-1	191	f	532	2024-02-27 18:42:59.117671+01
3883	-1	191	f	534	2024-02-27 18:42:59.146824+01
3884	-1	191	f	500	2024-02-27 18:42:59.146841+01
3885	-1	191	f	546	2024-02-27 18:42:59.146847+01
3886	-1	191	f	550	2024-02-27 18:42:59.146855+01
3887	-1	191	f	535	2024-02-27 18:42:59.146889+01
3888	-1	191	f	542	2024-02-27 18:42:59.146902+01
3889	-1	191	f	510	2024-02-27 18:42:59.146913+01
3890	-1	191	f	517	2024-02-27 18:42:59.146919+01
3891	-1	191	f	540	2024-02-27 18:42:59.146925+01
3892	-1	191	f	507	2024-02-27 18:42:59.146948+01
3893	-1	191	f	523	2024-02-27 18:42:59.146954+01
3894	-1	191	f	504	2024-02-27 18:42:59.146959+01
3895	-1	191	f	538	2024-02-27 18:42:59.146964+01
3896	-1	191	f	501	2024-02-27 18:42:59.14697+01
3897	-1	191	f	512	2024-02-27 18:42:59.146975+01
3898	-1	191	f	511	2024-02-27 18:42:59.146981+01
3899	-1	191	f	522	2024-02-27 18:42:59.146986+01
3900	-1	191	f	549	2024-02-27 18:42:59.146991+01
3901	-1	191	f	533	2024-02-27 18:42:59.146997+01
3902	-1	191	f	513	2024-02-27 18:42:59.147003+01
3903	-1	191	f	509	2024-02-27 18:42:59.147234+01
3904	-1	191	f	543	2024-02-27 18:42:59.147359+01
3905	-1	191	f	526	2024-02-27 18:42:59.147368+01
3906	-1	192	f	506	2024-02-27 18:51:16.13827+01
3907	-1	192	f	512	2024-02-27 18:51:16.167137+01
3908	-1	192	f	513	2024-02-27 18:51:16.167149+01
3909	-1	192	f	542	2024-02-27 18:51:16.167152+01
3910	-1	192	f	541	2024-02-27 18:51:16.167158+01
3911	-1	192	f	529	2024-02-27 18:51:16.167162+01
3912	-1	192	f	503	2024-02-27 18:51:16.167165+01
3913	-1	192	f	540	2024-02-27 18:51:16.167166+01
3914	-1	192	f	526	2024-02-27 18:51:16.167169+01
3915	-1	192	f	537	2024-02-27 18:51:16.167176+01
3916	-1	192	f	536	2024-02-27 18:51:16.167178+01
3917	-1	192	f	530	2024-02-27 18:51:16.16718+01
3918	-1	192	f	521	2024-02-27 18:51:16.167182+01
3919	-1	192	f	511	2024-02-27 18:51:16.167185+01
3920	-1	192	f	525	2024-02-27 18:51:16.167186+01
3921	-1	192	f	549	2024-02-27 18:51:16.167189+01
3922	-1	192	f	514	2024-02-27 18:51:16.167191+01
3923	-1	192	f	543	2024-02-27 18:51:16.167193+01
3924	-1	192	f	539	2024-02-27 18:51:16.167196+01
3925	-1	192	f	504	2024-02-27 18:51:16.167198+01
3926	-1	192	f	544	2024-02-27 18:51:16.16728+01
3927	-1	192	f	535	2024-02-27 18:51:16.167281+01
3928	-1	192	f	501	2024-02-27 18:51:16.167284+01
3929	-1	192	f	502	2024-02-27 18:51:16.167286+01
3930	-1	192	f	500	2024-02-27 18:51:16.167287+01
3931	-1	192	f	510	2024-02-27 18:51:16.167289+01
3932	-1	192	f	518	2024-02-27 18:51:16.167291+01
3933	-1	192	f	520	2024-02-27 18:51:16.167293+01
3934	-1	192	f	523	2024-02-27 18:51:16.167295+01
3935	-1	192	f	519	2024-02-27 18:51:16.167297+01
3936	-1	192	f	509	2024-02-27 18:51:16.167299+01
3937	-1	192	f	524	2024-02-27 18:51:16.167311+01
3938	-1	192	f	532	2024-02-27 18:51:16.167313+01
3939	-1	192	f	538	2024-02-27 18:51:16.167317+01
3940	-1	192	f	522	2024-02-27 18:51:16.167318+01
3941	-1	192	f	534	2024-02-27 18:51:16.16732+01
3942	-1	192	f	528	2024-02-27 18:51:16.167322+01
3943	-1	192	f	517	2024-02-27 18:51:16.167324+01
3944	-1	192	f	533	2024-02-27 18:51:16.167338+01
3945	-1	192	f	531	2024-02-27 18:51:16.16734+01
3946	-1	192	f	545	2024-02-27 18:51:16.167348+01
3947	-1	192	f	527	2024-02-27 18:51:16.16735+01
3948	-1	192	f	505	2024-02-27 18:51:16.167352+01
3949	-1	192	f	507	2024-02-27 18:51:16.167353+01
3950	-1	192	f	550	2024-02-27 18:51:16.167355+01
3951	-1	192	f	547	2024-02-27 18:51:16.167357+01
3952	-1	192	f	548	2024-02-27 18:51:16.167359+01
3953	-1	192	f	516	2024-02-27 18:51:16.167361+01
3954	-1	192	f	508	2024-02-27 18:51:16.167363+01
3955	-1	192	f	515	2024-02-27 18:51:16.167364+01
3956	-1	193	f	524	2024-02-27 18:52:44.918697+01
3957	-1	193	f	540	2024-02-27 18:52:44.918838+01
3958	-1	193	f	533	2024-02-27 18:52:44.918876+01
3959	-1	193	f	550	2024-02-27 18:52:44.918889+01
3960	-1	193	f	535	2024-02-27 18:52:44.918903+01
3961	-1	193	f	526	2024-02-27 18:52:44.918913+01
3962	-1	193	f	504	2024-02-27 18:52:44.918923+01
3963	-1	193	f	520	2024-02-27 18:52:44.918935+01
3964	-1	193	f	534	2024-02-27 18:52:44.918946+01
3965	-1	193	f	516	2024-02-27 18:52:44.918957+01
3966	-1	193	f	549	2024-02-27 18:52:44.918967+01
3967	-1	193	f	505	2024-02-27 18:52:44.918977+01
3968	-1	193	f	543	2024-02-27 18:52:44.918997+01
3969	-1	193	f	500	2024-02-27 18:52:44.919012+01
3970	-1	193	f	514	2024-02-27 18:52:44.919021+01
3971	-1	193	f	536	2024-02-27 18:52:44.91903+01
3972	-1	193	f	511	2024-02-27 18:52:44.919042+01
3973	-1	193	f	527	2024-02-27 18:52:44.919053+01
3974	-1	193	f	542	2024-02-27 18:52:44.919063+01
3975	-1	193	f	507	2024-02-27 18:52:44.919137+01
3976	-1	193	f	506	2024-02-27 18:52:44.919147+01
3977	-1	193	f	545	2024-02-27 18:52:44.919156+01
3978	-1	193	f	529	2024-02-27 18:52:44.919166+01
3979	-1	193	f	503	2024-02-27 18:52:44.919187+01
3980	-1	193	f	522	2024-02-27 18:52:44.919196+01
3981	-1	193	f	525	2024-02-27 18:52:44.919205+01
3982	-1	193	f	538	2024-02-27 18:52:44.919217+01
3983	-1	193	f	508	2024-02-27 18:52:44.919226+01
3984	-1	193	f	547	2024-02-27 18:52:44.919235+01
3985	-1	193	f	518	2024-02-27 18:52:44.919245+01
3986	-1	193	f	519	2024-02-27 18:52:44.919278+01
3987	-1	193	f	537	2024-02-27 18:52:44.91929+01
3988	-1	193	f	512	2024-02-27 18:52:44.919298+01
3989	-1	193	f	521	2024-02-27 18:52:44.919308+01
3990	-1	193	f	523	2024-02-27 18:52:44.91933+01
3991	-1	193	f	539	2024-02-27 18:52:44.919339+01
3992	-1	193	f	509	2024-02-27 18:52:44.919348+01
3993	-1	193	f	515	2024-02-27 18:52:44.919357+01
3994	-1	193	f	501	2024-02-27 18:52:44.919366+01
3995	-1	193	f	548	2024-02-27 18:52:44.919398+01
3996	-1	193	f	546	2024-02-27 18:52:44.919412+01
3997	-1	193	f	502	2024-02-27 18:52:44.919424+01
3998	-1	193	f	544	2024-02-27 18:52:44.919433+01
3999	-1	193	f	532	2024-02-27 18:52:44.919441+01
4000	-1	193	f	517	2024-02-27 18:52:44.919458+01
4001	-1	193	f	513	2024-02-27 18:52:44.919499+01
4002	-1	193	f	531	2024-02-27 18:52:44.919509+01
4003	-1	193	f	541	2024-02-27 18:52:44.919526+01
4004	-1	193	f	528	2024-02-27 18:52:44.919539+01
4005	-1	193	f	530	2024-02-27 18:52:44.91955+01
4006	-1	194	f	503	2024-02-27 18:53:45.843464+01
4007	-1	194	f	542	2024-02-27 18:53:45.843541+01
4008	-1	194	f	502	2024-02-27 18:53:45.843553+01
4009	-1	194	f	546	2024-02-27 18:53:45.84356+01
4010	-1	194	f	536	2024-02-27 18:53:45.843569+01
4011	-1	194	f	501	2024-02-27 18:53:45.843589+01
4012	-1	194	f	512	2024-02-27 18:53:45.843597+01
4013	-1	194	f	537	2024-02-27 18:53:45.843604+01
4014	-1	194	f	515	2024-02-27 18:53:45.843611+01
4015	-1	194	f	518	2024-02-27 18:53:45.843618+01
4016	-1	194	f	526	2024-02-27 18:53:45.843625+01
4017	-1	194	f	538	2024-02-27 18:53:45.843633+01
4018	-1	194	f	525	2024-02-27 18:53:45.84364+01
4019	-1	194	f	532	2024-02-27 18:53:45.843649+01
4020	-1	194	f	508	2024-02-27 18:53:45.843721+01
4021	-1	194	f	534	2024-02-27 18:53:45.843735+01
4022	-1	194	f	514	2024-02-27 18:53:45.843745+01
4023	-1	194	f	513	2024-02-27 18:53:45.843752+01
4024	-1	194	f	524	2024-02-27 18:53:45.84376+01
4025	-1	194	f	519	2024-02-27 18:53:45.843766+01
4026	-1	194	f	549	2024-02-27 18:53:45.843784+01
4027	-1	194	f	511	2024-02-27 18:53:45.843794+01
4028	-1	194	f	500	2024-02-27 18:53:45.843801+01
4029	-1	194	f	505	2024-02-27 18:53:45.843808+01
4030	-1	194	f	531	2024-02-27 18:53:45.843815+01
4031	-1	194	f	535	2024-02-27 18:53:45.845201+01
4032	-1	194	f	540	2024-02-27 18:53:45.845225+01
4033	-1	194	f	529	2024-02-27 18:53:45.845237+01
4034	-1	194	f	507	2024-02-27 18:53:45.845245+01
4035	-1	194	f	541	2024-02-27 18:53:45.845251+01
4036	-1	194	f	545	2024-02-27 18:53:45.845268+01
4037	-1	194	f	516	2024-02-27 18:53:45.845277+01
4038	-1	194	f	528	2024-02-27 18:53:45.845284+01
4039	-1	194	f	533	2024-02-27 18:53:45.845292+01
4040	-1	194	f	544	2024-02-27 18:53:45.8453+01
4041	-1	194	f	547	2024-02-27 18:53:45.845306+01
4042	-1	194	f	548	2024-02-27 18:53:45.845313+01
4043	-1	194	f	523	2024-02-27 18:53:45.845331+01
4044	-1	194	f	550	2024-02-27 18:53:45.845337+01
4045	-1	194	f	527	2024-02-27 18:53:45.845366+01
4046	-1	194	f	522	2024-02-27 18:53:45.845374+01
4047	-1	194	f	517	2024-02-27 18:53:45.851134+01
4048	-1	194	f	520	2024-02-27 18:53:45.851153+01
4049	-1	194	f	509	2024-02-27 18:53:45.85116+01
4050	-1	194	f	504	2024-02-27 18:53:45.851167+01
4051	-1	194	f	506	2024-02-27 18:53:45.851172+01
4052	-1	194	f	539	2024-02-27 18:53:45.851177+01
4053	-1	194	f	530	2024-02-27 18:53:45.851183+01
4054	-1	194	f	543	2024-02-27 18:53:45.851207+01
4055	-1	194	f	521	2024-02-27 18:53:45.85122+01
4056	-1	195	f	511	2024-02-27 18:55:05.075214+01
4057	-1	195	f	540	2024-02-27 18:55:05.075265+01
4058	-1	195	f	528	2024-02-27 18:55:05.075279+01
4059	-1	195	f	531	2024-02-27 18:55:05.075287+01
4060	-1	195	f	500	2024-02-27 18:55:05.075301+01
4061	-1	195	f	538	2024-02-27 18:55:05.075309+01
4062	-1	195	f	537	2024-02-27 18:55:05.075316+01
4063	-1	195	f	545	2024-02-27 18:55:05.075323+01
4064	-1	195	f	546	2024-02-27 18:55:05.07533+01
4065	-1	195	f	547	2024-02-27 18:55:05.075339+01
4066	-1	195	f	516	2024-02-27 18:55:05.075353+01
4067	-1	195	f	550	2024-02-27 18:55:05.07536+01
4068	-1	195	f	523	2024-02-27 18:55:05.07537+01
4069	-1	195	f	544	2024-02-27 18:55:05.075375+01
4070	-1	195	f	533	2024-02-27 18:55:05.07538+01
4071	-1	195	f	526	2024-02-27 18:55:05.075385+01
4072	-1	195	f	534	2024-02-27 18:55:05.075391+01
4073	-1	195	f	539	2024-02-27 18:55:05.075397+01
4074	-1	195	f	517	2024-02-27 18:55:05.075402+01
4075	-1	195	f	506	2024-02-27 18:55:05.075415+01
4076	-1	195	f	515	2024-02-27 18:55:05.07542+01
4077	-1	195	f	529	2024-02-27 18:55:05.075424+01
4078	-1	195	f	502	2024-02-27 18:55:05.075437+01
4079	-1	195	f	501	2024-02-27 18:55:05.075442+01
4080	-1	195	f	505	2024-02-27 18:55:05.075448+01
4081	-1	195	f	525	2024-02-27 18:55:05.075453+01
4082	-1	195	f	507	2024-02-27 18:55:05.075459+01
4083	-1	195	f	524	2024-02-27 18:55:05.075464+01
4084	-1	195	f	535	2024-02-27 18:55:05.07547+01
4085	-1	195	f	514	2024-02-27 18:55:05.075475+01
4086	-1	195	f	512	2024-02-27 18:55:05.07548+01
4087	-1	195	f	532	2024-02-27 18:55:05.075485+01
4088	-1	195	f	548	2024-02-27 18:55:05.075495+01
4089	-1	195	f	519	2024-02-27 18:55:05.075507+01
4090	-1	195	f	513	2024-02-27 18:55:05.075514+01
4091	-1	195	f	541	2024-02-27 18:55:05.075519+01
4092	-1	195	f	521	2024-02-27 18:55:05.075527+01
4093	-1	195	f	527	2024-02-27 18:55:05.075533+01
4094	-1	195	f	510	2024-02-27 18:55:05.075546+01
4095	-1	195	f	503	2024-02-27 18:55:05.075552+01
4096	-1	195	f	504	2024-02-27 18:55:05.075557+01
4097	-1	195	f	520	2024-02-27 18:55:05.075562+01
4098	-1	195	f	522	2024-02-27 18:55:05.075568+01
4099	-1	195	f	543	2024-02-27 18:55:05.075573+01
4100	-1	195	f	509	2024-02-27 18:55:05.075593+01
4101	-1	195	f	536	2024-02-27 18:55:05.075598+01
4102	-1	195	f	530	2024-02-27 18:55:05.075604+01
4103	-1	195	f	518	2024-02-27 18:55:05.075609+01
4104	-1	195	f	549	2024-02-27 18:55:05.075614+01
4105	-1	195	f	542	2024-02-27 18:55:05.075621+01
4106	1	196	f	532	2024-02-27 19:02:38.54213+01
4107	-1	196	f	548	2024-02-27 19:02:38.542201+01
4108	-1	196	f	550	2024-02-27 19:02:38.542211+01
4109	-1	196	f	545	2024-02-27 19:02:38.542223+01
4110	-1	196	f	531	2024-02-27 19:02:38.542232+01
4111	-1	196	f	535	2024-02-27 19:02:38.542245+01
4112	-1	196	f	507	2024-02-27 19:02:38.542252+01
4113	-1	196	f	513	2024-02-27 19:02:38.542259+01
4114	-1	196	f	540	2024-02-27 19:02:38.542266+01
4115	-1	196	f	516	2024-02-27 19:02:38.54228+01
4116	-1	196	f	541	2024-02-27 19:02:38.542287+01
4117	-1	196	f	530	2024-02-27 19:02:38.542296+01
4118	-1	196	f	525	2024-02-27 19:02:38.542302+01
4119	-1	196	f	508	2024-02-27 19:02:38.54231+01
4120	-1	196	f	518	2024-02-27 19:02:38.542327+01
4121	-1	196	f	549	2024-02-27 19:02:38.542334+01
4122	-1	196	f	510	2024-02-27 19:02:38.542341+01
4123	-1	196	f	512	2024-02-27 19:02:38.542348+01
4124	-1	196	f	544	2024-02-27 19:02:38.542355+01
4125	-1	196	f	522	2024-02-27 19:02:38.542393+01
4126	-1	196	f	547	2024-02-27 19:02:38.5424+01
4127	-1	196	f	503	2024-02-27 19:02:38.542407+01
4128	-1	196	f	523	2024-02-27 19:02:38.542413+01
4129	-1	196	f	526	2024-02-27 19:02:38.542419+01
4130	-1	196	f	536	2024-02-27 19:02:38.542425+01
4131	-1	196	f	500	2024-02-27 19:02:38.542441+01
4132	-1	196	f	537	2024-02-27 19:02:38.542448+01
4133	-1	196	f	515	2024-02-27 19:02:38.542454+01
4134	-1	196	f	502	2024-02-27 19:02:38.54246+01
4135	-1	196	f	517	2024-02-27 19:02:38.542466+01
4136	-1	196	f	506	2024-02-27 19:02:38.542474+01
4137	-1	196	f	542	2024-02-27 19:02:38.54248+01
4138	-1	196	f	546	2024-02-27 19:02:38.542489+01
4139	-1	196	f	539	2024-02-27 19:02:38.542498+01
4140	-1	196	f	527	2024-02-27 19:02:38.542504+01
4141	-1	196	f	511	2024-02-27 19:02:38.542511+01
4142	-1	196	f	528	2024-02-27 19:02:38.542518+01
4143	-1	196	f	533	2024-02-27 19:02:38.542532+01
4144	-1	196	f	534	2024-02-27 19:02:38.542539+01
4145	-1	196	f	538	2024-02-27 19:02:38.542576+01
4146	-1	196	f	524	2024-02-27 19:02:38.542583+01
4147	-1	196	f	509	2024-02-27 19:02:38.54259+01
4148	-1	196	f	543	2024-02-27 19:02:38.542597+01
4149	-1	196	f	505	2024-02-27 19:02:38.542608+01
4150	-1	196	f	519	2024-02-27 19:02:38.542614+01
4151	-1	196	f	529	2024-02-27 19:02:38.542622+01
4152	-1	196	f	501	2024-02-27 19:02:38.542628+01
4153	-1	196	f	504	2024-02-27 19:02:38.542643+01
4154	-1	196	f	514	2024-02-27 19:02:38.54265+01
4155	-1	196	f	520	2024-02-27 19:02:38.542656+01
4156	-1	197	f	508	2024-02-27 19:04:40.01439+01
4157	-1	197	f	511	2024-02-27 19:04:40.014459+01
4158	-1	197	f	503	2024-02-27 19:04:40.014466+01
4159	-1	197	f	547	2024-02-27 19:04:40.014471+01
4160	-1	197	f	524	2024-02-27 19:04:40.014477+01
4161	-1	197	f	500	2024-02-27 19:04:40.014484+01
4162	-1	197	f	506	2024-02-27 19:04:40.014591+01
4163	-1	197	f	528	2024-02-27 19:04:40.0146+01
4164	-1	197	f	513	2024-02-27 19:04:40.014606+01
4165	-1	197	f	540	2024-02-27 19:04:40.014613+01
4166	-1	197	f	501	2024-02-27 19:04:40.014656+01
4167	-1	197	f	518	2024-02-27 19:04:40.014664+01
4168	-1	197	f	523	2024-02-27 19:04:40.014671+01
4169	-1	197	f	529	2024-02-27 19:04:40.014676+01
4170	-1	197	f	539	2024-02-27 19:04:40.014682+01
4171	-1	197	f	542	2024-02-27 19:04:40.014687+01
4172	-1	197	f	526	2024-02-27 19:04:40.014694+01
4173	-1	197	f	549	2024-02-27 19:04:40.014707+01
4174	-1	197	f	525	2024-02-27 19:04:40.014713+01
4175	-1	197	f	536	2024-02-27 19:04:40.01472+01
4176	-1	197	f	517	2024-02-27 19:04:40.014734+01
4177	-1	197	f	514	2024-02-27 19:04:40.01474+01
4178	-1	197	f	546	2024-02-27 19:04:40.014747+01
4179	-1	197	f	531	2024-02-27 19:04:40.014753+01
4180	-1	197	f	550	2024-02-27 19:04:40.014764+01
4181	-1	197	f	515	2024-02-27 19:04:40.014771+01
4182	-1	197	f	534	2024-02-27 19:04:40.014783+01
4183	-1	197	f	545	2024-02-27 19:04:40.01479+01
4184	-1	197	f	535	2024-02-27 19:04:40.014795+01
4185	-1	197	f	507	2024-02-27 19:04:40.014801+01
4186	-1	197	f	541	2024-02-27 19:04:40.014806+01
4187	-1	197	f	512	2024-02-27 19:04:40.014813+01
4188	-1	197	f	519	2024-02-27 19:04:40.01482+01
4189	-1	197	f	522	2024-02-27 19:04:40.014826+01
4190	-1	197	f	505	2024-02-27 19:04:40.014831+01
4191	-1	197	f	509	2024-02-27 19:04:40.014837+01
4192	-1	197	f	537	2024-02-27 19:04:40.014842+01
4193	-1	197	f	543	2024-02-27 19:04:40.014852+01
4194	-1	197	f	538	2024-02-27 19:04:40.01486+01
4195	-1	197	f	532	2024-02-27 19:04:40.014879+01
4196	-1	197	f	520	2024-02-27 19:04:40.014889+01
4197	-1	197	f	544	2024-02-27 19:04:40.014896+01
4198	-1	197	f	527	2024-02-27 19:04:40.014901+01
4199	-1	197	f	533	2024-02-27 19:04:40.014906+01
4200	-1	197	f	521	2024-02-27 19:04:40.014912+01
4201	-1	197	f	504	2024-02-27 19:04:40.014918+01
4202	-1	197	f	502	2024-02-27 19:04:40.014924+01
4203	-1	197	f	548	2024-02-27 19:04:40.014936+01
4204	-1	197	f	530	2024-02-27 19:04:40.014941+01
4205	-1	197	f	510	2024-02-27 19:04:40.014946+01
4206	-1	198	f	513	2024-02-27 19:37:33.668434+01
4207	-1	198	f	507	2024-02-27 19:37:33.668676+01
4208	-1	198	f	514	2024-02-27 19:37:33.668837+01
4209	-1	198	f	550	2024-02-27 19:37:33.668846+01
4210	-1	198	f	535	2024-02-27 19:37:33.669005+01
4211	-1	198	f	546	2024-02-27 19:37:33.669598+01
4212	-1	198	f	541	2024-02-27 19:37:33.669609+01
4213	-1	198	f	503	2024-02-27 19:37:33.669808+01
4214	-1	198	f	527	2024-02-27 19:37:33.669818+01
4215	-1	198	f	544	2024-02-27 19:37:33.669968+01
4216	-1	198	f	518	2024-02-27 19:37:33.669979+01
4217	-1	198	f	538	2024-02-27 19:37:33.67015+01
4218	-1	198	f	539	2024-02-27 19:37:33.670159+01
4219	-1	198	f	529	2024-02-27 19:37:33.670166+01
4220	-1	198	f	519	2024-02-27 19:37:33.670335+01
4221	-1	198	f	547	2024-02-27 19:37:33.670343+01
4222	-1	198	f	512	2024-02-27 19:37:33.670494+01
4223	-1	198	f	531	2024-02-27 19:37:33.670504+01
4224	-1	198	f	540	2024-02-27 19:37:33.670518+01
4225	-1	198	f	521	2024-02-27 19:37:33.670676+01
4226	-1	198	f	536	2024-02-27 19:37:33.670713+01
4227	-1	198	f	522	2024-02-27 19:37:33.670855+01
4228	-1	198	f	504	2024-02-27 19:37:33.670863+01
4229	-1	198	f	528	2024-02-27 19:37:33.671218+01
4230	-1	198	f	525	2024-02-27 19:37:33.671226+01
4231	-1	198	f	516	2024-02-27 19:37:33.671417+01
4232	-1	198	f	502	2024-02-27 19:37:33.671426+01
4233	-1	198	f	501	2024-02-27 19:37:33.672203+01
4234	-1	198	f	548	2024-02-27 19:37:33.672212+01
4235	-1	198	f	532	2024-02-27 19:37:33.67237+01
4236	-1	198	f	510	2024-02-27 19:37:33.676281+01
4237	-1	198	f	509	2024-02-27 19:37:33.676538+01
4238	-1	198	f	530	2024-02-27 19:37:33.676546+01
4239	-1	198	f	543	2024-02-27 19:37:33.676552+01
4240	-1	198	f	523	2024-02-27 19:37:33.676561+01
4241	-1	198	f	549	2024-02-27 19:37:33.676567+01
4242	-1	198	f	508	2024-02-27 19:37:33.676575+01
4243	-1	198	f	517	2024-02-27 19:37:33.67658+01
4244	-1	198	f	500	2024-02-27 19:37:33.6766+01
4245	-1	198	f	537	2024-02-27 19:37:33.676606+01
4246	-1	198	f	533	2024-02-27 19:37:33.676612+01
4247	-1	198	f	534	2024-02-27 19:37:33.676618+01
4248	-1	198	f	526	2024-02-27 19:37:33.676634+01
4249	-1	198	f	545	2024-02-27 19:37:33.676639+01
4250	-1	198	f	524	2024-02-27 19:37:33.676644+01
4251	-1	198	f	511	2024-02-27 19:37:33.676649+01
4252	-1	198	f	506	2024-02-27 19:37:33.676656+01
4253	-1	198	f	520	2024-02-27 19:37:33.67666+01
4254	-1	198	f	542	2024-02-27 19:37:33.676668+01
4255	-1	198	f	505	2024-02-27 19:37:33.676675+01
4256	-1	199	f	535	2024-02-27 19:38:57.152235+01
4257	-1	199	f	547	2024-02-27 19:38:57.152322+01
4258	-1	199	f	545	2024-02-27 19:38:57.152332+01
4259	-1	199	f	511	2024-02-27 19:38:57.152344+01
4260	-1	199	f	533	2024-02-27 19:38:57.152351+01
4261	-1	199	f	513	2024-02-27 19:38:57.15236+01
4262	-1	199	f	544	2024-02-27 19:38:57.152367+01
4263	-1	199	f	530	2024-02-27 19:38:57.152374+01
4264	-1	199	f	537	2024-02-27 19:38:57.15238+01
4265	-1	199	f	540	2024-02-27 19:38:57.152399+01
4266	-1	199	f	546	2024-02-27 19:38:57.152428+01
4267	-1	199	f	541	2024-02-27 19:38:57.152436+01
4268	-1	199	f	512	2024-02-27 19:38:57.152445+01
4269	-1	199	f	548	2024-02-27 19:38:57.152455+01
4270	-1	199	f	550	2024-02-27 19:38:57.152463+01
4271	-1	199	f	518	2024-02-27 19:38:57.152472+01
4272	-1	199	f	501	2024-02-27 19:38:57.152479+01
4273	-1	199	f	521	2024-02-27 19:38:57.152487+01
4274	-1	199	f	538	2024-02-27 19:38:57.152495+01
4275	-1	199	f	525	2024-02-27 19:38:57.153568+01
4276	-1	199	f	514	2024-02-27 19:38:57.153583+01
4277	-1	199	f	516	2024-02-27 19:38:57.153593+01
4278	-1	199	f	528	2024-02-27 19:38:57.153603+01
4279	-1	199	f	531	2024-02-27 19:38:57.153613+01
4280	-1	199	f	534	2024-02-27 19:38:57.153634+01
4281	-1	199	f	508	2024-02-27 19:38:57.153645+01
4282	-1	199	f	517	2024-02-27 19:38:57.153654+01
4283	-1	199	f	500	2024-02-27 19:38:57.153664+01
4284	-1	199	f	515	2024-02-27 19:38:57.153672+01
4285	-1	199	f	526	2024-02-27 19:38:57.153696+01
4286	-1	199	f	523	2024-02-27 19:38:57.153704+01
4287	-1	199	f	519	2024-02-27 19:38:57.153713+01
4288	-1	199	f	522	2024-02-27 19:38:57.153724+01
4289	-1	199	f	539	2024-02-27 19:38:57.153733+01
4290	-1	199	f	506	2024-02-27 19:38:57.153744+01
4291	-1	199	f	532	2024-02-27 19:38:57.153752+01
4292	-1	199	f	509	2024-02-27 19:38:57.153769+01
4293	-1	199	f	505	2024-02-27 19:38:57.153778+01
4294	-1	199	f	520	2024-02-27 19:38:57.153801+01
4295	-1	199	f	543	2024-02-27 19:38:57.153824+01
4296	-1	199	f	536	2024-02-27 19:38:57.153839+01
4297	-1	199	f	524	2024-02-27 19:38:57.153849+01
4298	-1	199	f	502	2024-02-27 19:38:57.153858+01
4299	-1	199	f	504	2024-02-27 19:38:57.153867+01
4300	-1	199	f	529	2024-02-27 19:38:57.153875+01
4301	-1	199	f	503	2024-02-27 19:38:57.153886+01
4302	-1	199	f	527	2024-02-27 19:38:57.153894+01
4303	-1	199	f	507	2024-02-27 19:38:57.153903+01
4304	-1	199	f	542	2024-02-27 19:38:57.153911+01
4305	-1	199	f	510	2024-02-27 19:38:57.153922+01
4356	-1	201	f	526	2024-02-27 19:41:07.528242+01
4357	-1	201	f	541	2024-02-27 19:41:07.52834+01
4358	-1	201	f	540	2024-02-27 19:41:07.528897+01
4359	-1	201	f	502	2024-02-27 19:41:07.528906+01
4360	-1	201	f	524	2024-02-27 19:41:07.528911+01
4361	-1	201	f	515	2024-02-27 19:41:07.528923+01
4362	-1	201	f	513	2024-02-27 19:41:07.528928+01
4363	-1	201	f	506	2024-02-27 19:41:07.528933+01
4364	-1	201	f	530	2024-02-27 19:41:07.528937+01
4365	-1	201	f	549	2024-02-27 19:41:07.528941+01
4366	-1	201	f	528	2024-02-27 19:41:07.528946+01
4367	-1	201	f	534	2024-02-27 19:41:07.528952+01
4368	-1	201	f	548	2024-02-27 19:41:07.528957+01
4369	-1	201	f	544	2024-02-27 19:41:07.529125+01
4370	-1	201	f	503	2024-02-27 19:41:07.529131+01
4371	-1	201	f	521	2024-02-27 19:41:07.529135+01
4372	-1	201	f	509	2024-02-27 19:41:07.529142+01
4373	-1	201	f	520	2024-02-27 19:41:07.529147+01
4374	-1	201	f	505	2024-02-27 19:41:07.529158+01
4375	-1	201	f	535	2024-02-27 19:41:07.529162+01
4376	-1	201	f	519	2024-02-27 19:41:07.529167+01
4377	-1	201	f	518	2024-02-27 19:41:07.529184+01
4378	-1	201	f	547	2024-02-27 19:41:07.529191+01
4379	-1	201	f	533	2024-02-27 19:41:07.529195+01
4380	-1	201	f	550	2024-02-27 19:41:07.5292+01
4381	-1	201	f	537	2024-02-27 19:41:07.529206+01
4382	-1	201	f	500	2024-02-27 19:41:07.529211+01
4383	-1	201	f	514	2024-02-27 19:41:07.529216+01
4384	-1	201	f	512	2024-02-27 19:41:07.529224+01
4385	-1	201	f	538	2024-02-27 19:41:07.529229+01
4386	-1	201	f	531	2024-02-27 19:41:07.529233+01
4387	-1	201	f	527	2024-02-27 19:41:07.529241+01
4388	-1	201	f	522	2024-02-27 19:41:07.529245+01
4389	-1	201	f	504	2024-02-27 19:41:07.52925+01
4390	-1	201	f	517	2024-02-27 19:41:07.529255+01
4391	-1	201	f	516	2024-02-27 19:41:07.530775+01
4392	-1	201	f	525	2024-02-27 19:41:07.530779+01
4393	-1	201	f	539	2024-02-27 19:41:07.530785+01
4394	-1	201	f	529	2024-02-27 19:41:07.530797+01
4395	-1	201	f	542	2024-02-27 19:41:07.530865+01
4396	-1	201	f	532	2024-02-27 19:41:07.530872+01
4397	-1	201	f	507	2024-02-27 19:41:07.530882+01
4398	-1	201	f	536	2024-02-27 19:41:07.530888+01
4399	-1	201	f	511	2024-02-27 19:41:07.530894+01
4400	-1	201	f	501	2024-02-27 19:41:07.530898+01
4401	-1	201	f	545	2024-02-27 19:41:07.530903+01
4402	-1	201	f	523	2024-02-27 19:41:07.530907+01
4403	-1	201	f	510	2024-02-27 19:41:07.530911+01
4404	-1	201	f	546	2024-02-27 19:41:07.53092+01
4405	-1	201	f	508	2024-02-27 19:41:07.530925+01
4406	-1	202	f	521	2024-02-27 19:42:07.692063+01
4407	-1	202	f	520	2024-02-27 19:42:07.692156+01
4408	-1	202	f	540	2024-02-27 19:42:07.692163+01
4409	-1	202	f	545	2024-02-27 19:42:07.692202+01
4410	-1	202	f	516	2024-02-27 19:42:07.692214+01
4411	-1	202	f	549	2024-02-27 19:42:07.692219+01
4412	-1	202	f	505	2024-02-27 19:42:07.692225+01
4413	-1	202	f	546	2024-02-27 19:42:07.69223+01
4414	-1	202	f	529	2024-02-27 19:42:07.692235+01
4415	-1	202	f	547	2024-02-27 19:42:07.692241+01
4416	-1	202	f	501	2024-02-27 19:42:07.692245+01
4417	-1	202	f	543	2024-02-27 19:42:07.69225+01
4418	-1	202	f	539	2024-02-27 19:42:07.692257+01
4419	-1	202	f	548	2024-02-27 19:42:07.692261+01
4420	-1	202	f	544	2024-02-27 19:42:07.692266+01
4421	-1	202	f	532	2024-02-27 19:42:07.692275+01
4422	-1	202	f	537	2024-02-27 19:42:07.692283+01
4423	-1	202	f	533	2024-02-27 19:42:07.692287+01
4424	-1	202	f	509	2024-02-27 19:42:07.692298+01
4425	-1	202	f	525	2024-02-27 19:42:07.692328+01
4426	-1	202	f	510	2024-02-27 19:42:07.692336+01
4427	-1	202	f	506	2024-02-27 19:42:07.692341+01
4428	-1	202	f	531	2024-02-27 19:42:07.692344+01
4429	-1	202	f	527	2024-02-27 19:42:07.692352+01
4430	-1	202	f	522	2024-02-27 19:42:07.692357+01
4431	-1	202	f	538	2024-02-27 19:42:07.692363+01
4432	-1	202	f	550	2024-02-27 19:42:07.692368+01
4433	-1	202	f	500	2024-02-27 19:42:07.692373+01
4434	-1	202	f	513	2024-02-27 19:42:07.692377+01
4435	-1	202	f	541	2024-02-27 19:42:07.692382+01
4436	-1	202	f	535	2024-02-27 19:42:07.692391+01
4437	-1	202	f	511	2024-02-27 19:42:07.692396+01
4438	-1	202	f	508	2024-02-27 19:42:07.692401+01
4439	-1	202	f	534	2024-02-27 19:42:07.692405+01
4440	-1	202	f	536	2024-02-27 19:42:07.692409+01
4441	-1	202	f	542	2024-02-27 19:42:07.692414+01
4442	-1	202	f	523	2024-02-27 19:42:07.69242+01
4443	-1	202	f	507	2024-02-27 19:42:07.692436+01
4444	-1	202	f	518	2024-02-27 19:42:07.692441+01
4445	-1	202	f	530	2024-02-27 19:42:07.692446+01
4446	-1	202	f	502	2024-02-27 19:42:07.69245+01
4447	-1	202	f	515	2024-02-27 19:42:07.692459+01
4448	-1	202	f	528	2024-02-27 19:42:07.692463+01
4449	-1	202	f	526	2024-02-27 19:42:07.692467+01
4450	-1	202	f	503	2024-02-27 19:42:07.692471+01
4451	-1	202	f	512	2024-02-27 19:42:07.692475+01
4452	-1	202	f	519	2024-02-27 19:42:07.692479+01
4453	-1	202	f	514	2024-02-27 19:42:07.692485+01
4454	-1	202	f	504	2024-02-27 19:42:07.692489+01
4455	-1	202	f	517	2024-02-27 19:42:07.692493+01
4606	-1	206	f	536	2024-02-27 19:46:00.174342+01
4607	-1	206	f	531	2024-02-27 19:46:00.174354+01
4608	-1	206	f	529	2024-02-27 19:46:00.17436+01
4609	-1	206	f	548	2024-02-27 19:46:00.174362+01
4610	-1	206	f	513	2024-02-27 19:46:00.174365+01
4611	-1	206	f	543	2024-02-27 19:46:00.174367+01
4612	-1	206	f	519	2024-02-27 19:46:00.17437+01
4613	-1	206	f	518	2024-02-27 19:46:00.174373+01
4614	-1	206	f	520	2024-02-27 19:46:00.174375+01
4615	-1	206	f	542	2024-02-27 19:46:00.174385+01
4616	-1	206	f	541	2024-02-27 19:46:00.174388+01
4617	-1	206	f	530	2024-02-27 19:46:00.174391+01
4618	-1	206	f	526	2024-02-27 19:46:00.174393+01
4619	-1	206	f	506	2024-02-27 19:46:00.174394+01
4620	-1	206	f	527	2024-02-27 19:46:00.174396+01
4621	-1	206	f	547	2024-02-27 19:46:00.174398+01
4306	-1	200	f	550	2024-02-27 19:39:26.247083+01
4307	-1	200	f	518	2024-02-27 19:39:26.247116+01
4308	-1	200	f	502	2024-02-27 19:39:26.247129+01
4309	-1	200	f	549	2024-02-27 19:39:26.247137+01
4310	-1	200	f	546	2024-02-27 19:39:26.247146+01
4311	-1	200	f	540	2024-02-27 19:39:26.247155+01
4312	-1	200	f	515	2024-02-27 19:39:26.247165+01
4313	-1	200	f	545	2024-02-27 19:39:26.247171+01
4314	-1	200	f	516	2024-02-27 19:39:26.247179+01
4315	-1	200	f	537	2024-02-27 19:39:26.247186+01
4316	-1	200	f	505	2024-02-27 19:39:26.247193+01
4317	-1	200	f	520	2024-02-27 19:39:26.2472+01
4318	-1	200	f	547	2024-02-27 19:39:26.24723+01
4319	-1	200	f	535	2024-02-27 19:39:26.247237+01
4320	-1	200	f	514	2024-02-27 19:39:26.247244+01
4321	-1	200	f	501	2024-02-27 19:39:26.24725+01
4322	-1	200	f	541	2024-02-27 19:39:26.247258+01
4323	-1	200	f	523	2024-02-27 19:39:26.247267+01
4324	-1	200	f	513	2024-02-27 19:39:26.24728+01
4325	-1	200	f	511	2024-02-27 19:39:26.247287+01
4326	-1	200	f	503	2024-02-27 19:39:26.247302+01
4327	-1	200	f	530	2024-02-27 19:39:26.247308+01
4328	-1	200	f	519	2024-02-27 19:39:26.247314+01
4329	-1	200	f	509	2024-02-27 19:39:26.247324+01
4330	-1	200	f	506	2024-02-27 19:39:26.24733+01
4331	-1	200	f	529	2024-02-27 19:39:26.247336+01
4332	-1	200	f	531	2024-02-27 19:39:26.247343+01
4333	-1	200	f	510	2024-02-27 19:39:26.247355+01
4334	-1	200	f	525	2024-02-27 19:39:26.247362+01
4335	-1	200	f	500	2024-02-27 19:39:26.247376+01
4336	-1	200	f	539	2024-02-27 19:39:26.247382+01
4337	-1	200	f	522	2024-02-27 19:39:26.247389+01
4338	-1	200	f	532	2024-02-27 19:39:26.247395+01
4339	-1	200	f	543	2024-02-27 19:39:26.247407+01
4340	-1	200	f	533	2024-02-27 19:39:26.247418+01
4341	-1	200	f	507	2024-02-27 19:39:26.247426+01
4342	-1	200	f	512	2024-02-27 19:39:26.247432+01
4343	-1	200	f	536	2024-02-27 19:39:26.247439+01
4344	-1	200	f	534	2024-02-27 19:39:26.247453+01
4345	-1	200	f	504	2024-02-27 19:39:26.247467+01
4346	-1	200	f	538	2024-02-27 19:39:26.247475+01
4347	-1	200	f	517	2024-02-27 19:39:26.247481+01
4348	-1	200	f	544	2024-02-27 19:39:26.247489+01
4349	-1	200	f	527	2024-02-27 19:39:26.247495+01
4350	-1	200	f	528	2024-02-27 19:39:26.247502+01
4351	-1	200	f	521	2024-02-27 19:39:26.24751+01
4352	-1	200	f	508	2024-02-27 19:39:26.247518+01
4353	-1	200	f	524	2024-02-27 19:39:26.247524+01
4354	-1	200	f	542	2024-02-27 19:39:26.24753+01
4355	-1	200	f	548	2024-02-27 19:39:26.247538+01
4456	-1	203	f	521	2024-02-27 19:43:02.332019+01
4457	-1	203	f	520	2024-02-27 19:43:02.33206+01
4458	-1	203	f	540	2024-02-27 19:43:02.332063+01
4459	-1	203	f	545	2024-02-27 19:43:02.332096+01
4460	-1	203	f	516	2024-02-27 19:43:02.332102+01
4461	-1	203	f	549	2024-02-27 19:43:02.332104+01
4462	-1	203	f	505	2024-02-27 19:43:02.332106+01
4463	-1	203	f	546	2024-02-27 19:43:02.332108+01
4464	-1	203	f	529	2024-02-27 19:43:02.33211+01
4465	-1	203	f	547	2024-02-27 19:43:02.332112+01
4466	-1	203	f	501	2024-02-27 19:43:02.332114+01
4467	-1	203	f	543	2024-02-27 19:43:02.332116+01
4468	-1	203	f	539	2024-02-27 19:43:02.332119+01
4469	-1	203	f	548	2024-02-27 19:43:02.332121+01
4470	-1	203	f	544	2024-02-27 19:43:02.332122+01
4471	-1	203	f	532	2024-02-27 19:43:02.332127+01
4472	-1	203	f	537	2024-02-27 19:43:02.332131+01
4473	-1	203	f	533	2024-02-27 19:43:02.332133+01
4474	-1	203	f	509	2024-02-27 19:43:02.332138+01
4475	-1	203	f	525	2024-02-27 19:43:02.33214+01
4476	-1	203	f	510	2024-02-27 19:43:02.332142+01
4477	-1	203	f	506	2024-02-27 19:43:02.332144+01
4478	-1	203	f	531	2024-02-27 19:43:02.332145+01
4479	-1	203	f	527	2024-02-27 19:43:02.332148+01
4480	-1	203	f	522	2024-02-27 19:43:02.33215+01
4481	-1	203	f	538	2024-02-27 19:43:02.332155+01
4482	-1	203	f	550	2024-02-27 19:43:02.332156+01
4483	-1	203	f	500	2024-02-27 19:43:02.332159+01
4484	-1	203	f	513	2024-02-27 19:43:02.33216+01
4485	-1	203	f	541	2024-02-27 19:43:02.332162+01
4486	-1	203	f	535	2024-02-27 19:43:02.332165+01
4487	-1	203	f	511	2024-02-27 19:43:02.332167+01
4488	-1	203	f	508	2024-02-27 19:43:02.332168+01
4489	-1	203	f	534	2024-02-27 19:43:02.33217+01
4490	-1	203	f	536	2024-02-27 19:43:02.332172+01
4491	-1	203	f	542	2024-02-27 19:43:02.332174+01
4492	-1	203	f	523	2024-02-27 19:43:02.332179+01
4493	-1	203	f	507	2024-02-27 19:43:02.332189+01
4494	-1	203	f	518	2024-02-27 19:43:02.332191+01
4495	-1	203	f	530	2024-02-27 19:43:02.332193+01
4496	-1	203	f	502	2024-02-27 19:43:02.332195+01
4497	-1	203	f	515	2024-02-27 19:43:02.332197+01
4498	-1	203	f	528	2024-02-27 19:43:02.332198+01
4499	-1	203	f	526	2024-02-27 19:43:02.3322+01
4500	-1	203	f	503	2024-02-27 19:43:02.332202+01
4501	-1	203	f	512	2024-02-27 19:43:02.332203+01
4502	-1	203	f	519	2024-02-27 19:43:02.332205+01
4503	-1	203	f	514	2024-02-27 19:43:02.332211+01
4504	-1	203	f	504	2024-02-27 19:43:02.332212+01
4505	-1	203	f	517	2024-02-27 19:43:02.332214+01
4506	-1	204	f	533	2024-02-27 19:43:19.673076+01
4507	-1	204	f	513	2024-02-27 19:43:19.673109+01
4508	-1	204	f	529	2024-02-27 19:43:19.673116+01
4509	-1	204	f	505	2024-02-27 19:43:19.673122+01
4510	-1	204	f	509	2024-02-27 19:43:19.673128+01
4511	-1	204	f	502	2024-02-27 19:43:19.673134+01
4512	-1	204	f	512	2024-02-27 19:43:19.673139+01
4513	-1	204	f	537	2024-02-27 19:43:19.673144+01
4514	-1	204	f	510	2024-02-27 19:43:19.673171+01
4515	-1	204	f	545	2024-02-27 19:43:19.673177+01
4516	-1	204	f	535	2024-02-27 19:43:19.673183+01
4517	-1	204	f	500	2024-02-27 19:43:19.673189+01
4518	-1	204	f	547	2024-02-27 19:43:19.673194+01
4519	-1	204	f	516	2024-02-27 19:43:19.673199+01
4520	-1	204	f	507	2024-02-27 19:43:19.673205+01
4521	-1	204	f	539	2024-02-27 19:43:19.67321+01
4522	-1	204	f	546	2024-02-27 19:43:19.673216+01
4523	-1	204	f	514	2024-02-27 19:43:19.673223+01
4524	-1	204	f	503	2024-02-27 19:43:19.673228+01
4525	-1	204	f	523	2024-02-27 19:43:19.673233+01
4526	-1	204	f	530	2024-02-27 19:43:19.673247+01
4527	-1	204	f	501	2024-02-27 19:43:19.673258+01
4528	-1	204	f	534	2024-02-27 19:43:19.673265+01
4529	-1	204	f	520	2024-02-27 19:43:19.673271+01
4530	-1	204	f	532	2024-02-27 19:43:19.673277+01
4531	-1	204	f	521	2024-02-27 19:43:19.673289+01
4532	-1	204	f	522	2024-02-27 19:43:19.673296+01
4533	-1	204	f	504	2024-02-27 19:43:19.673301+01
4534	-1	204	f	531	2024-02-27 19:43:19.673306+01
4535	-1	204	f	536	2024-02-27 19:43:19.673322+01
4536	-1	204	f	550	2024-02-27 19:43:19.673328+01
4537	-1	204	f	540	2024-02-27 19:43:19.673335+01
4538	-1	204	f	538	2024-02-27 19:43:19.673342+01
4539	-1	204	f	518	2024-02-27 19:43:19.673348+01
4540	-1	204	f	511	2024-02-27 19:43:19.673353+01
4541	-1	204	f	524	2024-02-27 19:43:19.673358+01
4542	-1	204	f	549	2024-02-27 19:43:19.673363+01
4543	-1	204	f	528	2024-02-27 19:43:19.673369+01
4544	-1	204	f	542	2024-02-27 19:43:19.67338+01
4545	-1	204	f	525	2024-02-27 19:43:19.673393+01
4546	-1	204	f	517	2024-02-27 19:43:19.673399+01
4547	-1	204	f	541	2024-02-27 19:43:19.673405+01
4548	-1	204	f	527	2024-02-27 19:43:19.673412+01
4549	-1	204	f	548	2024-02-27 19:43:19.673418+01
4550	-1	204	f	506	2024-02-27 19:43:19.673424+01
4551	-1	204	f	526	2024-02-27 19:43:19.673428+01
4552	-1	204	f	519	2024-02-27 19:43:19.673433+01
4553	-1	204	f	544	2024-02-27 19:43:19.673439+01
4554	-1	204	f	508	2024-02-27 19:43:19.673444+01
4555	-1	204	f	543	2024-02-27 19:43:19.673455+01
4622	-1	206	f	505	2024-02-27 19:46:00.1744+01
4623	-1	206	f	538	2024-02-27 19:46:00.174402+01
4624	-1	206	f	512	2024-02-27 19:46:00.174404+01
4625	-1	206	f	500	2024-02-27 19:46:00.174413+01
4626	-1	206	f	522	2024-02-27 19:46:00.174419+01
4627	-1	206	f	511	2024-02-27 19:46:00.174421+01
4628	-1	206	f	545	2024-02-27 19:46:00.174423+01
4629	-1	206	f	539	2024-02-27 19:46:00.174425+01
4630	-1	206	f	540	2024-02-27 19:46:00.174427+01
4631	-1	206	f	517	2024-02-27 19:46:00.174429+01
4632	-1	206	f	550	2024-02-27 19:46:00.174432+01
4633	-1	206	f	525	2024-02-27 19:46:00.174434+01
4634	-1	206	f	532	2024-02-27 19:46:00.174436+01
4635	-1	206	f	504	2024-02-27 19:46:00.17444+01
4636	-1	206	f	508	2024-02-27 19:46:00.174444+01
4637	-1	206	f	524	2024-02-27 19:46:00.174446+01
4638	-1	206	f	515	2024-02-27 19:46:00.174448+01
4639	-1	206	f	544	2024-02-27 19:46:00.174449+01
4640	-1	206	f	503	2024-02-27 19:46:00.174451+01
4641	-1	206	f	510	2024-02-27 19:46:00.174453+01
4642	-1	206	f	501	2024-02-27 19:46:00.174455+01
4643	-1	206	f	533	2024-02-27 19:46:00.174457+01
4644	-1	206	f	514	2024-02-27 19:46:00.174464+01
4645	-1	206	f	535	2024-02-27 19:46:00.174466+01
4646	-1	206	f	523	2024-02-27 19:46:00.174468+01
4647	-1	206	f	509	2024-02-27 19:46:00.174474+01
4648	-1	206	f	502	2024-02-27 19:46:00.174476+01
4649	-1	206	f	549	2024-02-27 19:46:00.174477+01
4650	-1	206	f	546	2024-02-27 19:46:00.174479+01
4651	-1	206	f	537	2024-02-27 19:46:00.174482+01
4652	-1	206	f	528	2024-02-27 19:46:00.174484+01
4653	-1	206	f	516	2024-02-27 19:46:00.174486+01
4654	-1	206	f	534	2024-02-27 19:46:00.174488+01
4655	-1	206	f	507	2024-02-27 19:46:00.17449+01
4656	-1	207	f	533	2024-02-27 19:47:55.688532+01
4657	-1	207	f	518	2024-02-27 19:47:55.688578+01
4658	-1	207	f	522	2024-02-27 19:47:55.688587+01
4659	-1	207	f	500	2024-02-27 19:47:55.688589+01
4660	-1	207	f	528	2024-02-27 19:47:55.688591+01
4661	-1	207	f	539	2024-02-27 19:47:55.688593+01
4662	-1	207	f	516	2024-02-27 19:47:55.688604+01
4663	-1	207	f	503	2024-02-27 19:47:55.688606+01
4664	-1	207	f	524	2024-02-27 19:47:55.688608+01
4665	-1	207	f	501	2024-02-27 19:47:55.68861+01
4666	-1	207	f	510	2024-02-27 19:47:55.688612+01
4667	-1	207	f	548	2024-02-27 19:47:55.688614+01
4668	-1	207	f	509	2024-02-27 19:47:55.688617+01
4669	-1	207	f	504	2024-02-27 19:47:55.68862+01
4670	-1	207	f	513	2024-02-27 19:47:55.688621+01
4671	-1	207	f	538	2024-02-27 19:47:55.688623+01
4672	-1	207	f	545	2024-02-27 19:47:55.688625+01
4673	-1	207	f	534	2024-02-27 19:47:55.68863+01
4674	-1	207	f	544	2024-02-27 19:47:55.688632+01
4675	-1	207	f	540	2024-02-27 19:47:55.688633+01
4676	-1	207	f	530	2024-02-27 19:47:55.688639+01
4677	-1	207	f	519	2024-02-27 19:47:55.688645+01
4678	-1	207	f	521	2024-02-27 19:47:55.688648+01
4679	-1	207	f	527	2024-02-27 19:47:55.68865+01
4680	-1	207	f	505	2024-02-27 19:47:55.688652+01
4681	-1	207	f	547	2024-02-27 19:47:55.688654+01
4682	-1	207	f	512	2024-02-27 19:47:55.688656+01
4683	-1	207	f	525	2024-02-27 19:47:55.688657+01
4684	-1	207	f	546	2024-02-27 19:47:55.688663+01
4685	-1	207	f	543	2024-02-27 19:47:55.688665+01
4686	-1	207	f	514	2024-02-27 19:47:55.688668+01
4687	-1	207	f	517	2024-02-27 19:47:55.68867+01
4688	-1	207	f	532	2024-02-27 19:47:55.688672+01
4689	-1	207	f	531	2024-02-27 19:47:55.688676+01
4690	-1	207	f	542	2024-02-27 19:47:55.688679+01
4691	-1	207	f	541	2024-02-27 19:47:55.688684+01
4692	-1	207	f	535	2024-02-27 19:47:55.688687+01
4693	-1	207	f	520	2024-02-27 19:47:55.688692+01
4694	-1	207	f	526	2024-02-27 19:47:55.688695+01
4695	-1	207	f	550	2024-02-27 19:47:55.688697+01
4696	-1	207	f	536	2024-02-27 19:47:55.688699+01
4697	-1	207	f	511	2024-02-27 19:47:55.68882+01
4698	-1	207	f	515	2024-02-27 19:47:55.688826+01
4699	-1	207	f	523	2024-02-27 19:47:55.68883+01
4700	-1	207	f	506	2024-02-27 19:47:55.688835+01
4701	-1	207	f	507	2024-02-27 19:47:55.688839+01
4702	-1	207	f	508	2024-02-27 19:47:55.688843+01
4703	-1	207	f	529	2024-02-27 19:47:55.688925+01
4704	-1	207	f	537	2024-02-27 19:47:55.688928+01
4705	-1	207	f	502	2024-02-27 19:47:55.68893+01
4756	-1	209	f	501	2024-02-27 19:51:43.769292+01
4757	-1	209	f	515	2024-02-27 19:51:43.769393+01
4758	-1	209	f	534	2024-02-27 19:51:43.769398+01
4759	-1	209	f	502	2024-02-27 19:51:43.769404+01
4760	-1	209	f	544	2024-02-27 19:51:43.769409+01
4761	-1	209	f	532	2024-02-27 19:51:43.769413+01
4762	-1	209	f	512	2024-02-27 19:51:43.769463+01
4763	-1	209	f	507	2024-02-27 19:51:43.769468+01
4764	-1	209	f	523	2024-02-27 19:51:43.769472+01
4765	-1	209	f	538	2024-02-27 19:51:43.769477+01
4766	-1	209	f	511	2024-02-27 19:51:43.769482+01
4767	-1	209	f	500	2024-02-27 19:51:43.769487+01
4768	-1	209	f	533	2024-02-27 19:51:43.769492+01
4769	-1	209	f	549	2024-02-27 19:51:43.769497+01
4770	-1	209	f	510	2024-02-27 19:51:43.769502+01
4771	-1	209	f	504	2024-02-27 19:51:43.769506+01
4772	-1	209	f	519	2024-02-27 19:51:43.769518+01
4773	-1	209	f	521	2024-02-27 19:51:43.769524+01
4774	-1	209	f	525	2024-02-27 19:51:43.769529+01
4775	-1	209	f	539	2024-02-27 19:51:43.802397+01
4776	-1	209	f	506	2024-02-27 19:51:43.802429+01
4777	-1	209	f	516	2024-02-27 19:51:43.802442+01
4778	-1	209	f	548	2024-02-27 19:51:43.802447+01
4779	-1	209	f	550	2024-02-27 19:51:43.802454+01
4780	-1	209	f	540	2024-02-27 19:51:43.802473+01
4781	-1	209	f	530	2024-02-27 19:51:43.80248+01
4782	-1	209	f	531	2024-02-27 19:51:43.802496+01
4783	-1	209	f	503	2024-02-27 19:51:43.802505+01
4784	-1	209	f	514	2024-02-27 19:51:43.802509+01
4785	-1	209	f	509	2024-02-27 19:51:43.802514+01
4786	-1	209	f	535	2024-02-27 19:51:43.802518+01
4787	-1	209	f	537	2024-02-27 19:51:43.802523+01
4788	-1	209	f	541	2024-02-27 19:51:43.802528+01
4789	-1	209	f	518	2024-02-27 19:51:43.802535+01
4790	-1	209	f	547	2024-02-27 19:51:43.802539+01
4791	-1	209	f	520	2024-02-27 19:51:43.802544+01
4792	-1	209	f	505	2024-02-27 19:51:43.802549+01
4793	-1	209	f	527	2024-02-27 19:51:43.80257+01
4798	-1	209	f	513	2024-02-27 19:51:43.802607+01
4799	-1	209	f	522	2024-02-27 19:51:43.802611+01
4800	-1	209	f	543	2024-02-27 19:51:43.802616+01
4801	-1	209	f	508	2024-02-27 19:51:43.802623+01
4802	-1	209	f	526	2024-02-27 19:51:43.802627+01
4803	-1	209	f	545	2024-02-27 19:51:43.802631+01
4804	-1	209	f	546	2024-02-27 19:51:43.802647+01
4805	-1	209	f	536	2024-02-27 19:51:43.802653+01
4856	-1	211	f	516	2024-02-27 19:55:38.23886+01
4857	-1	211	f	528	2024-02-27 19:55:38.238955+01
4858	-1	211	f	507	2024-02-27 19:55:38.238963+01
4859	-1	211	f	535	2024-02-27 19:55:38.238968+01
4860	-1	211	f	508	2024-02-27 19:55:38.238985+01
4861	-1	211	f	520	2024-02-27 19:55:38.23899+01
4862	-1	211	f	500	2024-02-27 19:55:38.238996+01
4863	-1	211	f	532	2024-02-27 19:55:38.239001+01
4864	-1	211	f	550	2024-02-27 19:55:38.239155+01
4865	-1	211	f	538	2024-02-27 19:55:38.239163+01
4866	-1	211	f	518	2024-02-27 19:55:38.239169+01
4867	-1	211	f	537	2024-02-27 19:55:38.239175+01
4868	-1	211	f	533	2024-02-27 19:55:38.23918+01
4869	-1	211	f	519	2024-02-27 19:55:38.2392+01
4870	-1	211	f	503	2024-02-27 19:55:38.239206+01
4871	-1	211	f	531	2024-02-27 19:55:38.239211+01
4872	-1	211	f	541	2024-02-27 19:55:38.23922+01
4873	-1	211	f	549	2024-02-27 19:55:38.239228+01
4874	-1	211	f	527	2024-02-27 19:55:38.239235+01
4875	-1	211	f	525	2024-02-27 19:55:38.239258+01
4876	-1	211	f	524	2024-02-27 19:55:38.239264+01
4877	-1	211	f	509	2024-02-27 19:55:38.23927+01
4878	-1	211	f	517	2024-02-27 19:55:38.239275+01
4879	-1	211	f	530	2024-02-27 19:55:38.239286+01
4880	-1	211	f	521	2024-02-27 19:55:38.239292+01
4881	-1	211	f	501	2024-02-27 19:55:38.239298+01
4882	-1	211	f	511	2024-02-27 19:55:38.239304+01
4883	-1	211	f	513	2024-02-27 19:55:38.239309+01
4884	-1	211	f	522	2024-02-27 19:55:38.239314+01
4885	-1	211	f	536	2024-02-27 19:55:38.23932+01
4886	-1	211	f	512	2024-02-27 19:55:38.239326+01
4887	-1	211	f	534	2024-02-27 19:55:38.239331+01
4888	-1	211	f	540	2024-02-27 19:55:38.239337+01
4889	-1	211	f	543	2024-02-27 19:55:38.239344+01
4890	-1	211	f	502	2024-02-27 19:55:38.23936+01
4891	-1	211	f	548	2024-02-27 19:55:38.239365+01
4892	-1	211	f	523	2024-02-27 19:55:38.239371+01
4893	-1	211	f	529	2024-02-27 19:55:38.239385+01
4894	-1	211	f	506	2024-02-27 19:55:38.239391+01
4895	-1	211	f	539	2024-02-27 19:55:38.239442+01
4896	-1	211	f	544	2024-02-27 19:55:38.239449+01
4897	-1	211	f	510	2024-02-27 19:55:38.239453+01
4898	-1	211	f	515	2024-02-27 19:55:38.239458+01
4899	-1	211	f	526	2024-02-27 19:55:38.239463+01
4900	-1	211	f	514	2024-02-27 19:55:38.239468+01
4901	-1	211	f	545	2024-02-27 19:55:38.239473+01
4902	-1	211	f	505	2024-02-27 19:55:38.239479+01
4903	-1	211	f	542	2024-02-27 19:55:38.239485+01
4904	-1	211	f	504	2024-02-27 19:55:38.239491+01
4905	-1	211	f	547	2024-02-27 19:55:38.239496+01
6456	-1	247	f	521	2024-03-02 16:13:49.378182+01
6457	-1	247	f	549	2024-03-02 16:13:49.449818+01
6458	-1	247	f	541	2024-03-02 16:13:49.472035+01
6459	-1	247	f	503	2024-03-02 16:13:49.4721+01
6460	-1	247	f	525	2024-03-02 16:13:49.472107+01
6461	-1	247	f	520	2024-03-02 16:13:49.472115+01
6462	-1	247	f	518	2024-03-02 16:13:49.472668+01
6463	-1	247	f	548	2024-03-02 16:13:49.494054+01
6464	-1	247	f	512	2024-03-02 16:13:49.494067+01
6465	-1	247	f	550	2024-03-02 16:13:49.494073+01
6466	-1	247	f	531	2024-03-02 16:13:49.494095+01
6467	-1	247	f	542	2024-03-02 16:13:49.494111+01
6468	-1	247	f	529	2024-03-02 16:13:49.494118+01
6469	-1	247	f	546	2024-03-02 16:13:49.494623+01
6470	-1	247	f	507	2024-03-02 16:13:49.516764+01
6471	-1	247	f	515	2024-03-02 16:13:49.51677+01
6472	-1	247	f	513	2024-03-02 16:13:49.516774+01
6473	-1	247	f	534	2024-03-02 16:13:49.516786+01
6474	-1	247	f	524	2024-03-02 16:13:49.566617+01
6475	-1	247	f	509	2024-03-02 16:13:49.566634+01
6476	-1	247	f	510	2024-03-02 16:13:49.566639+01
6477	-1	247	f	540	2024-03-02 16:13:49.566645+01
6478	-1	247	f	538	2024-03-02 16:13:49.566691+01
6479	-1	247	f	539	2024-03-02 16:13:49.566696+01
6480	-1	247	f	508	2024-03-02 16:13:49.566701+01
6481	-1	247	f	530	2024-03-02 16:13:49.566706+01
6482	-1	247	f	532	2024-03-02 16:13:49.567284+01
6483	-1	247	f	502	2024-03-02 16:13:49.567301+01
6484	-1	247	f	501	2024-03-02 16:13:49.567306+01
6485	-1	247	f	536	2024-03-02 16:13:49.567311+01
6486	-1	247	f	544	2024-03-02 16:13:49.567318+01
6487	-1	247	f	506	2024-03-02 16:13:49.567322+01
6488	-1	247	f	543	2024-03-02 16:13:49.567327+01
6489	-1	247	f	527	2024-03-02 16:13:49.567348+01
6490	-1	247	f	516	2024-03-02 16:13:49.567361+01
6491	-1	247	f	519	2024-03-02 16:13:49.567365+01
6492	-1	247	f	551	2024-03-02 16:13:49.567371+01
6493	-1	247	f	537	2024-03-02 16:13:49.567924+01
6494	-1	247	f	500	2024-03-02 16:13:49.567935+01
6495	-1	247	f	505	2024-03-02 16:13:49.56794+01
6496	-1	247	f	523	2024-03-02 16:13:49.567946+01
6497	-1	247	f	517	2024-03-02 16:13:49.56795+01
6498	-1	247	f	522	2024-03-02 16:13:49.568674+01
6499	-1	247	f	533	2024-03-02 16:13:49.570048+01
6500	-1	247	f	535	2024-03-02 16:13:49.570054+01
6501	-1	247	f	511	2024-03-02 16:13:49.570059+01
6502	-1	247	f	514	2024-03-02 16:13:49.570069+01
6503	-1	247	f	528	2024-03-02 16:13:49.570074+01
6504	-1	247	f	547	2024-03-02 16:13:49.570078+01
6505	-1	247	f	526	2024-03-02 16:13:49.570083+01
6538	-1	248	f	536	2024-03-02 16:33:48.297282+01
6539	-1	248	f	523	2024-03-02 16:33:48.325702+01
6540	-1	248	f	550	2024-03-02 16:33:48.325705+01
6541	-1	248	f	528	2024-03-02 16:33:48.325713+01
6542	-1	248	f	507	2024-03-02 16:33:48.325717+01
6543	-1	248	f	551	2024-03-02 16:33:48.325736+01
6544	-1	248	f	519	2024-03-02 16:33:48.325764+01
6545	-1	248	f	517	2024-03-02 16:33:48.325767+01
6546	-1	248	f	543	2024-03-02 16:33:48.326033+01
6547	-1	248	f	514	2024-03-02 16:33:48.349512+01
6548	-1	248	f	548	2024-03-02 16:33:48.349517+01
6549	-1	248	f	500	2024-03-02 16:33:48.349525+01
6550	-1	248	f	504	2024-03-02 16:33:48.34953+01
6551	-1	248	f	515	2024-03-02 16:33:48.3497+01
6552	-1	248	f	513	2024-03-02 16:33:48.349705+01
6553	-1	248	f	529	2024-03-02 16:33:48.349709+01
6554	-1	248	f	506	2024-03-02 16:33:48.349714+01
6555	-1	248	f	521	2024-03-02 16:33:48.350102+01
6556	-1	249	f	545	2024-03-02 16:34:07.455975+01
6557	-1	249	f	521	2024-03-02 16:34:07.456133+01
6558	-1	249	f	507	2024-03-02 16:34:07.456137+01
6559	-1	249	f	551	2024-03-02 16:34:07.456139+01
6560	-1	249	f	514	2024-03-02 16:34:07.456159+01
6561	-1	249	f	511	2024-03-02 16:34:07.481831+01
6562	-1	249	f	524	2024-03-02 16:34:07.48184+01
6563	-1	249	f	539	2024-03-02 16:34:07.481849+01
6564	-1	249	f	504	2024-03-02 16:34:07.481857+01
6565	-1	249	f	520	2024-03-02 16:34:07.509736+01
4806	-1	210	f	506	2024-02-27 19:53:18.590286+01
4807	-1	210	f	514	2024-02-27 19:53:18.590297+01
4808	-1	210	f	518	2024-02-27 19:53:18.5903+01
4809	-1	210	f	544	2024-02-27 19:53:18.590302+01
4810	-1	210	f	517	2024-02-27 19:53:18.590304+01
4811	-1	210	f	521	2024-02-27 19:53:18.590306+01
4812	-1	210	f	513	2024-02-27 19:53:18.590316+01
4813	-1	210	f	508	2024-02-27 19:53:18.590318+01
4814	-1	210	f	550	2024-02-27 19:53:18.59032+01
4815	-1	210	f	532	2024-02-27 19:53:18.590357+01
4816	-1	210	f	510	2024-02-27 19:53:18.590362+01
4817	-1	210	f	507	2024-02-27 19:53:18.590364+01
4818	-1	210	f	545	2024-02-27 19:53:18.590365+01
4819	-1	210	f	511	2024-02-27 19:53:18.590367+01
4820	-1	210	f	528	2024-02-27 19:53:18.590369+01
4821	-1	210	f	519	2024-02-27 19:53:18.59038+01
4822	-1	210	f	502	2024-02-27 19:53:18.590382+01
4823	-1	210	f	533	2024-02-27 19:53:18.590384+01
4824	-1	210	f	547	2024-02-27 19:53:18.590386+01
4825	-1	210	f	530	2024-02-27 19:53:18.590388+01
4826	-1	210	f	534	2024-02-27 19:53:18.590424+01
4827	-1	210	f	504	2024-02-27 19:53:18.590426+01
4828	-1	210	f	505	2024-02-27 19:53:18.590428+01
4829	-1	210	f	540	2024-02-27 19:53:18.59043+01
4830	-1	210	f	546	2024-02-27 19:53:18.590433+01
4831	-1	210	f	542	2024-02-27 19:53:18.590435+01
4832	-1	210	f	500	2024-02-27 19:53:18.590441+01
4833	-1	210	f	509	2024-02-27 19:53:18.590443+01
4834	-1	210	f	541	2024-02-27 19:53:18.590445+01
4835	-1	210	f	549	2024-02-27 19:53:18.590447+01
4836	-1	210	f	531	2024-02-27 19:53:18.590449+01
4837	-1	210	f	536	2024-02-27 19:53:18.590453+01
4838	-1	210	f	520	2024-02-27 19:53:18.590455+01
4839	-1	210	f	515	2024-02-27 19:53:18.590457+01
4840	-1	210	f	525	2024-02-27 19:53:18.590459+01
4841	-1	210	f	535	2024-02-27 19:53:18.590461+01
4842	-1	210	f	516	2024-02-27 19:53:18.590468+01
4843	-1	210	f	537	2024-02-27 19:53:18.59047+01
4844	-1	210	f	529	2024-02-27 19:53:18.590479+01
4845	-1	210	f	503	2024-02-27 19:53:18.59048+01
4846	-1	210	f	526	2024-02-27 19:53:18.590482+01
4847	-1	210	f	527	2024-02-27 19:53:18.590484+01
4848	-1	210	f	538	2024-02-27 19:53:18.590486+01
4849	-1	210	f	522	2024-02-27 19:53:18.590488+01
4850	-1	210	f	543	2024-02-27 19:53:18.590489+01
4851	-1	210	f	539	2024-02-27 19:53:18.590492+01
4852	-1	210	f	523	2024-02-27 19:53:18.590494+01
4853	-1	210	f	524	2024-02-27 19:53:18.590501+01
4854	-1	210	f	512	2024-02-27 19:53:18.590503+01
4855	-1	210	f	548	2024-02-27 19:53:18.590504+01
4906	-1	212	f	509	2024-02-27 20:02:19.873945+01
4907	-1	212	f	500	2024-02-27 20:02:19.874119+01
4908	-1	212	f	529	2024-02-27 20:02:19.874132+01
4909	-1	212	f	503	2024-02-27 20:02:19.874143+01
4910	-1	212	f	544	2024-02-27 20:02:19.874152+01
4911	-1	212	f	533	2024-02-27 20:02:19.874162+01
4912	-1	212	f	538	2024-02-27 20:02:19.874209+01
4913	-1	212	f	549	2024-02-27 20:02:19.87422+01
4914	-1	212	f	510	2024-02-27 20:02:19.874244+01
4915	-1	212	f	521	2024-02-27 20:02:19.874254+01
4916	-1	212	f	528	2024-02-27 20:02:19.874267+01
4917	-1	212	f	515	2024-02-27 20:02:19.874277+01
4918	-1	212	f	504	2024-02-27 20:02:19.874289+01
4919	-1	212	f	543	2024-02-27 20:02:19.874299+01
4920	-1	212	f	522	2024-02-27 20:02:19.874315+01
4921	-1	212	f	502	2024-02-27 20:02:19.874325+01
4922	-1	212	f	508	2024-02-27 20:02:19.874335+01
4923	-1	212	f	539	2024-02-27 20:02:19.874344+01
4924	-1	212	f	523	2024-02-27 20:02:19.874368+01
4925	-1	212	f	546	2024-02-27 20:02:19.874377+01
4926	-1	212	f	514	2024-02-27 20:02:19.874389+01
4927	-1	212	f	540	2024-02-27 20:02:19.87441+01
4928	-1	212	f	525	2024-02-27 20:02:19.874425+01
4929	-1	212	f	520	2024-02-27 20:02:19.874439+01
4930	-1	212	f	512	2024-02-27 20:02:19.87445+01
4931	-1	212	f	534	2024-02-27 20:02:19.87446+01
4932	-1	212	f	532	2024-02-27 20:02:19.87447+01
4933	-1	212	f	511	2024-02-27 20:02:19.874503+01
4934	-1	212	f	542	2024-02-27 20:02:19.874513+01
4935	-1	212	f	550	2024-02-27 20:02:19.874525+01
4936	-1	212	f	501	2024-02-27 20:02:19.874537+01
4937	-1	212	f	506	2024-02-27 20:02:19.874548+01
4938	-1	212	f	518	2024-02-27 20:02:19.874559+01
4939	-1	212	f	537	2024-02-27 20:02:19.87457+01
4940	-1	212	f	548	2024-02-27 20:02:19.874579+01
4941	-1	212	f	535	2024-02-27 20:02:19.874589+01
4942	-1	212	f	505	2024-02-27 20:02:19.874599+01
4943	-1	212	f	536	2024-02-27 20:02:19.874619+01
4944	-1	212	f	519	2024-02-27 20:02:19.87463+01
4945	-1	212	f	516	2024-02-27 20:02:19.874748+01
4946	-1	212	f	524	2024-02-27 20:02:19.87476+01
4947	-1	212	f	513	2024-02-27 20:02:19.874769+01
4948	-1	212	f	541	2024-02-27 20:02:19.874779+01
4949	-1	212	f	530	2024-02-27 20:02:19.874794+01
4950	-1	212	f	526	2024-02-27 20:02:19.874803+01
4951	-1	212	f	507	2024-02-27 20:02:19.874812+01
4952	-1	212	f	531	2024-02-27 20:02:19.874821+01
4953	-1	212	f	545	2024-02-27 20:02:19.874837+01
4954	-1	212	f	547	2024-02-27 20:02:19.874862+01
4955	-1	212	f	527	2024-02-27 20:02:19.874871+01
4956	-1	213	f	535	2024-02-27 20:03:49.109711+01
4957	-1	213	f	547	2024-02-27 20:03:49.109784+01
4958	-1	213	f	534	2024-02-27 20:03:49.109797+01
4959	-1	213	f	527	2024-02-27 20:03:49.109833+01
4960	-1	213	f	530	2024-02-27 20:03:49.109844+01
4961	-1	213	f	516	2024-02-27 20:03:49.109854+01
4962	-1	213	f	503	2024-02-27 20:03:49.109864+01
4963	-1	213	f	544	2024-02-27 20:03:49.109873+01
4964	-1	213	f	529	2024-02-27 20:03:49.109883+01
4965	-1	213	f	550	2024-02-27 20:03:49.109894+01
4966	-1	213	f	508	2024-02-27 20:03:49.109922+01
4967	-1	213	f	519	2024-02-27 20:03:49.109932+01
4968	-1	213	f	525	2024-02-27 20:03:49.109944+01
4969	-1	213	f	526	2024-02-27 20:03:49.109955+01
4970	-1	213	f	545	2024-02-27 20:03:49.109979+01
4971	-1	213	f	543	2024-02-27 20:03:49.109989+01
4972	-1	213	f	546	2024-02-27 20:03:49.110004+01
4973	-1	213	f	512	2024-02-27 20:03:49.110016+01
4974	-1	213	f	510	2024-02-27 20:03:49.110026+01
4975	-1	213	f	541	2024-02-27 20:03:49.110038+01
4976	-1	213	f	514	2024-02-27 20:03:49.110074+01
4977	-1	213	f	531	2024-02-27 20:03:49.110083+01
4978	-1	213	f	521	2024-02-27 20:03:49.110101+01
4979	-1	213	f	539	2024-02-27 20:03:49.110127+01
4980	-1	213	f	517	2024-02-27 20:03:49.110137+01
4981	-1	213	f	500	2024-02-27 20:03:49.110147+01
4982	-1	213	f	548	2024-02-27 20:03:49.110157+01
4983	-1	213	f	501	2024-02-27 20:03:49.110167+01
4984	-1	213	f	528	2024-02-27 20:03:49.110179+01
4985	-1	213	f	502	2024-02-27 20:03:49.110189+01
4986	-1	213	f	542	2024-02-27 20:03:49.110198+01
4987	-1	213	f	518	2024-02-27 20:03:49.110317+01
4988	-1	213	f	532	2024-02-27 20:03:49.110328+01
4989	-1	213	f	506	2024-02-27 20:03:49.110361+01
4990	-1	213	f	515	2024-02-27 20:03:49.11037+01
4991	-1	213	f	505	2024-02-27 20:03:49.11038+01
4992	-1	213	f	540	2024-02-27 20:03:49.110389+01
4993	-1	213	f	522	2024-02-27 20:03:49.110403+01
4994	-1	213	f	549	2024-02-27 20:03:49.110426+01
4995	-1	213	f	537	2024-02-27 20:03:49.110886+01
4996	-1	213	f	538	2024-02-27 20:03:49.110898+01
4997	-1	213	f	536	2024-02-27 20:03:49.110908+01
4998	-1	213	f	513	2024-02-27 20:03:49.111141+01
4999	-1	213	f	511	2024-02-27 20:03:49.111359+01
5000	-1	213	f	504	2024-02-27 20:03:49.111391+01
5001	-1	213	f	523	2024-02-27 20:03:49.111611+01
5002	-1	213	f	509	2024-02-27 20:03:49.111621+01
5003	-1	213	f	507	2024-02-27 20:03:49.111832+01
5004	-1	213	f	524	2024-02-27 20:03:49.111841+01
5005	-1	213	f	533	2024-02-27 20:03:49.111851+01
5006	-1	214	f	542	2024-02-27 20:10:42.959618+01
5007	-1	214	f	525	2024-02-27 20:10:42.959668+01
5008	-1	214	f	516	2024-02-27 20:10:42.959675+01
5009	-1	214	f	545	2024-02-27 20:10:42.95968+01
5010	-1	214	f	529	2024-02-27 20:10:42.959685+01
5011	-1	214	f	526	2024-02-27 20:10:42.959702+01
5012	-1	214	f	543	2024-02-27 20:10:42.959707+01
5013	-1	214	f	535	2024-02-27 20:10:42.959718+01
5014	-1	214	f	522	2024-02-27 20:10:42.959723+01
5015	-1	214	f	505	2024-02-27 20:10:42.959728+01
5016	-1	214	f	524	2024-02-27 20:10:42.959733+01
5017	-1	214	f	538	2024-02-27 20:10:42.959738+01
5018	-1	214	f	512	2024-02-27 20:10:42.959742+01
5019	-1	214	f	502	2024-02-27 20:10:42.959746+01
5020	-1	214	f	514	2024-02-27 20:10:42.95975+01
5021	-1	214	f	550	2024-02-27 20:10:42.959755+01
5022	-1	214	f	540	2024-02-27 20:10:42.959768+01
5023	-1	214	f	518	2024-02-27 20:10:42.959774+01
5024	-1	214	f	513	2024-02-27 20:10:42.959779+01
5025	-1	214	f	541	2024-02-27 20:10:42.959788+01
5026	-1	214	f	519	2024-02-27 20:10:42.959794+01
5027	-1	214	f	549	2024-02-27 20:10:42.9598+01
5028	-1	214	f	500	2024-02-27 20:10:42.959805+01
5029	-1	214	f	508	2024-02-27 20:10:42.95981+01
5030	-1	214	f	532	2024-02-27 20:10:42.959814+01
5031	-1	214	f	507	2024-02-27 20:10:42.959828+01
5032	-1	214	f	548	2024-02-27 20:10:42.959832+01
5033	-1	214	f	523	2024-02-27 20:10:42.959837+01
5034	-1	214	f	530	2024-02-27 20:10:42.959841+01
5035	-1	214	f	503	2024-02-27 20:10:42.959845+01
5036	-1	214	f	537	2024-02-27 20:10:42.959849+01
5037	-1	214	f	546	2024-02-27 20:10:42.959853+01
5038	-1	214	f	531	2024-02-27 20:10:42.959859+01
5039	-1	214	f	547	2024-02-27 20:10:42.959867+01
5040	-1	214	f	528	2024-02-27 20:10:42.959871+01
5041	-1	214	f	510	2024-02-27 20:10:42.959876+01
5042	-1	214	f	515	2024-02-27 20:10:42.959885+01
5043	-1	214	f	506	2024-02-27 20:10:42.959889+01
5044	-1	214	f	527	2024-02-27 20:10:42.959893+01
5045	-1	214	f	534	2024-02-27 20:10:42.959931+01
5046	-1	214	f	536	2024-02-27 20:10:42.959937+01
5047	-1	214	f	520	2024-02-27 20:10:42.959942+01
5048	-1	214	f	544	2024-02-27 20:10:42.959948+01
5049	-1	214	f	501	2024-02-27 20:10:42.959952+01
5050	-1	214	f	517	2024-02-27 20:10:42.959956+01
5051	-1	214	f	511	2024-02-27 20:10:42.959961+01
5052	-1	214	f	521	2024-02-27 20:10:42.959965+01
5053	-1	214	f	504	2024-02-27 20:10:42.959977+01
5054	-1	214	f	533	2024-02-27 20:10:42.959982+01
5055	-1	214	f	539	2024-02-27 20:10:42.959987+01
5056	-1	215	f	512	2024-02-27 20:11:50.209224+01
5057	-1	215	f	529	2024-02-27 20:11:50.209295+01
5058	-1	215	f	510	2024-02-27 20:11:50.209298+01
5059	-1	215	f	508	2024-02-27 20:11:50.2093+01
5060	-1	215	f	548	2024-02-27 20:11:50.209302+01
5061	-1	215	f	519	2024-02-27 20:11:50.209314+01
5062	-1	215	f	517	2024-02-27 20:11:50.209322+01
5063	-1	215	f	507	2024-02-27 20:11:50.209324+01
5064	-1	215	f	521	2024-02-27 20:11:50.209326+01
5065	-1	215	f	500	2024-02-27 20:11:50.209329+01
5066	-1	215	f	520	2024-02-27 20:11:50.209331+01
5067	-1	215	f	534	2024-02-27 20:11:50.209333+01
5068	-1	215	f	514	2024-02-27 20:11:50.209335+01
5069	-1	215	f	532	2024-02-27 20:11:50.209337+01
5070	-1	215	f	504	2024-02-27 20:11:50.209341+01
5071	-1	215	f	525	2024-02-27 20:11:50.209343+01
5072	-1	215	f	537	2024-02-27 20:11:50.209351+01
5073	-1	215	f	506	2024-02-27 20:11:50.209353+01
5074	-1	215	f	501	2024-02-27 20:11:50.209354+01
5075	-1	215	f	528	2024-02-27 20:11:50.20936+01
5076	-1	215	f	547	2024-02-27 20:11:50.209362+01
5077	-1	215	f	530	2024-02-27 20:11:50.209364+01
5078	-1	215	f	522	2024-02-27 20:11:50.209366+01
5079	-1	215	f	545	2024-02-27 20:11:50.209367+01
5080	-1	215	f	533	2024-02-27 20:11:50.209369+01
5081	-1	215	f	511	2024-02-27 20:11:50.209372+01
5082	-1	215	f	515	2024-02-27 20:11:50.209373+01
5083	-1	215	f	550	2024-02-27 20:11:50.209379+01
5084	-1	215	f	544	2024-02-27 20:11:50.209381+01
5085	-1	215	f	542	2024-02-27 20:11:50.209383+01
5086	-1	215	f	540	2024-02-27 20:11:50.209386+01
5087	-1	215	f	526	2024-02-27 20:11:50.209388+01
5088	-1	215	f	513	2024-02-27 20:11:50.20939+01
5089	-1	215	f	502	2024-02-27 20:11:50.209392+01
5090	-1	215	f	509	2024-02-27 20:11:50.209394+01
5091	-1	215	f	541	2024-02-27 20:11:50.209396+01
5092	-1	215	f	503	2024-02-27 20:11:50.209398+01
5093	-1	215	f	516	2024-02-27 20:11:50.2094+01
5094	-1	215	f	523	2024-02-27 20:11:50.209405+01
5095	-1	215	f	536	2024-02-27 20:11:50.209411+01
5096	-1	215	f	535	2024-02-27 20:11:50.209414+01
5097	-1	215	f	527	2024-02-27 20:11:50.209416+01
5098	-1	215	f	505	2024-02-27 20:11:50.209418+01
5099	-1	215	f	539	2024-02-27 20:11:50.20942+01
5100	-1	215	f	531	2024-02-27 20:11:50.209422+01
5101	-1	215	f	549	2024-02-27 20:11:50.209425+01
5102	-1	215	f	538	2024-02-27 20:11:50.209427+01
5103	-1	215	f	546	2024-02-27 20:11:50.209429+01
5104	-1	215	f	543	2024-02-27 20:11:50.209431+01
5105	-1	215	f	518	2024-02-27 20:11:50.20944+01
5106	-1	216	f	518	2024-02-27 20:12:35.623954+01
5107	-1	216	f	500	2024-02-27 20:12:35.624007+01
5108	-1	216	f	529	2024-02-27 20:12:35.624009+01
5109	-1	216	f	535	2024-02-27 20:12:35.624011+01
5110	-1	216	f	548	2024-02-27 20:12:35.624013+01
5111	-1	216	f	549	2024-02-27 20:12:35.624023+01
5112	-1	216	f	525	2024-02-27 20:12:35.624025+01
5113	-1	216	f	527	2024-02-27 20:12:35.624031+01
5114	-1	216	f	515	2024-02-27 20:12:35.624033+01
5115	-1	216	f	531	2024-02-27 20:12:35.624035+01
5116	-1	216	f	507	2024-02-27 20:12:35.624039+01
5117	-1	216	f	536	2024-02-27 20:12:35.624041+01
5118	-1	216	f	504	2024-02-27 20:12:35.624044+01
5119	-1	216	f	502	2024-02-27 20:12:35.624046+01
5120	-1	216	f	513	2024-02-27 20:12:35.624047+01
5121	-1	216	f	524	2024-02-27 20:12:35.624049+01
5122	-1	216	f	542	2024-02-27 20:12:35.624051+01
5123	-1	216	f	541	2024-02-27 20:12:35.624063+01
5124	-1	216	f	543	2024-02-27 20:12:35.624066+01
5125	-1	216	f	517	2024-02-27 20:12:35.624072+01
5126	-1	216	f	519	2024-02-27 20:12:35.624074+01
5127	-1	216	f	539	2024-02-27 20:12:35.624077+01
5128	-1	216	f	545	2024-02-27 20:12:35.624079+01
5129	-1	216	f	528	2024-02-27 20:12:35.624081+01
5130	-1	216	f	521	2024-02-27 20:12:35.624083+01
5131	-1	216	f	544	2024-02-27 20:12:35.624085+01
5132	-1	216	f	509	2024-02-27 20:12:35.62409+01
5133	-1	216	f	550	2024-02-27 20:12:35.624092+01
5134	-1	216	f	530	2024-02-27 20:12:35.624094+01
5135	-1	216	f	546	2024-02-27 20:12:35.624096+01
5136	-1	216	f	503	2024-02-27 20:12:35.624098+01
5137	-1	216	f	520	2024-02-27 20:12:35.6241+01
5138	-1	216	f	547	2024-02-27 20:12:35.624102+01
5139	-1	216	f	537	2024-02-27 20:12:35.624104+01
5140	-1	216	f	508	2024-02-27 20:12:35.624106+01
5141	-1	216	f	522	2024-02-27 20:12:35.624107+01
5142	-1	216	f	506	2024-02-27 20:12:35.624109+01
5143	-1	216	f	534	2024-02-27 20:12:35.62411+01
5144	-1	216	f	510	2024-02-27 20:12:35.62412+01
5145	-1	216	f	505	2024-02-27 20:12:35.624122+01
5146	-1	216	f	512	2024-02-27 20:12:35.624125+01
5147	-1	216	f	516	2024-02-27 20:12:35.624126+01
5148	-1	216	f	501	2024-02-27 20:12:35.624128+01
5149	-1	216	f	526	2024-02-27 20:12:35.62413+01
5150	-1	216	f	540	2024-02-27 20:12:35.624132+01
5151	-1	216	f	511	2024-02-27 20:12:35.624135+01
5152	-1	216	f	538	2024-02-27 20:12:35.624136+01
5153	-1	216	f	533	2024-02-27 20:12:35.624138+01
5154	-1	216	f	514	2024-02-27 20:12:35.62414+01
5155	-1	216	f	532	2024-02-27 20:12:35.624146+01
5156	-1	217	f	518	2024-02-27 20:25:07.070561+01
5157	-1	217	f	500	2024-02-27 20:25:07.07064+01
5158	-1	217	f	529	2024-02-27 20:25:07.070643+01
5159	-1	217	f	535	2024-02-27 20:25:07.070645+01
5160	-1	217	f	548	2024-02-27 20:25:07.070647+01
5161	-1	217	f	549	2024-02-27 20:25:07.070668+01
5162	-1	217	f	525	2024-02-27 20:25:07.070706+01
5163	-1	217	f	527	2024-02-27 20:25:07.070715+01
5164	-1	217	f	515	2024-02-27 20:25:07.070717+01
5165	-1	217	f	531	2024-02-27 20:25:07.070718+01
5166	-1	217	f	507	2024-02-27 20:25:07.070747+01
5167	-1	217	f	536	2024-02-27 20:25:07.070748+01
5168	-1	217	f	504	2024-02-27 20:25:07.070751+01
5169	-1	217	f	502	2024-02-27 20:25:07.070753+01
5170	-1	217	f	513	2024-02-27 20:25:07.070754+01
5171	-1	217	f	524	2024-02-27 20:25:07.070756+01
5172	-1	217	f	542	2024-02-27 20:25:07.070761+01
5173	-1	217	f	541	2024-02-27 20:25:07.070763+01
5174	-1	217	f	543	2024-02-27 20:25:07.070766+01
5175	-1	217	f	517	2024-02-27 20:25:07.070772+01
5176	-1	217	f	519	2024-02-27 20:25:07.070774+01
5177	-1	217	f	539	2024-02-27 20:25:07.070776+01
5178	-1	217	f	545	2024-02-27 20:25:07.070778+01
5179	-1	217	f	528	2024-02-27 20:25:07.07078+01
5180	-1	217	f	521	2024-02-27 20:25:07.070782+01
5181	-1	217	f	544	2024-02-27 20:25:07.070787+01
5182	-1	217	f	509	2024-02-27 20:25:07.070789+01
5183	-1	217	f	550	2024-02-27 20:25:07.070791+01
5184	-1	217	f	530	2024-02-27 20:25:07.070793+01
5185	-1	217	f	546	2024-02-27 20:25:07.070794+01
5186	-1	217	f	503	2024-02-27 20:25:07.070797+01
5187	-1	217	f	520	2024-02-27 20:25:07.070799+01
5188	-1	217	f	547	2024-02-27 20:25:07.070801+01
5189	-1	217	f	537	2024-02-27 20:25:07.070802+01
5190	-1	217	f	508	2024-02-27 20:25:07.070804+01
5191	-1	217	f	522	2024-02-27 20:25:07.070805+01
5192	-1	217	f	506	2024-02-27 20:25:07.070807+01
5193	-1	217	f	534	2024-02-27 20:25:07.070809+01
5194	-1	217	f	510	2024-02-27 20:25:07.070814+01
5195	-1	217	f	505	2024-02-27 20:25:07.070829+01
5196	-1	217	f	512	2024-02-27 20:25:07.070831+01
5197	-1	217	f	516	2024-02-27 20:25:07.070833+01
5198	-1	217	f	501	2024-02-27 20:25:07.070835+01
5199	-1	217	f	526	2024-02-27 20:25:07.070837+01
5200	-1	217	f	540	2024-02-27 20:25:07.070838+01
5201	-1	217	f	511	2024-02-27 20:25:07.070869+01
5202	-1	217	f	538	2024-02-27 20:25:07.070871+01
5203	-1	217	f	533	2024-02-27 20:25:07.070872+01
5204	-1	217	f	514	2024-02-27 20:25:07.070874+01
5205	-1	217	f	532	2024-02-27 20:25:07.070876+01
5206	-1	218	f	518	2024-02-27 20:25:11.469098+01
5207	-1	218	f	500	2024-02-27 20:25:11.469113+01
5208	-1	218	f	529	2024-02-27 20:25:11.515534+01
5209	-1	218	f	535	2024-02-27 20:25:11.515541+01
5210	-1	218	f	548	2024-02-27 20:25:11.515638+01
5211	-1	218	f	549	2024-02-27 20:25:11.515643+01
5212	-1	218	f	525	2024-02-27 20:25:11.515649+01
5213	-1	218	f	527	2024-02-27 20:25:11.515652+01
5214	-1	218	f	515	2024-02-27 20:25:11.515654+01
5215	-1	218	f	531	2024-02-27 20:25:11.515656+01
5216	-1	218	f	507	2024-02-27 20:25:11.515754+01
5217	-1	218	f	536	2024-02-27 20:25:11.515757+01
5218	-1	218	f	504	2024-02-27 20:25:11.51576+01
5219	-1	218	f	502	2024-02-27 20:25:11.515762+01
5220	-1	218	f	513	2024-02-27 20:25:11.515764+01
5221	-1	218	f	524	2024-02-27 20:25:11.515766+01
5222	-1	218	f	542	2024-02-27 20:25:11.515768+01
5223	-1	218	f	541	2024-02-27 20:25:11.515771+01
5224	-1	218	f	543	2024-02-27 20:25:11.515774+01
5225	-1	218	f	517	2024-02-27 20:25:11.53634+01
5226	-1	218	f	519	2024-02-27 20:25:11.536409+01
5227	-1	218	f	539	2024-02-27 20:25:11.536508+01
5228	-1	218	f	545	2024-02-27 20:25:11.536511+01
5229	-1	218	f	528	2024-02-27 20:25:11.536513+01
5230	-1	218	f	521	2024-02-27 20:25:11.536516+01
5231	-1	218	f	544	2024-02-27 20:25:11.536603+01
5232	-1	218	f	509	2024-02-27 20:25:11.536606+01
5233	-1	218	f	550	2024-02-27 20:25:11.536608+01
5234	-1	218	f	530	2024-02-27 20:25:11.536612+01
5235	-1	218	f	546	2024-02-27 20:25:11.536614+01
5236	-1	218	f	503	2024-02-27 20:25:11.536616+01
5237	-1	218	f	520	2024-02-27 20:25:11.536699+01
5238	-1	218	f	547	2024-02-27 20:25:11.536707+01
5239	-1	218	f	537	2024-02-27 20:25:11.536709+01
5240	-1	218	f	508	2024-02-27 20:25:11.536711+01
5241	-1	218	f	522	2024-02-27 20:25:11.536713+01
5242	-1	218	f	506	2024-02-27 20:25:11.536715+01
5243	-1	218	f	534	2024-02-27 20:25:11.536717+01
5244	-1	218	f	510	2024-02-27 20:25:11.536725+01
5245	-1	218	f	505	2024-02-27 20:25:11.536835+01
5246	-1	218	f	512	2024-02-27 20:25:11.536842+01
5247	-1	218	f	516	2024-02-27 20:25:11.536844+01
5248	-1	218	f	501	2024-02-27 20:25:11.536846+01
5249	-1	218	f	526	2024-02-27 20:25:11.536858+01
5250	-1	218	f	540	2024-02-27 20:25:11.53686+01
5251	-1	218	f	511	2024-02-27 20:25:11.536864+01
5252	-1	218	f	538	2024-02-27 20:25:11.536866+01
5253	-1	218	f	533	2024-02-27 20:25:11.536868+01
5254	-1	218	f	514	2024-02-27 20:25:11.536871+01
5255	-1	218	f	532	2024-02-27 20:25:11.536873+01
5256	2	219	t	539	2024-02-27 22:12:22.756057+01
5257	-1	219	f	538	2024-02-27 22:12:22.75807+01
5258	-1	219	f	517	2024-02-27 22:12:22.758083+01
5259	-1	219	f	529	2024-02-27 22:12:22.758088+01
5260	0	219	f	540	2024-02-27 22:12:22.758094+01
5261	-1	219	f	536	2024-02-27 22:12:22.758155+01
5262	-1	219	f	524	2024-02-27 22:12:22.75816+01
5263	-1	219	f	510	2024-02-27 22:12:22.758165+01
5264	-1	219	f	501	2024-02-27 22:12:22.758169+01
5265	-1	219	f	549	2024-02-27 22:12:22.758177+01
5266	-1	219	f	548	2024-02-27 22:12:22.758185+01
5267	-1	219	f	550	2024-02-27 22:12:22.758189+01
5268	-1	219	f	530	2024-02-27 22:12:22.758194+01
5269	-1	219	f	502	2024-02-27 22:12:22.758198+01
5270	-1	219	f	546	2024-02-27 22:12:22.758202+01
5271	-1	219	f	505	2024-02-27 22:12:22.758207+01
5272	-1	219	f	523	2024-02-27 22:12:22.758212+01
5273	-1	219	f	531	2024-02-27 22:12:22.758216+01
5274	-1	219	f	527	2024-02-27 22:12:22.758232+01
5275	-1	219	f	525	2024-02-27 22:12:22.758291+01
5276	-1	219	f	541	2024-02-27 22:12:22.758297+01
5277	-1	219	f	519	2024-02-27 22:12:22.758302+01
5278	-1	219	f	537	2024-02-27 22:12:22.758306+01
5279	-1	219	f	522	2024-02-27 22:12:22.758311+01
5280	-1	219	f	514	2024-02-27 22:12:22.758314+01
5281	-1	219	f	500	2024-02-27 22:12:22.758318+01
5282	-1	219	f	543	2024-02-27 22:12:22.758322+01
5283	-1	219	f	533	2024-02-27 22:12:22.758327+01
5284	-1	219	f	532	2024-02-27 22:12:22.758332+01
5285	-1	219	f	508	2024-02-27 22:12:22.75834+01
5286	-1	219	f	512	2024-02-27 22:12:22.758343+01
5287	-1	219	f	545	2024-02-27 22:12:22.758347+01
5288	-1	219	f	511	2024-02-27 22:12:22.758351+01
5289	-1	219	f	520	2024-02-27 22:12:22.758356+01
5290	-1	219	f	509	2024-02-27 22:12:22.75836+01
5291	-1	219	f	542	2024-02-27 22:12:22.758364+01
5292	-1	219	f	535	2024-02-27 22:12:22.758368+01
5293	-1	219	f	507	2024-02-27 22:12:22.758384+01
5294	-1	219	f	544	2024-02-27 22:12:22.758388+01
5295	-1	219	f	526	2024-02-27 22:12:22.758392+01
5296	0	219	t	506	2024-02-27 22:12:22.758396+01
5297	-1	219	f	534	2024-02-27 22:12:22.758403+01
5298	-1	219	f	521	2024-02-27 22:12:22.758408+01
5299	-1	219	f	518	2024-02-27 22:12:22.758412+01
5300	-1	219	f	504	2024-02-27 22:12:22.758416+01
5301	-1	219	f	516	2024-02-27 22:12:22.75842+01
5302	-1	219	f	547	2024-02-27 22:12:22.758428+01
5303	-1	219	f	503	2024-02-27 22:12:22.758432+01
5304	-1	219	f	528	2024-02-27 22:12:22.758435+01
5305	-1	219	f	513	2024-02-27 22:12:22.758439+01
5306	-1	220	f	523	2024-02-27 22:13:01.317907+01
5307	-1	220	f	545	2024-02-27 22:13:01.317933+01
5308	-1	220	f	548	2024-02-27 22:13:01.317986+01
5309	-1	220	f	542	2024-02-27 22:13:01.318016+01
5310	-1	220	f	534	2024-02-27 22:13:01.318024+01
5311	-1	220	f	519	2024-02-27 22:13:01.31803+01
5312	-1	220	f	517	2024-02-27 22:13:01.318037+01
5313	-1	220	f	518	2024-02-27 22:13:01.318042+01
5314	-1	220	f	525	2024-02-27 22:13:01.318047+01
5315	-1	220	f	501	2024-02-27 22:13:01.318052+01
5316	-1	220	f	503	2024-02-27 22:13:01.31806+01
5317	-1	220	f	549	2024-02-27 22:13:01.31807+01
5318	-1	220	f	512	2024-02-27 22:13:01.318074+01
5319	-1	220	f	538	2024-02-27 22:13:01.318078+01
5320	-1	220	f	547	2024-02-27 22:13:01.318084+01
5321	-1	220	f	506	2024-02-27 22:13:01.318104+01
5322	-1	220	f	510	2024-02-27 22:13:01.318108+01
5323	-1	220	f	524	2024-02-27 22:13:01.318112+01
5324	-1	220	f	541	2024-02-27 22:13:01.318116+01
5325	-1	220	f	528	2024-02-27 22:13:01.318183+01
5326	-1	220	f	536	2024-02-27 22:13:01.318189+01
5327	-1	220	f	526	2024-02-27 22:13:01.318194+01
5328	-1	220	f	521	2024-02-27 22:13:01.318197+01
5329	-1	220	f	515	2024-02-27 22:13:01.318205+01
5330	-1	220	f	516	2024-02-27 22:13:01.318209+01
5331	-1	220	f	550	2024-02-27 22:13:01.318213+01
5332	-1	220	f	540	2024-02-27 22:13:01.31822+01
5333	-1	220	f	500	2024-02-27 22:13:01.318224+01
5334	-1	220	f	544	2024-02-27 22:13:01.318228+01
5335	-1	220	f	520	2024-02-27 22:13:01.318234+01
5336	-1	220	f	537	2024-02-27 22:13:01.318243+01
5337	-1	220	f	505	2024-02-27 22:13:01.318247+01
5338	-1	220	f	530	2024-02-27 22:13:01.318251+01
5339	-1	220	f	543	2024-02-27 22:13:01.318255+01
5340	-1	220	f	507	2024-02-27 22:13:01.318262+01
5341	-1	220	f	508	2024-02-27 22:13:01.318265+01
5342	-1	220	f	513	2024-02-27 22:13:01.318269+01
5343	-1	220	f	535	2024-02-27 22:13:01.318273+01
5344	-1	220	f	514	2024-02-27 22:13:01.318276+01
5345	-1	220	f	546	2024-02-27 22:13:01.318292+01
5346	-1	220	f	504	2024-02-27 22:13:01.318297+01
5347	-1	220	f	532	2024-02-27 22:13:01.318301+01
5348	-1	220	f	527	2024-02-27 22:13:01.318307+01
5349	-1	220	f	511	2024-02-27 22:13:01.318311+01
5350	-1	220	f	509	2024-02-27 22:13:01.318316+01
5351	-1	220	f	522	2024-02-27 22:13:01.31832+01
5352	-1	220	f	502	2024-02-27 22:13:01.318324+01
5353	-1	220	f	529	2024-02-27 22:13:01.318327+01
5354	-1	220	f	531	2024-02-27 22:13:01.318331+01
5355	-1	220	f	533	2024-02-27 22:13:01.318336+01
5356	1	221	f	546	2024-02-27 22:14:12.942013+01
5357	1	221	t	545	2024-02-27 22:14:12.96808+01
5358	-1	221	f	543	2024-02-27 22:14:12.968111+01
5359	-1	221	f	517	2024-02-27 22:14:12.96821+01
5360	-1	221	f	526	2024-02-27 22:14:12.968275+01
5361	-1	221	f	502	2024-02-27 22:14:12.968297+01
5362	-1	221	f	532	2024-02-27 22:14:12.968311+01
5363	-1	221	f	523	2024-02-27 22:14:12.968333+01
5364	-1	221	f	525	2024-02-27 22:14:12.968365+01
5365	-1	221	f	528	2024-02-27 22:14:12.968381+01
5366	-1	221	f	549	2024-02-27 22:14:12.968415+01
5367	-1	221	f	513	2024-02-27 22:14:12.968431+01
5368	-1	221	f	524	2024-02-27 22:14:12.968445+01
5369	-1	221	f	548	2024-02-27 22:14:12.968459+01
5370	-1	221	f	534	2024-02-27 22:14:12.968475+01
5371	-1	221	f	531	2024-02-27 22:14:12.968513+01
5372	-1	221	f	539	2024-02-27 22:14:12.968534+01
5373	-1	221	f	544	2024-02-27 22:14:12.968548+01
5374	-1	221	f	510	2024-02-27 22:14:12.968623+01
5375	-1	221	f	533	2024-02-27 22:14:12.968645+01
5376	-1	221	f	519	2024-02-27 22:14:12.96866+01
5377	-1	221	f	501	2024-02-27 22:14:12.968675+01
5378	-1	221	f	536	2024-02-27 22:14:12.968689+01
5379	-1	221	f	500	2024-02-27 22:14:12.968704+01
5380	-1	221	f	514	2024-02-27 22:14:12.968717+01
5381	-1	221	f	540	2024-02-27 22:14:12.968754+01
5382	-1	221	f	504	2024-02-27 22:14:12.968771+01
5383	-1	221	f	503	2024-02-27 22:14:12.968785+01
5384	-1	221	f	522	2024-02-27 22:14:12.968797+01
5385	-1	221	f	518	2024-02-27 22:14:12.968812+01
5386	-1	221	f	535	2024-02-27 22:14:12.968857+01
5387	-1	221	f	529	2024-02-27 22:14:12.968874+01
5388	-1	221	f	507	2024-02-27 22:14:12.968887+01
5389	-1	221	f	505	2024-02-27 22:14:12.9689+01
5390	-1	221	f	537	2024-02-27 22:14:12.968914+01
5391	-1	221	f	516	2024-02-27 22:14:12.968927+01
5392	-1	221	f	530	2024-02-27 22:14:12.968946+01
5393	-1	221	f	527	2024-02-27 22:14:12.968958+01
5394	-1	221	f	542	2024-02-27 22:14:12.969011+01
5395	-1	221	f	550	2024-02-27 22:14:12.969027+01
5396	-1	221	f	511	2024-02-27 22:14:12.969044+01
5397	-1	221	f	512	2024-02-27 22:14:12.969059+01
5398	-1	221	f	509	2024-02-27 22:14:12.969071+01
5399	-1	221	f	521	2024-02-27 22:14:12.969084+01
5400	-1	221	f	508	2024-02-27 22:14:12.969098+01
5401	-1	221	f	541	2024-02-27 22:14:12.96911+01
5402	-1	221	f	547	2024-02-27 22:14:12.969134+01
5403	-1	221	f	520	2024-02-27 22:14:12.969148+01
5404	-1	221	f	506	2024-02-27 22:14:12.969161+01
5405	-1	221	f	538	2024-02-27 22:14:12.969173+01
5406	1	222	f	541	2024-02-27 22:19:28.509707+01
5407	1	222	t	512	2024-02-27 22:19:28.509866+01
5408	-1	222	f	501	2024-02-27 22:19:28.509887+01
5409	-1	222	f	500	2024-02-27 22:19:28.509897+01
5410	-1	222	f	545	2024-02-27 22:19:28.509904+01
5411	-1	222	f	533	2024-02-27 22:19:28.509915+01
5412	-1	222	f	539	2024-02-27 22:19:28.509924+01
5413	-1	222	f	544	2024-02-27 22:19:28.509931+01
5414	-1	222	f	536	2024-02-27 22:19:28.509938+01
5415	-1	222	f	548	2024-02-27 22:19:28.509947+01
5416	-1	222	f	510	2024-02-27 22:19:28.509972+01
5417	-1	222	f	505	2024-02-27 22:19:28.509986+01
5418	-1	222	f	522	2024-02-27 22:19:28.509994+01
5419	-1	222	f	517	2024-02-27 22:19:28.510002+01
5420	-1	222	f	506	2024-02-27 22:19:28.510009+01
5421	-1	222	f	532	2024-02-27 22:19:28.510016+01
5422	-1	222	f	515	2024-02-27 22:19:28.510031+01
5423	-1	222	f	525	2024-02-27 22:19:28.510238+01
5424	-1	222	f	546	2024-02-27 22:19:28.510256+01
5425	-1	222	f	502	2024-02-27 22:19:28.510326+01
5426	-1	222	f	519	2024-02-27 22:19:28.510345+01
5427	-1	222	f	549	2024-02-27 22:19:28.510355+01
5428	-1	222	f	534	2024-02-27 22:19:28.510365+01
5429	-1	222	f	543	2024-02-27 22:19:28.510374+01
5430	-1	222	f	550	2024-02-27 22:19:28.510387+01
5431	-1	222	f	542	2024-02-27 22:19:28.510398+01
5432	-1	222	f	537	2024-02-27 22:19:28.510408+01
5433	-1	222	f	547	2024-02-27 22:19:28.510415+01
5434	-1	222	f	518	2024-02-27 22:19:28.510422+01
5435	-1	222	f	535	2024-02-27 22:19:28.51043+01
5436	-1	222	f	529	2024-02-27 22:19:28.510437+01
5437	-1	222	f	528	2024-02-27 22:19:28.510461+01
5438	-1	222	f	511	2024-02-27 22:19:28.510469+01
5439	-1	222	f	507	2024-02-27 22:19:28.510477+01
5440	-1	222	f	504	2024-02-27 22:19:28.510484+01
5441	-1	222	f	524	2024-02-27 22:19:28.510492+01
5442	-1	222	f	520	2024-02-27 22:19:28.5105+01
5443	-1	222	f	540	2024-02-27 22:19:28.510509+01
5444	-1	222	f	531	2024-02-27 22:19:28.510596+01
5445	-1	222	f	516	2024-02-27 22:19:28.51061+01
5446	-1	222	f	509	2024-02-27 22:19:28.510652+01
5447	-1	222	f	527	2024-02-27 22:19:28.51067+01
5448	-1	222	f	513	2024-02-27 22:19:28.510678+01
5449	-1	222	f	508	2024-02-27 22:19:28.510685+01
5450	-1	222	f	521	2024-02-27 22:19:28.510692+01
5451	-1	222	f	538	2024-02-27 22:19:28.5107+01
5452	-1	222	f	503	2024-02-27 22:19:28.510713+01
5453	-1	222	f	523	2024-02-27 22:19:28.51072+01
5454	-1	222	f	530	2024-02-27 22:19:28.510727+01
5455	-1	222	f	526	2024-02-27 22:19:28.510733+01
5456	-1	223	f	546	2024-02-28 08:58:08.152145+01
5457	-1	223	f	545	2024-02-28 08:58:08.152202+01
5458	-1	223	f	524	2024-02-28 08:58:08.152241+01
5459	-1	223	f	528	2024-02-28 08:58:08.152245+01
5460	-1	223	f	527	2024-02-28 08:58:08.152248+01
5461	-1	223	f	530	2024-02-28 08:58:08.152257+01
5462	-1	223	f	536	2024-02-28 08:58:08.152259+01
5463	-1	223	f	526	2024-02-28 08:58:08.152262+01
5464	-1	223	f	523	2024-02-28 08:58:08.152264+01
5465	-1	223	f	510	2024-02-28 08:58:08.152266+01
5466	-1	223	f	529	2024-02-28 08:58:08.152268+01
5467	-1	223	f	531	2024-02-28 08:58:08.15227+01
5468	-1	223	f	549	2024-02-28 08:58:08.152313+01
5469	-1	223	f	533	2024-02-28 08:58:08.152316+01
5470	-1	223	f	507	2024-02-28 08:58:08.152318+01
5471	-1	223	f	514	2024-02-28 08:58:08.152324+01
5472	-1	223	f	541	2024-02-28 08:58:08.152326+01
5473	-1	223	f	548	2024-02-28 08:58:08.152329+01
5474	-1	223	f	501	2024-02-28 08:58:08.152331+01
5475	-1	223	f	550	2024-02-28 08:58:08.152334+01
5476	-1	223	f	502	2024-02-28 08:58:08.178345+01
5477	-1	223	f	532	2024-02-28 08:58:08.178372+01
5478	-1	223	f	517	2024-02-28 08:58:08.178438+01
5479	-1	223	f	543	2024-02-28 08:58:08.178444+01
5480	-1	223	f	542	2024-02-28 08:58:08.178451+01
5481	-1	223	f	521	2024-02-28 08:58:08.178465+01
5482	-1	223	f	519	2024-02-28 08:58:08.17847+01
5483	-1	223	f	500	2024-02-28 08:58:08.178478+01
5484	-1	223	f	505	2024-02-28 08:58:08.178482+01
5485	-1	223	f	518	2024-02-28 08:58:08.178487+01
5486	-1	223	f	508	2024-02-28 08:58:08.178493+01
5487	-1	223	f	525	2024-02-28 08:58:08.178497+01
5488	-1	223	f	512	2024-02-28 08:58:08.178503+01
5489	-1	223	f	537	2024-02-28 08:58:08.178508+01
5490	-1	223	f	520	2024-02-28 08:58:08.178512+01
5491	-1	223	f	503	2024-02-28 08:58:08.178528+01
5492	-1	223	f	516	2024-02-28 08:58:08.178532+01
5493	-1	223	f	506	2024-02-28 08:58:08.178623+01
5494	-1	223	f	511	2024-02-28 08:58:08.178629+01
5495	-1	223	f	547	2024-02-28 08:58:08.178634+01
5496	-1	223	f	540	2024-02-28 08:58:08.178639+01
5497	-1	223	f	504	2024-02-28 08:58:08.178648+01
5498	-1	223	f	539	2024-02-28 08:58:08.178653+01
5499	-1	223	f	535	2024-02-28 08:58:08.178658+01
5500	-1	223	f	509	2024-02-28 08:58:08.178663+01
5501	-1	223	f	513	2024-02-28 08:58:08.178677+01
5502	-1	223	f	515	2024-02-28 08:58:08.178687+01
5503	-1	223	f	522	2024-02-28 08:58:08.178692+01
5504	-1	223	f	534	2024-02-28 08:58:08.178696+01
5505	-1	223	f	538	2024-02-28 08:58:08.178701+01
5506	-1	224	f	538	2024-02-28 08:58:48.336429+01
5507	-1	224	f	537	2024-02-28 08:58:48.336463+01
5508	-1	224	f	536	2024-02-28 08:58:48.336469+01
5509	-1	224	f	500	2024-02-28 08:58:48.336476+01
5510	-1	224	f	515	2024-02-28 08:58:48.336481+01
5511	-1	224	f	523	2024-02-28 08:58:48.336486+01
5512	-1	224	f	522	2024-02-28 08:58:48.336491+01
5513	-1	224	f	529	2024-02-28 08:58:48.336513+01
5514	-1	224	f	531	2024-02-28 08:58:48.336519+01
5515	-1	224	f	518	2024-02-28 08:58:48.336665+01
5516	-1	224	f	528	2024-02-28 08:58:48.336674+01
5517	-1	224	f	550	2024-02-28 08:58:48.33668+01
5518	-1	224	f	501	2024-02-28 08:58:48.336691+01
5519	-1	224	f	527	2024-02-28 08:58:48.336697+01
5520	-1	224	f	524	2024-02-28 08:58:48.336702+01
5521	-1	224	f	526	2024-02-28 08:58:48.336708+01
5522	-1	224	f	540	2024-02-28 08:58:48.336712+01
5523	-1	224	f	542	2024-02-28 08:58:48.336731+01
5524	-1	224	f	514	2024-02-28 08:58:48.336737+01
5525	-1	224	f	533	2024-02-28 08:58:48.336742+01
5526	-1	224	f	547	2024-02-28 08:58:48.336797+01
5527	-1	224	f	511	2024-02-28 08:58:48.336802+01
5528	-1	224	f	544	2024-02-28 08:58:48.336808+01
5529	-1	224	f	506	2024-02-28 08:58:48.336812+01
5530	-1	224	f	530	2024-02-28 08:58:48.336818+01
5531	-1	224	f	546	2024-02-28 08:58:48.336823+01
5532	-1	224	f	507	2024-02-28 08:58:48.336829+01
5533	-1	224	f	535	2024-02-28 08:58:48.336966+01
5534	-1	224	f	525	2024-02-28 08:58:48.336988+01
5535	-1	224	f	508	2024-02-28 08:58:48.336994+01
5536	-1	224	f	521	2024-02-28 08:58:48.336999+01
5537	-1	224	f	548	2024-02-28 08:58:48.337005+01
5538	-1	224	f	549	2024-02-28 08:58:48.337011+01
5539	-1	224	f	539	2024-02-28 08:58:48.337018+01
5540	-1	224	f	513	2024-02-28 08:58:48.337023+01
5541	-1	224	f	520	2024-02-28 08:58:48.337028+01
5542	-1	224	f	503	2024-02-28 08:58:48.337034+01
5543	-1	224	f	502	2024-02-28 08:58:48.337039+01
5544	-1	224	f	541	2024-02-28 08:58:48.337043+01
5545	-1	224	f	504	2024-02-28 08:58:48.337079+01
5546	-1	224	f	517	2024-02-28 08:58:48.337085+01
5547	-1	224	f	505	2024-02-28 08:58:48.33709+01
5548	-1	224	f	516	2024-02-28 08:58:48.337096+01
5549	-1	224	f	512	2024-02-28 08:58:48.3371+01
5550	-1	224	f	543	2024-02-28 08:58:48.337105+01
5551	-1	224	f	519	2024-02-28 08:58:48.337117+01
5552	-1	224	f	510	2024-02-28 08:58:48.337122+01
5553	-1	224	f	545	2024-02-28 08:58:48.337127+01
5554	-1	224	f	509	2024-02-28 08:58:48.337132+01
5555	-1	224	f	534	2024-02-28 08:58:48.337136+01
5556	1	225	f	524	2024-02-28 15:00:13.521945+01
5557	-1	225	f	526	2024-02-28 15:00:13.52198+01
5558	-1	225	f	501	2024-02-28 15:00:13.521983+01
5559	-1	225	f	542	2024-02-28 15:00:13.521986+01
5560	-1	225	f	525	2024-02-28 15:00:13.521989+01
5561	-1	225	f	516	2024-02-28 15:00:13.522366+01
5562	-1	225	f	532	2024-02-28 15:00:13.52237+01
5563	-1	225	f	541	2024-02-28 15:00:13.522398+01
5564	-1	225	f	530	2024-02-28 15:00:13.522403+01
5565	-1	225	f	510	2024-02-28 15:00:13.522405+01
5566	-1	225	f	518	2024-02-28 15:00:13.522407+01
5567	-1	225	f	502	2024-02-28 15:00:13.52241+01
5568	-1	225	f	515	2024-02-28 15:00:13.522412+01
5569	-1	225	f	514	2024-02-28 15:00:13.522413+01
5570	-1	225	f	513	2024-02-28 15:00:13.522415+01
5571	-1	225	f	533	2024-02-28 15:00:13.522595+01
5572	-1	225	f	549	2024-02-28 15:00:13.522598+01
5573	-1	225	f	517	2024-02-28 15:00:13.522601+01
5574	-1	225	f	527	2024-02-28 15:00:13.522603+01
5575	-1	225	f	546	2024-02-28 15:00:13.52263+01
5576	-1	225	f	519	2024-02-28 15:00:13.522634+01
5577	-1	225	f	540	2024-02-28 15:00:13.522636+01
5578	-1	225	f	544	2024-02-28 15:00:13.522641+01
5579	-1	225	f	500	2024-02-28 15:00:13.522643+01
5580	-1	225	f	543	2024-02-28 15:00:13.522645+01
5581	-1	225	f	534	2024-02-28 15:00:13.522671+01
5582	-1	225	f	503	2024-02-28 15:00:13.522673+01
5583	-1	225	f	550	2024-02-28 15:00:13.522675+01
5584	-1	225	f	539	2024-02-28 15:00:13.522679+01
5585	-1	225	f	522	2024-02-28 15:00:13.522681+01
5586	-1	225	f	538	2024-02-28 15:00:13.522683+01
5587	-1	225	f	528	2024-02-28 15:00:13.522687+01
5588	-1	225	f	505	2024-02-28 15:00:13.522689+01
5589	-1	225	f	506	2024-02-28 15:00:13.522691+01
5590	-1	225	f	509	2024-02-28 15:00:13.522693+01
5591	-1	225	f	529	2024-02-28 15:00:13.522695+01
5592	-1	225	f	547	2024-02-28 15:00:13.522697+01
5593	-1	225	f	504	2024-02-28 15:00:13.522699+01
5594	-1	225	f	536	2024-02-28 15:00:13.522701+01
5595	-1	225	f	508	2024-02-28 15:00:13.522745+01
5596	-1	225	f	545	2024-02-28 15:00:13.522748+01
5597	-1	225	f	548	2024-02-28 15:00:13.52275+01
5598	-1	225	f	507	2024-02-28 15:00:13.522755+01
5599	-1	225	f	537	2024-02-28 15:00:13.522756+01
5600	-1	225	f	512	2024-02-28 15:00:13.522758+01
5601	-1	225	f	511	2024-02-28 15:00:13.52276+01
5602	-1	225	f	521	2024-02-28 15:00:13.522762+01
5603	-1	225	f	523	2024-02-28 15:00:13.522765+01
5604	-1	225	f	531	2024-02-28 15:00:13.522767+01
5605	-1	225	f	535	2024-02-28 15:00:13.522774+01
5606	1	226	t	500	2024-02-28 18:30:40.467705+01
5607	0	226	t	544	2024-02-28 18:30:40.467776+01
5608	2	226	t	536	2024-02-28 18:30:40.467784+01
5609	1	226	t	540	2024-02-28 18:30:40.467795+01
5610	1	226	t	543	2024-02-28 18:30:40.467891+01
5611	0	226	t	506	2024-02-28 18:30:40.467956+01
5612	0	226	f	545	2024-02-28 18:30:40.467962+01
5613	1	226	t	548	2024-02-28 18:30:40.467968+01
5614	2	226	t	527	2024-02-28 18:30:40.467976+01
5615	0	226	t	524	2024-02-28 18:30:40.467982+01
5616	1	226	t	538	2024-02-28 18:30:40.467989+01
5617	1	226	t	537	2024-02-28 18:30:40.467994+01
5618	2	226	t	501	2024-02-28 18:30:40.468+01
5619	0	226	t	504	2024-02-28 18:30:40.468006+01
5620	0	226	t	509	2024-02-28 18:30:40.468012+01
5621	2	226	t	503	2024-02-28 18:30:40.468017+01
5622	0	226	t	513	2024-02-28 18:30:40.468031+01
5623	1	226	t	522	2024-02-28 18:30:40.468038+01
5624	1	226	t	530	2024-02-28 18:30:40.468043+01
5625	2	226	t	549	2024-02-28 18:30:40.468049+01
5626	1	226	t	529	2024-02-28 18:30:40.468056+01
5627	1	226	t	512	2024-02-28 18:30:40.5121+01
5628	2	226	t	514	2024-02-28 18:30:40.512114+01
5629	0	226	t	546	2024-02-28 18:30:40.512119+01
5630	0	226	t	542	2024-02-28 18:30:40.512125+01
5631	0	226	t	531	2024-02-28 18:30:40.512131+01
5632	1	226	t	550	2024-02-28 18:30:40.512161+01
5633	2	226	t	539	2024-02-28 18:30:40.51217+01
5634	1	226	t	520	2024-02-28 18:30:40.512175+01
5635	0	226	t	526	2024-02-28 18:30:40.51218+01
5636	1	226	t	502	2024-02-28 18:30:40.512184+01
5637	1	226	t	511	2024-02-28 18:30:40.51219+01
5638	0	226	t	532	2024-02-28 18:30:40.512195+01
5639	1	226	t	525	2024-02-28 18:30:40.512207+01
5640	2	226	t	519	2024-02-28 18:30:40.512213+01
5641	1	226	t	528	2024-02-28 18:30:40.51224+01
5642	1	226	t	507	2024-02-28 18:30:40.512246+01
5643	0	226	t	541	2024-02-28 18:30:40.51225+01
5644	1	226	t	508	2024-02-28 18:30:40.513346+01
5645	1	226	t	516	2024-02-28 18:30:40.513357+01
5646	1	226	t	518	2024-02-28 18:30:40.513362+01
5647	1	226	t	534	2024-02-28 18:30:40.51337+01
5648	2	226	t	523	2024-02-28 18:30:40.513375+01
5649	1	226	t	517	2024-02-28 18:30:40.51338+01
5650	0	226	t	547	2024-02-28 18:30:40.513385+01
5651	0	226	t	533	2024-02-28 18:30:40.51339+01
5652	1	226	t	505	2024-02-28 18:30:40.513404+01
5653	0	226	t	521	2024-02-28 18:30:40.513409+01
5654	0	226	t	510	2024-02-28 18:30:40.513415+01
5655	2	226	t	515	2024-02-28 18:30:40.51342+01
5656	-1	231	f	518	2024-02-28 20:24:43.8899+01
5657	-1	231	f	500	2024-02-28 20:24:43.890001+01
5658	-1	231	f	528	2024-02-28 20:24:43.890004+01
5659	-1	231	f	509	2024-02-28 20:24:43.890007+01
5660	-1	231	f	542	2024-02-28 20:24:43.890091+01
5661	-1	231	f	530	2024-02-28 20:24:43.890094+01
5662	-1	231	f	508	2024-02-28 20:24:43.890099+01
5663	-1	231	f	543	2024-02-28 20:24:43.890101+01
5664	-1	231	f	539	2024-02-28 20:24:43.890209+01
5665	-1	231	f	549	2024-02-28 20:24:43.890214+01
5666	-1	231	f	503	2024-02-28 20:24:43.890217+01
5667	-1	231	f	511	2024-02-28 20:24:43.912021+01
5668	-1	231	f	512	2024-02-28 20:24:43.912025+01
5669	-1	231	f	525	2024-02-28 20:24:43.912028+01
5670	-1	231	f	515	2024-02-28 20:24:43.91203+01
5671	-1	231	f	535	2024-02-28 20:24:43.912032+01
5672	-1	231	f	546	2024-02-28 20:24:43.912035+01
5673	-1	231	f	520	2024-02-28 20:24:43.912042+01
5674	-1	231	f	523	2024-02-28 20:24:43.912044+01
5675	-1	231	f	544	2024-02-28 20:24:43.912046+01
5676	-1	231	f	545	2024-02-28 20:24:43.937637+01
5677	-1	231	f	534	2024-02-28 20:24:43.938081+01
5678	-1	231	f	505	2024-02-28 20:24:43.938302+01
5679	-1	231	f	526	2024-02-28 20:24:43.938309+01
5680	-1	231	f	506	2024-02-28 20:24:43.938315+01
5681	-1	231	f	547	2024-02-28 20:24:43.93832+01
5682	-1	231	f	519	2024-02-28 20:24:43.938326+01
5683	-1	231	f	517	2024-02-28 20:24:43.938335+01
5684	-1	231	f	513	2024-02-28 20:24:43.938341+01
5685	-1	231	f	548	2024-02-28 20:24:43.938347+01
5686	-1	231	f	521	2024-02-28 20:24:43.938355+01
5687	-1	231	f	550	2024-02-28 20:24:43.938362+01
5688	-1	231	f	524	2024-02-28 20:24:43.938372+01
5689	-1	231	f	522	2024-02-28 20:24:43.961754+01
5690	-1	231	f	507	2024-02-28 20:24:43.96176+01
5691	-1	231	f	540	2024-02-28 20:24:43.961765+01
5692	-1	231	f	536	2024-02-28 20:24:43.961776+01
5693	-1	231	f	529	2024-02-28 20:24:43.961782+01
5694	-1	231	f	504	2024-02-28 20:24:43.961793+01
5695	-1	231	f	527	2024-02-28 20:24:43.961912+01
5696	-1	231	f	532	2024-02-28 20:24:43.96192+01
5697	-1	231	f	541	2024-02-28 20:24:43.961931+01
5698	-1	231	f	510	2024-02-28 20:24:43.985474+01
5699	-1	231	f	538	2024-02-28 20:24:43.985483+01
5700	-1	231	f	531	2024-02-28 20:24:43.985488+01
5701	-1	231	f	533	2024-02-28 20:24:43.985498+01
5702	-1	231	f	502	2024-02-28 20:24:43.985503+01
5703	-1	231	f	501	2024-02-28 20:24:43.985514+01
5704	-1	231	f	516	2024-02-28 20:24:43.985519+01
5705	-1	231	f	514	2024-02-28 20:24:43.985524+01
5706	-1	232	f	541	2024-02-28 20:25:31.590134+01
5707	-1	232	f	515	2024-02-28 20:25:31.590182+01
5708	-1	232	f	537	2024-02-28 20:25:31.590188+01
5709	-1	232	f	517	2024-02-28 20:25:31.590193+01
5710	-1	232	f	524	2024-02-28 20:25:31.590198+01
5711	-1	232	f	501	2024-02-28 20:25:31.590204+01
5712	-1	232	f	519	2024-02-28 20:25:31.59021+01
5713	-1	232	f	534	2024-02-28 20:25:31.590215+01
5714	-1	232	f	547	2024-02-28 20:25:31.590221+01
5715	-1	232	f	542	2024-02-28 20:25:31.590225+01
5716	-1	232	f	505	2024-02-28 20:25:31.590237+01
5717	-1	232	f	535	2024-02-28 20:25:31.590242+01
5718	-1	232	f	504	2024-02-28 20:25:31.590247+01
5719	-1	232	f	500	2024-02-28 20:25:31.590252+01
5720	-1	232	f	550	2024-02-28 20:25:31.590256+01
5721	-1	232	f	514	2024-02-28 20:25:31.590262+01
5722	-1	232	f	531	2024-02-28 20:25:31.59032+01
5723	-1	232	f	539	2024-02-28 20:25:31.590329+01
5724	-1	232	f	513	2024-02-28 20:25:31.590334+01
5725	-1	232	f	512	2024-02-28 20:25:31.590362+01
5726	-1	232	f	549	2024-02-28 20:25:31.590368+01
5727	-1	232	f	536	2024-02-28 20:25:31.590373+01
5728	-1	232	f	532	2024-02-28 20:25:31.590378+01
5729	-1	232	f	528	2024-02-28 20:25:31.590386+01
5730	-1	232	f	510	2024-02-28 20:25:31.590391+01
5731	-1	232	f	548	2024-02-28 20:25:31.591417+01
5732	-1	232	f	533	2024-02-28 20:25:31.59143+01
5733	-1	232	f	544	2024-02-28 20:25:31.591436+01
5734	-1	232	f	522	2024-02-28 20:25:31.591441+01
5735	-1	232	f	527	2024-02-28 20:25:31.591446+01
5736	-1	232	f	525	2024-02-28 20:25:31.591451+01
5737	-1	232	f	540	2024-02-28 20:25:31.591458+01
5738	-1	232	f	507	2024-02-28 20:25:31.591466+01
5739	-1	232	f	526	2024-02-28 20:25:31.591471+01
5740	-1	232	f	529	2024-02-28 20:25:31.591476+01
5741	-1	232	f	511	2024-02-28 20:25:31.59148+01
5742	-1	232	f	530	2024-02-28 20:25:31.591499+01
5743	-1	232	f	520	2024-02-28 20:25:31.591504+01
5744	-1	232	f	538	2024-02-28 20:25:31.591531+01
5745	-1	232	f	523	2024-02-28 20:25:31.591536+01
5746	-1	232	f	546	2024-02-28 20:25:31.591541+01
5747	-1	232	f	502	2024-02-28 20:25:31.591547+01
5748	-1	232	f	543	2024-02-28 20:25:31.591552+01
5749	-1	232	f	516	2024-02-28 20:25:31.591559+01
5750	-1	232	f	508	2024-02-28 20:25:31.591563+01
5751	-1	232	f	518	2024-02-28 20:25:31.591567+01
5752	-1	232	f	509	2024-02-28 20:25:31.591572+01
5753	-1	232	f	506	2024-02-28 20:25:31.591584+01
5754	-1	232	f	545	2024-02-28 20:25:31.591588+01
5755	-1	232	f	503	2024-02-28 20:25:31.591593+01
5756	-1	233	f	500	2024-02-28 20:27:39.063226+01
5757	-1	233	f	515	2024-02-28 20:27:39.063336+01
5758	-1	233	f	539	2024-02-28 20:27:39.063342+01
5759	-1	233	f	502	2024-02-28 20:27:39.063347+01
5760	-1	233	f	518	2024-02-28 20:27:39.063352+01
5761	-1	233	f	514	2024-02-28 20:27:39.063357+01
5762	-1	233	f	510	2024-02-28 20:27:39.063362+01
5763	-1	233	f	511	2024-02-28 20:27:39.063372+01
5764	-1	233	f	531	2024-02-28 20:27:39.063377+01
5765	-1	233	f	532	2024-02-28 20:27:39.063404+01
5766	-1	233	f	546	2024-02-28 20:27:39.063412+01
5767	-1	233	f	507	2024-02-28 20:27:39.063419+01
5768	-1	233	f	533	2024-02-28 20:27:39.063423+01
5769	-1	233	f	526	2024-02-28 20:27:39.063428+01
5770	-1	233	f	505	2024-02-28 20:27:39.063433+01
5771	-1	233	f	529	2024-02-28 20:27:39.063437+01
5772	-1	233	f	520	2024-02-28 20:27:39.063442+01
5773	-1	233	f	537	2024-02-28 20:27:39.063451+01
5774	-1	233	f	521	2024-02-28 20:27:39.063456+01
5775	-1	233	f	524	2024-02-28 20:27:39.063492+01
5776	-1	233	f	530	2024-02-28 20:27:39.063498+01
5777	-1	233	f	516	2024-02-28 20:27:39.063502+01
5778	-1	233	f	517	2024-02-28 20:27:39.063508+01
5779	-1	233	f	543	2024-02-28 20:27:39.063513+01
5780	-1	233	f	550	2024-02-28 20:27:39.063524+01
5781	-1	233	f	540	2024-02-28 20:27:39.06353+01
5782	-1	233	f	504	2024-02-28 20:27:39.063537+01
5783	-1	233	f	523	2024-02-28 20:27:39.063546+01
5784	-1	233	f	544	2024-02-28 20:27:39.063551+01
5785	-1	233	f	534	2024-02-28 20:27:39.063555+01
5786	-1	233	f	519	2024-02-28 20:27:39.06356+01
5787	-1	233	f	538	2024-02-28 20:27:39.063565+01
5788	-1	233	f	506	2024-02-28 20:27:39.063571+01
5789	-1	233	f	503	2024-02-28 20:27:39.063575+01
5790	-1	233	f	525	2024-02-28 20:27:39.063579+01
5791	-1	233	f	509	2024-02-28 20:27:39.063585+01
5792	-1	233	f	542	2024-02-28 20:27:39.063589+01
5793	-1	233	f	545	2024-02-28 20:27:39.063595+01
5794	-1	233	f	513	2024-02-28 20:27:39.095504+01
5795	-1	233	f	528	2024-02-28 20:27:39.095513+01
5796	-1	233	f	508	2024-02-28 20:27:39.095519+01
5797	-1	233	f	541	2024-02-28 20:27:39.095523+01
5798	-1	233	f	547	2024-02-28 20:27:39.095534+01
5799	-1	233	f	522	2024-02-28 20:27:39.095545+01
5800	-1	233	f	548	2024-02-28 20:27:39.09555+01
5801	-1	233	f	512	2024-02-28 20:27:39.095556+01
5802	-1	233	f	501	2024-02-28 20:27:39.095561+01
5803	-1	233	f	535	2024-02-28 20:27:39.095566+01
5804	-1	233	f	536	2024-02-28 20:27:39.095571+01
5805	-1	233	f	527	2024-02-28 20:27:39.095586+01
5806	-1	234	f	532	2024-02-28 20:27:53.721122+01
5807	-1	234	f	508	2024-02-28 20:27:53.722307+01
5808	-1	234	f	502	2024-02-28 20:27:53.722316+01
5809	-1	234	f	516	2024-02-28 20:27:53.722321+01
5810	-1	234	f	542	2024-02-28 20:27:53.722326+01
5811	-1	234	f	524	2024-02-28 20:27:53.722332+01
5812	-1	234	f	520	2024-02-28 20:27:53.722338+01
5813	-1	234	f	507	2024-02-28 20:27:53.722344+01
5814	-1	234	f	529	2024-02-28 20:27:53.722348+01
5815	-1	234	f	500	2024-02-28 20:27:53.722353+01
5816	-1	234	f	545	2024-02-28 20:27:53.722358+01
5817	-1	234	f	512	2024-02-28 20:27:53.722656+01
5818	-1	234	f	509	2024-02-28 20:27:53.722663+01
5819	-1	234	f	537	2024-02-28 20:27:53.722667+01
5820	-1	234	f	528	2024-02-28 20:27:53.722672+01
5821	-1	234	f	540	2024-02-28 20:27:53.722677+01
5822	-1	234	f	522	2024-02-28 20:27:53.722684+01
5823	-1	234	f	519	2024-02-28 20:27:53.72269+01
5824	-1	234	f	525	2024-02-28 20:27:53.722696+01
5825	-1	234	f	513	2024-02-28 20:27:53.722718+01
5826	-1	234	f	517	2024-02-28 20:27:53.722723+01
5827	-1	234	f	506	2024-02-28 20:27:53.722728+01
5828	-1	234	f	531	2024-02-28 20:27:53.723023+01
5829	-1	234	f	518	2024-02-28 20:27:53.723033+01
5830	-1	234	f	504	2024-02-28 20:27:53.723039+01
5831	-1	234	f	527	2024-02-28 20:27:53.723131+01
5832	-1	234	f	541	2024-02-28 20:27:53.723137+01
5833	-1	234	f	536	2024-02-28 20:27:53.723145+01
5834	-1	234	f	533	2024-02-28 20:27:53.72315+01
5835	-1	234	f	539	2024-02-28 20:27:53.723156+01
5836	-1	234	f	538	2024-02-28 20:27:53.72316+01
5837	-1	234	f	535	2024-02-28 20:27:53.723165+01
5838	-1	234	f	515	2024-02-28 20:27:53.723395+01
5839	-1	234	f	534	2024-02-28 20:27:53.723401+01
5840	-1	234	f	544	2024-02-28 20:27:53.723407+01
5841	-1	234	f	526	2024-02-28 20:27:53.723411+01
5842	-1	234	f	550	2024-02-28 20:27:53.723416+01
5843	-1	234	f	511	2024-02-28 20:27:53.723422+01
5844	-1	234	f	521	2024-02-28 20:27:53.723441+01
5845	-1	234	f	546	2024-02-28 20:27:53.723447+01
5846	-1	234	f	510	2024-02-28 20:27:53.723453+01
5847	-1	234	f	514	2024-02-28 20:27:53.723457+01
5848	-1	234	f	523	2024-02-28 20:27:53.723462+01
5849	-1	234	f	530	2024-02-28 20:27:53.723675+01
5850	-1	234	f	543	2024-02-28 20:27:53.723679+01
5851	-1	234	f	549	2024-02-28 20:27:53.723687+01
5852	-1	234	f	503	2024-02-28 20:27:53.723692+01
5853	-1	234	f	547	2024-02-28 20:27:53.723696+01
5854	-1	234	f	548	2024-02-28 20:27:53.723701+01
5855	-1	234	f	501	2024-02-28 20:27:53.723707+01
5856	-1	235	f	539	2024-02-28 20:28:28.065088+01
5857	-1	235	f	509	2024-02-28 20:28:28.065103+01
5858	-1	235	f	517	2024-02-28 20:28:28.065106+01
5859	-1	235	f	536	2024-02-28 20:28:28.065109+01
5860	-1	235	f	549	2024-02-28 20:28:28.065112+01
5861	-1	235	f	531	2024-02-28 20:28:28.065115+01
5862	-1	235	f	514	2024-02-28 20:28:28.065134+01
5863	-1	235	f	550	2024-02-28 20:28:28.065137+01
5864	-1	235	f	532	2024-02-28 20:28:28.065139+01
5865	-1	235	f	521	2024-02-28 20:28:28.065143+01
5866	-1	235	f	506	2024-02-28 20:28:28.065146+01
5867	-1	235	f	518	2024-02-28 20:28:28.065148+01
5868	-1	235	f	546	2024-02-28 20:28:28.06515+01
5869	-1	235	f	512	2024-02-28 20:28:28.065153+01
5870	-1	235	f	529	2024-02-28 20:28:28.065157+01
5871	-1	235	f	535	2024-02-28 20:28:28.065159+01
5872	-1	235	f	545	2024-02-28 20:28:28.065162+01
5873	-1	235	f	543	2024-02-28 20:28:28.065164+01
5874	-1	235	f	507	2024-02-28 20:28:28.065172+01
5875	-1	235	f	533	2024-02-28 20:28:28.065175+01
5876	-1	235	f	502	2024-02-28 20:28:28.065177+01
5877	-1	235	f	519	2024-02-28 20:28:28.065179+01
5878	-1	235	f	544	2024-02-28 20:28:28.065182+01
5879	-1	235	f	528	2024-02-28 20:28:28.065183+01
5880	-1	235	f	520	2024-02-28 20:28:28.065186+01
5881	-1	235	f	525	2024-02-28 20:28:28.06519+01
5882	-1	235	f	500	2024-02-28 20:28:28.065192+01
5883	-1	235	f	508	2024-02-28 20:28:28.065194+01
5884	-1	235	f	523	2024-02-28 20:28:28.065196+01
5885	-1	235	f	537	2024-02-28 20:28:28.065198+01
5886	-1	235	f	501	2024-02-28 20:28:28.0652+01
5887	-1	235	f	540	2024-02-28 20:28:28.065203+01
5888	-1	235	f	534	2024-02-28 20:28:28.065206+01
5889	-1	235	f	515	2024-02-28 20:28:28.065208+01
5890	-1	235	f	530	2024-02-28 20:28:28.06521+01
5891	-1	235	f	516	2024-02-28 20:28:28.065211+01
5892	-1	235	f	541	2024-02-28 20:28:28.065217+01
5893	-1	235	f	513	2024-02-28 20:28:28.06522+01
5894	-1	235	f	548	2024-02-28 20:28:28.065228+01
5895	-1	235	f	504	2024-02-28 20:28:28.06523+01
5896	-1	235	f	503	2024-02-28 20:28:28.065232+01
5897	-1	235	f	538	2024-02-28 20:28:28.065234+01
5898	-1	235	f	542	2024-02-28 20:28:28.065236+01
5899	-1	235	f	510	2024-02-28 20:28:28.065239+01
5900	-1	235	f	505	2024-02-28 20:28:28.065241+01
5901	-1	235	f	527	2024-02-28 20:28:28.065243+01
5902	-1	235	f	522	2024-02-28 20:28:28.065245+01
5903	-1	235	f	511	2024-02-28 20:28:28.065248+01
5904	-1	235	f	547	2024-02-28 20:28:28.06525+01
5905	-1	235	f	524	2024-02-28 20:28:28.065252+01
5906	-1	236	f	506	2024-02-28 20:29:51.90125+01
5907	-1	236	f	513	2024-02-28 20:29:51.901329+01
5908	-1	236	f	542	2024-02-28 20:29:51.901337+01
5909	-1	236	f	547	2024-02-28 20:29:51.901393+01
5910	-1	236	f	511	2024-02-28 20:29:51.9014+01
5911	-1	236	f	543	2024-02-28 20:29:51.901407+01
5912	-1	236	f	509	2024-02-28 20:29:51.901418+01
5913	-1	236	f	540	2024-02-28 20:29:51.901424+01
5914	-1	236	f	529	2024-02-28 20:29:51.901443+01
5915	-1	236	f	521	2024-02-28 20:29:51.901449+01
5916	-1	236	f	515	2024-02-28 20:29:51.901456+01
5917	-1	236	f	531	2024-02-28 20:29:51.901461+01
5918	-1	236	f	519	2024-02-28 20:29:51.901614+01
5919	-1	236	f	550	2024-02-28 20:29:51.901623+01
5920	-1	236	f	514	2024-02-28 20:29:51.901647+01
5921	-1	236	f	541	2024-02-28 20:29:51.901653+01
5922	-1	236	f	516	2024-02-28 20:29:51.901661+01
5923	-1	236	f	510	2024-02-28 20:29:51.901675+01
5924	-1	236	f	520	2024-02-28 20:29:51.901681+01
5925	-1	236	f	504	2024-02-28 20:29:51.901711+01
5926	-1	236	f	525	2024-02-28 20:29:51.901717+01
5927	-1	236	f	507	2024-02-28 20:29:51.901724+01
5928	-1	236	f	530	2024-02-28 20:29:51.901731+01
5929	-1	236	f	501	2024-02-28 20:29:51.901736+01
5930	-1	236	f	532	2024-02-28 20:29:51.901742+01
5931	-1	236	f	548	2024-02-28 20:29:51.901754+01
5932	-1	236	f	508	2024-02-28 20:29:51.90176+01
5933	-1	236	f	518	2024-02-28 20:29:51.901765+01
5934	-1	236	f	517	2024-02-28 20:29:51.902041+01
5935	-1	236	f	505	2024-02-28 20:29:51.902065+01
5936	-1	236	f	500	2024-02-28 20:29:51.90214+01
5937	-1	236	f	539	2024-02-28 20:29:51.902147+01
5938	-1	236	f	534	2024-02-28 20:29:51.902152+01
5939	-1	236	f	522	2024-02-28 20:29:51.902161+01
5940	-1	236	f	527	2024-02-28 20:29:51.902167+01
5941	-1	236	f	503	2024-02-28 20:29:51.902173+01
5942	-1	236	f	549	2024-02-28 20:29:51.902178+01
5943	-1	236	f	523	2024-02-28 20:29:51.902185+01
5944	-1	236	f	526	2024-02-28 20:29:51.902408+01
5945	-1	236	f	546	2024-02-28 20:29:51.902424+01
5946	-1	236	f	535	2024-02-28 20:29:51.902431+01
5947	-1	236	f	502	2024-02-28 20:29:51.902438+01
5948	-1	236	f	538	2024-02-28 20:29:51.902444+01
5949	-1	236	f	545	2024-02-28 20:29:51.902577+01
5950	-1	236	f	536	2024-02-28 20:29:51.902584+01
5951	-1	236	f	537	2024-02-28 20:29:51.902593+01
5952	-1	236	f	533	2024-02-28 20:29:51.902598+01
5953	-1	236	f	524	2024-02-28 20:29:51.902605+01
5954	-1	236	f	528	2024-02-28 20:29:51.90261+01
5955	-1	236	f	512	2024-02-28 20:29:51.902616+01
5956	-1	237	f	519	2024-02-28 20:36:41.199829+01
5957	-1	237	f	531	2024-02-28 20:36:41.226057+01
5958	-1	237	f	536	2024-02-28 20:36:41.22611+01
5959	-1	237	f	507	2024-02-28 20:36:41.226129+01
5960	1	237	t	538	2024-02-28 20:36:41.226135+01
5961	-1	237	f	545	2024-02-28 20:36:41.22614+01
5962	-1	237	f	542	2024-02-28 20:36:41.226145+01
5963	-1	237	f	533	2024-02-28 20:36:41.226152+01
5964	-1	237	f	501	2024-02-28 20:36:41.226158+01
5965	-1	237	f	546	2024-02-28 20:36:41.226164+01
5966	-1	237	f	522	2024-02-28 20:36:41.22617+01
5967	-1	237	f	529	2024-02-28 20:36:41.226174+01
5968	-1	237	f	520	2024-02-28 20:36:41.226179+01
5969	-1	237	f	532	2024-02-28 20:36:41.226184+01
5970	-1	237	f	547	2024-02-28 20:36:41.226199+01
5971	-1	237	f	521	2024-02-28 20:36:41.226204+01
5972	-1	237	f	517	2024-02-28 20:36:41.226209+01
5973	-1	237	f	505	2024-02-28 20:36:41.226254+01
5974	-1	237	f	500	2024-02-28 20:36:41.226262+01
5975	-1	237	f	525	2024-02-28 20:36:41.226267+01
5976	-1	237	f	502	2024-02-28 20:36:41.226272+01
5977	-1	237	f	518	2024-02-28 20:36:41.226277+01
5978	-1	237	f	550	2024-02-28 20:36:41.226282+01
5979	-1	237	f	530	2024-02-28 20:36:41.226296+01
5980	-1	237	f	543	2024-02-28 20:36:41.2263+01
5981	-1	237	f	528	2024-02-28 20:36:41.226307+01
5982	-1	237	f	509	2024-02-28 20:36:41.226312+01
5983	-1	237	f	515	2024-02-28 20:36:41.226317+01
5984	-1	237	f	503	2024-02-28 20:36:41.226321+01
5985	-1	237	f	508	2024-02-28 20:36:41.226326+01
5986	-1	237	f	539	2024-02-28 20:36:41.22633+01
5987	-1	237	f	512	2024-02-28 20:36:41.226335+01
5988	-1	237	f	516	2024-02-28 20:36:41.226339+01
5989	-1	237	f	506	2024-02-28 20:36:41.226344+01
5990	-1	237	f	514	2024-02-28 20:36:41.226348+01
5991	-1	237	f	549	2024-02-28 20:36:41.226352+01
5992	-1	237	f	540	2024-02-28 20:36:41.226368+01
5993	-1	237	f	535	2024-02-28 20:36:41.226497+01
5994	-1	237	f	524	2024-02-28 20:36:41.226506+01
5995	-1	237	f	537	2024-02-28 20:36:41.226511+01
5996	-1	237	f	504	2024-02-28 20:36:41.226516+01
5997	-1	237	f	541	2024-02-28 20:36:41.226523+01
5998	-1	237	f	513	2024-02-28 20:36:41.226531+01
5999	-1	237	f	510	2024-02-28 20:36:41.226536+01
6000	-1	237	f	544	2024-02-28 20:36:41.226541+01
6001	-1	237	f	526	2024-02-28 20:36:41.226545+01
6002	-1	237	f	527	2024-02-28 20:36:41.226549+01
6003	-1	237	f	534	2024-02-28 20:36:41.226554+01
6004	-1	237	f	523	2024-02-28 20:36:41.226568+01
6005	-1	237	f	511	2024-02-28 20:36:41.226573+01
6006	1	238	t	550	2024-02-28 21:49:25.724662+01
6007	-1	238	f	539	2024-02-28 21:49:25.724834+01
6008	-1	238	f	544	2024-02-28 21:49:25.724837+01
6009	-1	238	f	503	2024-02-28 21:49:25.724839+01
6010	-1	238	f	519	2024-02-28 21:49:25.724841+01
6011	-1	238	f	518	2024-02-28 21:49:25.724849+01
6012	-1	238	f	501	2024-02-28 21:49:25.724852+01
6013	-1	238	f	530	2024-02-28 21:49:25.724854+01
6014	-1	238	f	526	2024-02-28 21:49:25.724856+01
6015	-1	238	f	511	2024-02-28 21:49:25.724858+01
6016	-1	238	f	513	2024-02-28 21:49:25.72486+01
6017	-1	238	f	548	2024-02-28 21:49:25.724863+01
6018	-1	238	f	537	2024-02-28 21:49:25.724866+01
6019	-1	238	f	535	2024-02-28 21:49:25.724867+01
6020	-1	238	f	522	2024-02-28 21:49:25.72487+01
6021	-1	238	f	531	2024-02-28 21:49:25.724872+01
6022	-1	238	f	504	2024-02-28 21:49:25.724878+01
6023	-1	238	f	500	2024-02-28 21:49:25.724881+01
6024	-1	238	f	538	2024-02-28 21:49:25.724883+01
6025	-1	238	f	540	2024-02-28 21:49:25.724884+01
6026	-1	238	f	521	2024-02-28 21:49:25.724887+01
6027	-1	238	f	536	2024-02-28 21:49:25.72489+01
6028	-1	238	f	505	2024-02-28 21:49:25.724893+01
6029	-1	238	f	509	2024-02-28 21:49:25.724895+01
6030	-1	238	f	547	2024-02-28 21:49:25.724897+01
6031	-1	238	f	507	2024-02-28 21:49:25.724915+01
6032	-1	238	f	517	2024-02-28 21:49:25.724917+01
6033	-1	238	f	512	2024-02-28 21:49:25.724919+01
6034	-1	238	f	516	2024-02-28 21:49:25.724952+01
6035	-1	238	f	545	2024-02-28 21:49:25.724955+01
6036	-1	238	f	506	2024-02-28 21:49:25.724958+01
6037	-1	238	f	525	2024-02-28 21:49:25.724961+01
6038	-1	238	f	510	2024-02-28 21:49:25.724964+01
6039	-1	238	f	549	2024-02-28 21:49:25.724971+01
6040	-1	238	f	527	2024-02-28 21:49:25.724974+01
6041	-1	238	f	543	2024-02-28 21:49:25.724976+01
6042	-1	238	f	528	2024-02-28 21:49:25.72498+01
6043	-1	238	f	523	2024-02-28 21:49:25.724988+01
6044	-1	238	f	514	2024-02-28 21:49:25.72499+01
6045	-1	238	f	508	2024-02-28 21:49:25.724992+01
6046	-1	238	f	515	2024-02-28 21:49:25.724994+01
6047	-1	238	f	529	2024-02-28 21:49:25.724996+01
6048	-1	238	f	532	2024-02-28 21:49:25.724998+01
6049	-1	238	f	541	2024-02-28 21:49:25.725001+01
6050	-1	238	f	546	2024-02-28 21:49:25.725006+01
6051	-1	238	f	502	2024-02-28 21:49:25.725009+01
6052	-1	238	f	524	2024-02-28 21:49:25.725011+01
6053	-1	238	f	542	2024-02-28 21:49:25.725012+01
6054	-1	238	f	534	2024-02-28 21:49:25.725015+01
6055	-1	238	f	520	2024-02-28 21:49:25.725018+01
6056	-1	239	f	547	2024-02-28 21:49:43.348582+01
6057	-1	239	f	543	2024-02-28 21:49:43.348693+01
6058	-1	239	f	503	2024-02-28 21:49:43.34917+01
6059	-1	239	f	534	2024-02-28 21:49:43.349195+01
6060	-1	239	f	512	2024-02-28 21:49:43.349207+01
6061	-1	239	f	537	2024-02-28 21:49:43.349218+01
6062	-1	239	f	523	2024-02-28 21:49:43.349227+01
6063	-1	239	f	506	2024-02-28 21:49:43.349237+01
6064	-1	239	f	501	2024-02-28 21:49:43.349249+01
6065	-1	239	f	517	2024-02-28 21:49:43.34926+01
6066	-1	239	f	533	2024-02-28 21:49:43.349271+01
6067	-1	239	f	548	2024-02-28 21:49:43.349282+01
6068	-1	239	f	522	2024-02-28 21:49:43.349294+01
6069	-1	239	f	536	2024-02-28 21:49:43.34968+01
6070	-1	239	f	525	2024-02-28 21:49:43.349698+01
6071	-1	239	f	532	2024-02-28 21:49:43.349711+01
6072	-1	239	f	521	2024-02-28 21:49:43.349746+01
6073	-1	239	f	527	2024-02-28 21:49:43.349758+01
6074	-1	239	f	513	2024-02-28 21:49:43.349773+01
6075	-1	239	f	504	2024-02-28 21:49:43.349783+01
6076	-1	239	f	502	2024-02-28 21:49:43.349793+01
6077	-1	239	f	500	2024-02-28 21:49:43.349803+01
6078	-1	239	f	550	2024-02-28 21:49:43.349812+01
6079	-1	239	f	530	2024-02-28 21:49:43.349825+01
6080	-1	239	f	531	2024-02-28 21:49:43.350202+01
6081	-1	239	f	538	2024-02-28 21:49:43.357449+01
6082	-1	239	f	535	2024-02-28 21:49:43.35746+01
6083	-1	239	f	514	2024-02-28 21:49:43.357468+01
6084	-1	239	f	540	2024-02-28 21:49:43.357476+01
6085	-1	239	f	507	2024-02-28 21:49:43.357492+01
6086	-1	239	f	515	2024-02-28 21:49:43.3575+01
6087	-1	239	f	509	2024-02-28 21:49:43.357507+01
6088	-1	239	f	518	2024-02-28 21:49:43.357514+01
6089	-1	239	f	520	2024-02-28 21:49:43.357522+01
6090	-1	239	f	529	2024-02-28 21:49:43.35753+01
6091	-1	239	f	508	2024-02-28 21:49:43.35756+01
6092	-1	239	f	549	2024-02-28 21:49:43.357567+01
6093	-1	239	f	510	2024-02-28 21:49:43.357575+01
6094	-1	239	f	505	2024-02-28 21:49:43.357582+01
6095	-1	239	f	516	2024-02-28 21:49:43.35759+01
6096	-1	239	f	544	2024-02-28 21:49:43.357597+01
6097	-1	239	f	528	2024-02-28 21:49:43.357608+01
6098	-1	239	f	542	2024-02-28 21:49:43.357616+01
6099	-1	239	f	511	2024-02-28 21:49:43.358368+01
6100	-1	239	f	546	2024-02-28 21:49:43.358376+01
6101	-1	239	f	526	2024-02-28 21:49:43.358384+01
6102	-1	239	f	524	2024-02-28 21:49:43.359107+01
6103	-1	239	f	519	2024-02-28 21:49:43.359114+01
6104	-1	239	f	541	2024-02-28 21:49:43.359121+01
6105	-1	239	f	539	2024-02-28 21:49:43.360515+01
6106	-1	240	f	549	2024-02-29 08:02:43.570659+01
6107	-1	240	f	516	2024-02-29 08:02:43.608824+01
6108	-1	240	f	500	2024-02-29 08:02:43.608832+01
6109	-1	240	f	547	2024-02-29 08:02:43.608837+01
6110	-1	240	f	513	2024-02-29 08:02:43.608901+01
6111	-1	240	f	508	2024-02-29 08:02:43.608909+01
6112	-1	240	f	526	2024-02-29 08:02:43.608953+01
6113	-1	240	f	515	2024-02-29 08:02:43.608959+01
6114	-1	240	f	531	2024-02-29 08:02:43.608964+01
6115	-1	240	f	505	2024-02-29 08:02:43.631048+01
6116	-1	240	f	514	2024-02-29 08:02:43.631069+01
6117	-1	240	f	544	2024-02-29 08:02:43.631176+01
6118	-1	240	f	524	2024-02-29 08:02:43.631294+01
6119	-1	240	f	542	2024-02-29 08:02:43.631297+01
6120	-1	240	f	523	2024-02-29 08:02:43.6313+01
6121	-1	240	f	540	2024-02-29 08:02:43.631307+01
6122	-1	240	f	537	2024-02-29 08:02:43.631315+01
6123	-1	240	f	546	2024-02-29 08:02:43.631317+01
6124	-1	240	f	539	2024-02-29 08:02:43.661266+01
6125	-1	240	f	528	2024-02-29 08:02:43.661283+01
6126	-1	240	f	530	2024-02-29 08:02:43.661689+01
6127	-1	240	f	502	2024-02-29 08:02:43.661936+01
6128	-1	240	f	527	2024-02-29 08:02:43.684946+01
6129	-1	240	f	504	2024-02-29 08:02:43.684953+01
6130	-1	240	f	533	2024-02-29 08:02:43.684959+01
6131	-1	240	f	525	2024-02-29 08:02:43.684965+01
6132	-1	240	f	501	2024-02-29 08:02:43.684971+01
6133	-1	240	f	503	2024-02-29 08:02:43.685032+01
6134	-1	240	f	507	2024-02-29 08:02:43.685037+01
6135	-1	240	f	511	2024-02-29 08:02:43.685042+01
6136	-1	240	f	541	2024-02-29 08:02:43.685047+01
6137	-1	240	f	532	2024-02-29 08:02:43.685378+01
6138	-1	240	f	512	2024-02-29 08:02:43.685649+01
6139	-1	240	f	535	2024-02-29 08:02:43.708719+01
6140	-1	240	f	522	2024-02-29 08:02:43.708725+01
6141	-1	240	f	550	2024-02-29 08:02:43.708731+01
6142	-1	240	f	520	2024-02-29 08:02:43.708773+01
6143	-1	240	f	538	2024-02-29 08:02:43.708785+01
6144	-1	240	f	545	2024-02-29 08:02:43.70879+01
6145	-1	240	f	534	2024-02-29 08:02:43.708836+01
6146	-1	240	f	510	2024-02-29 08:02:43.708986+01
6147	-1	240	f	543	2024-02-29 08:02:43.708991+01
6148	-1	240	f	509	2024-02-29 08:02:43.709283+01
6149	-1	240	f	517	2024-02-29 08:02:43.735939+01
6150	-1	240	f	536	2024-02-29 08:02:43.736269+01
6151	-1	240	f	518	2024-02-29 08:02:43.736276+01
6152	-1	240	f	548	2024-02-29 08:02:43.736282+01
6153	-1	240	f	506	2024-02-29 08:02:43.736289+01
6154	-1	240	f	519	2024-02-29 08:02:43.736889+01
6155	-1	240	f	521	2024-02-29 08:02:43.736896+01
6156	-1	241	f	549	2024-02-29 15:48:49.56606+01
6157	-1	241	f	516	2024-02-29 15:48:49.569278+01
6158	-1	241	f	500	2024-02-29 15:48:49.569292+01
6159	-1	241	f	547	2024-02-29 15:48:49.569298+01
6160	-1	241	f	513	2024-02-29 15:48:49.569306+01
6161	-1	241	f	508	2024-02-29 15:48:49.569315+01
6162	-1	241	f	526	2024-02-29 15:48:49.569319+01
6163	-1	241	f	515	2024-02-29 15:48:49.569323+01
6164	-1	241	f	531	2024-02-29 15:48:49.569329+01
6165	-1	241	f	505	2024-02-29 15:48:49.569358+01
6166	-1	241	f	514	2024-02-29 15:48:49.569368+01
6167	-1	241	f	544	2024-02-29 15:48:49.569373+01
6168	-1	241	f	524	2024-02-29 15:48:49.569376+01
6169	-1	241	f	542	2024-02-29 15:48:49.569381+01
6170	-1	241	f	523	2024-02-29 15:48:49.569388+01
6171	-1	241	f	540	2024-02-29 15:48:49.569398+01
6172	-1	241	f	537	2024-02-29 15:48:49.569404+01
6173	-1	241	f	546	2024-02-29 15:48:49.569408+01
6174	-1	241	f	539	2024-02-29 15:48:49.569413+01
6175	-1	241	f	528	2024-02-29 15:48:49.569417+01
6176	-1	241	f	530	2024-02-29 15:48:49.569445+01
6177	-1	241	f	502	2024-02-29 15:48:49.56945+01
6178	-1	241	f	527	2024-02-29 15:48:49.569453+01
6179	-1	241	f	504	2024-02-29 15:48:49.569457+01
6180	-1	241	f	533	2024-02-29 15:48:49.569461+01
6181	-1	241	f	525	2024-02-29 15:48:49.569465+01
6182	-1	241	f	501	2024-02-29 15:48:49.569472+01
6183	-1	241	f	503	2024-02-29 15:48:49.569477+01
6184	-1	241	f	507	2024-02-29 15:48:49.56948+01
6185	-1	241	f	511	2024-02-29 15:48:49.569484+01
6186	-1	241	f	541	2024-02-29 15:48:49.569488+01
6187	-1	241	f	532	2024-02-29 15:48:49.569494+01
6188	-1	241	f	512	2024-02-29 15:48:49.5695+01
6189	-1	241	f	535	2024-02-29 15:48:49.569503+01
6190	-1	241	f	522	2024-02-29 15:48:49.569507+01
6191	-1	241	f	550	2024-02-29 15:48:49.569511+01
6192	-1	241	f	520	2024-02-29 15:48:49.569518+01
6193	-1	241	f	538	2024-02-29 15:48:49.569522+01
6194	-1	241	f	545	2024-02-29 15:48:49.569526+01
6195	-1	241	f	534	2024-02-29 15:48:49.569796+01
6196	-1	241	f	510	2024-02-29 15:48:49.569802+01
6197	-1	241	f	543	2024-02-29 15:48:49.569807+01
6198	-1	241	f	509	2024-02-29 15:48:49.569814+01
6199	-1	241	f	517	2024-02-29 15:48:49.569818+01
6200	-1	241	f	536	2024-02-29 15:48:49.569822+01
6201	-1	241	f	518	2024-02-29 15:48:49.569827+01
6202	-1	241	f	548	2024-02-29 15:48:49.569834+01
6203	-1	241	f	506	2024-02-29 15:48:49.569839+01
6204	-1	241	f	519	2024-02-29 15:48:49.569842+01
6205	-1	241	f	521	2024-02-29 15:48:49.569847+01
6206	-1	242	f	549	2024-02-29 15:49:59.968209+01
6207	-1	242	f	516	2024-02-29 15:49:59.968399+01
6208	-1	242	f	500	2024-02-29 15:49:59.968412+01
6209	-1	242	f	547	2024-02-29 15:49:59.968426+01
6210	-1	242	f	513	2024-02-29 15:49:59.968443+01
6211	-1	242	f	508	2024-02-29 15:49:59.968452+01
6212	-1	242	f	526	2024-02-29 15:49:59.968471+01
6213	-1	242	f	515	2024-02-29 15:49:59.968479+01
6214	-1	242	f	531	2024-02-29 15:49:59.968482+01
6215	-1	242	f	505	2024-02-29 15:49:59.968521+01
6216	-1	242	f	514	2024-02-29 15:49:59.968541+01
6217	-1	242	f	544	2024-02-29 15:49:59.968547+01
6218	-1	242	f	524	2024-02-29 15:49:59.96855+01
6219	-1	242	f	542	2024-02-29 15:49:59.968554+01
6220	-1	242	f	523	2024-02-29 15:49:59.968573+01
6221	-1	242	f	540	2024-02-29 15:49:59.968604+01
6222	-1	242	f	537	2024-02-29 15:49:59.96861+01
6223	-1	242	f	546	2024-02-29 15:49:59.968614+01
6224	-1	242	f	539	2024-02-29 15:49:59.968618+01
6225	-1	242	f	528	2024-02-29 15:49:59.968621+01
6226	-1	242	f	530	2024-02-29 15:49:59.968692+01
6227	-1	242	f	502	2024-02-29 15:49:59.968698+01
6228	-1	242	f	527	2024-02-29 15:49:59.968702+01
6229	-1	242	f	504	2024-02-29 15:49:59.968705+01
6230	-1	242	f	533	2024-02-29 15:49:59.968709+01
6231	-1	242	f	525	2024-02-29 15:49:59.968713+01
6232	-1	242	f	501	2024-02-29 15:49:59.968718+01
6233	-1	242	f	503	2024-02-29 15:49:59.968722+01
6234	-1	242	f	507	2024-02-29 15:49:59.968725+01
6235	-1	242	f	511	2024-02-29 15:49:59.968729+01
6236	-1	242	f	541	2024-02-29 15:49:59.968757+01
6237	-1	242	f	532	2024-02-29 15:49:59.968762+01
6238	-1	242	f	512	2024-02-29 15:49:59.968769+01
6239	-1	242	f	535	2024-02-29 15:49:59.968773+01
6240	-1	242	f	522	2024-02-29 15:49:59.968776+01
6241	-1	242	f	550	2024-02-29 15:49:59.968779+01
6242	-1	242	f	520	2024-02-29 15:49:59.968784+01
6243	-1	242	f	538	2024-02-29 15:49:59.968788+01
6244	-1	242	f	545	2024-02-29 15:49:59.968792+01
6245	-1	242	f	534	2024-02-29 15:49:59.968825+01
6246	-1	242	f	510	2024-02-29 15:49:59.968828+01
6247	-1	242	f	543	2024-02-29 15:49:59.968832+01
6248	-1	242	f	509	2024-02-29 15:49:59.968838+01
6249	-1	242	f	517	2024-02-29 15:49:59.968842+01
6250	-1	242	f	536	2024-02-29 15:49:59.968846+01
6251	-1	242	f	518	2024-02-29 15:49:59.96885+01
6252	-1	242	f	548	2024-02-29 15:49:59.968853+01
6253	-1	242	f	506	2024-02-29 15:49:59.968858+01
6254	-1	242	f	519	2024-02-29 15:49:59.968861+01
6255	-1	242	f	521	2024-02-29 15:49:59.968865+01
6256	-1	243	f	549	2024-02-29 15:50:33.798452+01
6257	-1	243	f	516	2024-02-29 15:50:33.798577+01
6258	-1	243	f	500	2024-02-29 15:50:33.79858+01
6259	-1	243	f	547	2024-02-29 15:50:33.798582+01
6260	-1	243	f	513	2024-02-29 15:50:33.798584+01
6261	-1	243	f	508	2024-02-29 15:50:33.798586+01
6262	-1	243	f	526	2024-02-29 15:50:33.79859+01
6263	-1	243	f	515	2024-02-29 15:50:33.798592+01
6264	-1	243	f	531	2024-02-29 15:50:33.798594+01
6265	-1	243	f	505	2024-02-29 15:50:33.798618+01
6266	-1	243	f	514	2024-02-29 15:50:33.798621+01
6267	-1	243	f	544	2024-02-29 15:50:33.798626+01
6268	-1	243	f	524	2024-02-29 15:50:33.798628+01
6269	-1	243	f	542	2024-02-29 15:50:33.79863+01
6270	-1	243	f	523	2024-02-29 15:50:33.798633+01
6271	-1	243	f	540	2024-02-29 15:50:33.798635+01
6272	-1	243	f	537	2024-02-29 15:50:33.798639+01
6273	-1	243	f	546	2024-02-29 15:50:33.798641+01
6274	-1	243	f	539	2024-02-29 15:50:33.798643+01
6275	-1	243	f	528	2024-02-29 15:50:33.798645+01
6276	-1	243	f	530	2024-02-29 15:50:33.798677+01
6277	-1	243	f	502	2024-02-29 15:50:33.798683+01
6278	-1	243	f	527	2024-02-29 15:50:33.798685+01
6279	-1	243	f	504	2024-02-29 15:50:33.798686+01
6280	-1	243	f	533	2024-02-29 15:50:33.798688+01
6281	-1	243	f	525	2024-02-29 15:50:33.79869+01
6282	-1	243	f	501	2024-02-29 15:50:33.798693+01
6283	-1	243	f	503	2024-02-29 15:50:33.798695+01
6284	-1	243	f	507	2024-02-29 15:50:33.798697+01
6285	-1	243	f	511	2024-02-29 15:50:33.798707+01
6286	-1	243	f	541	2024-02-29 15:50:33.798732+01
6287	-1	243	f	532	2024-02-29 15:50:33.798735+01
6288	-1	243	f	512	2024-02-29 15:50:33.79874+01
6289	-1	243	f	535	2024-02-29 15:50:33.798742+01
6290	-1	243	f	522	2024-02-29 15:50:33.798744+01
6291	-1	243	f	550	2024-02-29 15:50:33.798746+01
6292	-1	243	f	520	2024-02-29 15:50:33.798749+01
6293	-1	243	f	538	2024-02-29 15:50:33.798751+01
6294	-1	243	f	545	2024-02-29 15:50:33.798753+01
6295	-1	243	f	534	2024-02-29 15:50:33.7988+01
6296	-1	243	f	510	2024-02-29 15:50:33.798802+01
6297	-1	243	f	543	2024-02-29 15:50:33.798804+01
6298	-1	243	f	509	2024-02-29 15:50:33.798813+01
6299	-1	243	f	517	2024-02-29 15:50:33.798817+01
6300	-1	243	f	536	2024-02-29 15:50:33.798819+01
6301	-1	243	f	518	2024-02-29 15:50:33.798821+01
6302	-1	243	f	548	2024-02-29 15:50:33.798823+01
6303	-1	243	f	506	2024-02-29 15:50:33.798827+01
6304	-1	243	f	519	2024-02-29 15:50:33.798829+01
6305	-1	243	f	521	2024-02-29 15:50:33.798831+01
6306	-1	244	f	500	2024-02-29 16:00:42.740667+01
6307	-1	244	f	518	2024-02-29 16:00:42.740746+01
6308	-1	244	f	541	2024-02-29 16:00:42.740749+01
6309	-1	244	f	536	2024-02-29 16:00:42.740977+01
6310	-1	244	f	504	2024-02-29 16:00:42.740983+01
6311	-1	244	f	523	2024-02-29 16:00:42.74101+01
6312	-1	244	f	503	2024-02-29 16:00:42.741012+01
6313	-1	244	f	511	2024-02-29 16:00:42.741014+01
6314	-1	244	f	513	2024-02-29 16:00:42.741016+01
6315	-1	244	f	539	2024-02-29 16:00:42.741018+01
6316	-1	244	f	540	2024-02-29 16:00:42.74102+01
6317	-1	244	f	510	2024-02-29 16:00:42.741027+01
6318	-1	244	f	507	2024-02-29 16:00:42.741029+01
6319	-1	244	f	514	2024-02-29 16:00:42.741031+01
6320	-1	244	f	531	2024-02-29 16:00:42.741033+01
6321	-1	244	f	538	2024-02-29 16:00:42.741037+01
6322	-1	244	f	501	2024-02-29 16:00:42.741039+01
6323	-1	244	f	517	2024-02-29 16:00:42.741041+01
6324	-1	244	f	522	2024-02-29 16:00:42.741043+01
6325	-1	244	f	527	2024-02-29 16:00:42.741045+01
6326	-1	244	f	542	2024-02-29 16:00:42.741047+01
6327	-1	244	f	535	2024-02-29 16:00:42.741051+01
6328	-1	244	f	506	2024-02-29 16:00:42.741053+01
6329	-1	244	f	528	2024-02-29 16:00:42.741055+01
6330	-1	244	f	549	2024-02-29 16:00:42.741057+01
6331	-1	244	f	551	2024-02-29 16:00:42.741059+01
6332	-1	244	f	508	2024-02-29 16:00:42.741651+01
6333	-1	244	f	543	2024-02-29 16:00:42.741675+01
6334	-1	244	f	502	2024-02-29 16:00:42.741679+01
6335	-1	244	f	533	2024-02-29 16:00:42.741681+01
6336	-1	244	f	532	2024-02-29 16:00:42.741683+01
6337	-1	244	f	521	2024-02-29 16:00:42.741689+01
6338	-1	244	f	530	2024-02-29 16:00:42.741691+01
6339	-1	244	f	525	2024-02-29 16:00:42.741693+01
6340	-1	244	f	519	2024-02-29 16:00:42.741695+01
6341	-1	244	f	515	2024-02-29 16:00:42.741698+01
6342	-1	244	f	550	2024-02-29 16:00:42.7417+01
6343	-1	244	f	505	2024-02-29 16:00:42.741702+01
6344	-1	244	f	534	2024-02-29 16:00:42.741704+01
6345	-1	244	f	520	2024-02-29 16:00:42.741706+01
6346	-1	244	f	546	2024-02-29 16:00:42.741708+01
6347	-1	244	f	529	2024-02-29 16:00:42.741711+01
6348	-1	244	f	526	2024-02-29 16:00:42.741712+01
6349	-1	244	f	547	2024-02-29 16:00:42.741714+01
6350	-1	244	f	544	2024-02-29 16:00:42.741723+01
6351	-1	244	f	524	2024-02-29 16:00:42.741725+01
6352	-1	244	f	516	2024-02-29 16:00:42.741908+01
6353	-1	244	f	537	2024-02-29 16:00:42.74191+01
6354	-1	244	f	548	2024-02-29 16:00:42.741912+01
6355	-1	244	f	545	2024-02-29 16:00:42.741915+01
6356	1	245	f	535	2024-02-29 16:37:49.945423+01
6357	-1	245	f	540	2024-02-29 16:37:49.970026+01
6358	-1	245	f	522	2024-02-29 16:37:49.970583+01
6359	-1	245	f	502	2024-02-29 16:37:49.996094+01
6360	-1	245	f	538	2024-02-29 16:37:49.99613+01
6361	-1	245	f	511	2024-02-29 16:37:49.996136+01
6362	-1	245	f	528	2024-02-29 16:37:49.996141+01
6363	-1	245	f	507	2024-02-29 16:37:49.996149+01
6364	-1	245	f	536	2024-02-29 16:37:49.996169+01
6365	-1	245	f	500	2024-02-29 16:37:49.996175+01
6366	-1	245	f	517	2024-02-29 16:37:49.996179+01
6367	-1	245	f	532	2024-02-29 16:37:49.996189+01
6368	-1	245	f	549	2024-02-29 16:37:49.99621+01
6369	-1	245	f	548	2024-02-29 16:37:49.996217+01
6370	-1	245	f	515	2024-02-29 16:37:49.996223+01
6371	-1	245	f	543	2024-02-29 16:37:49.996227+01
6372	-1	245	f	523	2024-02-29 16:37:49.996413+01
6373	-1	245	f	514	2024-02-29 16:37:49.996553+01
6374	-1	245	f	512	2024-02-29 16:37:49.996559+01
6375	-1	245	f	520	2024-02-29 16:37:49.996564+01
6376	-1	245	f	542	2024-02-29 16:37:49.996595+01
6377	-1	245	f	503	2024-02-29 16:37:49.996616+01
6378	-1	245	f	539	2024-02-29 16:37:49.996621+01
6379	-1	245	f	545	2024-02-29 16:37:49.996625+01
6380	-1	245	f	546	2024-02-29 16:37:49.996634+01
6381	-1	245	f	501	2024-02-29 16:37:49.996735+01
6382	-1	245	f	533	2024-02-29 16:37:49.99674+01
6383	-1	245	f	524	2024-02-29 16:37:49.996746+01
6384	-1	245	f	537	2024-02-29 16:37:49.996751+01
6385	-1	245	f	506	2024-02-29 16:37:49.996756+01
6386	-1	245	f	516	2024-02-29 16:37:49.996765+01
6387	-1	245	f	510	2024-02-29 16:37:49.99677+01
6388	-1	245	f	530	2024-02-29 16:37:49.996981+01
6389	-1	245	f	551	2024-02-29 16:37:49.996988+01
6390	-1	245	f	550	2024-02-29 16:37:49.997027+01
6391	-1	245	f	508	2024-02-29 16:37:49.997252+01
6392	-1	245	f	504	2024-02-29 16:37:49.997421+01
6393	-1	245	f	509	2024-02-29 16:37:49.997426+01
6394	-1	245	f	525	2024-02-29 16:37:49.997439+01
6395	-1	245	f	541	2024-02-29 16:37:49.997575+01
6396	-1	245	f	547	2024-02-29 16:37:49.997584+01
6397	-1	245	f	531	2024-02-29 16:37:49.99759+01
6398	-1	245	f	529	2024-02-29 16:37:49.997599+01
6399	-1	245	f	527	2024-02-29 16:37:49.997603+01
6400	-1	245	f	521	2024-02-29 16:37:49.997608+01
6401	-1	245	f	519	2024-02-29 16:37:49.99762+01
6402	-1	245	f	505	2024-02-29 16:37:49.997626+01
6403	-1	245	f	526	2024-02-29 16:37:49.997697+01
6404	-1	245	f	544	2024-02-29 16:37:49.997705+01
6405	-1	245	f	518	2024-02-29 16:37:49.99771+01
6406	-1	246	f	539	2024-02-29 16:38:42.180042+01
6407	-1	246	f	526	2024-02-29 16:38:42.186967+01
6408	-1	246	f	501	2024-02-29 16:38:42.18698+01
6409	-1	246	f	513	2024-02-29 16:38:42.186987+01
6410	-1	246	f	545	2024-02-29 16:38:42.187003+01
6411	-1	246	f	500	2024-02-29 16:38:42.187009+01
6412	-1	246	f	514	2024-02-29 16:38:42.187014+01
6413	-1	246	f	503	2024-02-29 16:38:42.187019+01
6414	-1	246	f	515	2024-02-29 16:38:42.187025+01
6415	-1	246	f	549	2024-02-29 16:38:42.18703+01
6416	-1	246	f	527	2024-02-29 16:38:42.187048+01
6417	-1	246	f	536	2024-02-29 16:38:42.187053+01
6418	-1	246	f	516	2024-02-29 16:38:42.187064+01
6419	-1	246	f	540	2024-02-29 16:38:42.187068+01
6420	-1	246	f	511	2024-02-29 16:38:42.187111+01
6421	-1	246	f	523	2024-02-29 16:38:42.187117+01
6422	-1	246	f	502	2024-02-29 16:38:42.187122+01
6423	-1	246	f	512	2024-02-29 16:38:42.187235+01
6424	-1	246	f	547	2024-02-29 16:38:42.187245+01
6425	-1	246	f	521	2024-02-29 16:38:42.18725+01
6426	-1	246	f	530	2024-02-29 16:38:42.187256+01
6427	-1	246	f	542	2024-02-29 16:38:42.18726+01
6428	-1	246	f	544	2024-02-29 16:38:42.187267+01
6429	-1	246	f	508	2024-02-29 16:38:42.187272+01
6430	-1	246	f	546	2024-02-29 16:38:42.187276+01
6431	-1	246	f	529	2024-02-29 16:38:42.187285+01
6432	-1	246	f	518	2024-02-29 16:38:42.18729+01
6433	-1	246	f	517	2024-02-29 16:38:42.187295+01
6434	-1	246	f	506	2024-02-29 16:38:42.1873+01
6435	-1	246	f	537	2024-02-29 16:38:42.187305+01
6436	-1	246	f	534	2024-02-29 16:38:42.18731+01
6437	-1	246	f	532	2024-02-29 16:38:42.187315+01
6438	-1	246	f	522	2024-02-29 16:38:42.187342+01
6439	-1	246	f	543	2024-02-29 16:38:42.187348+01
6440	-1	246	f	535	2024-02-29 16:38:42.187358+01
6441	-1	246	f	533	2024-02-29 16:38:42.187365+01
6442	-1	246	f	507	2024-02-29 16:38:42.18737+01
6443	-1	246	f	550	2024-02-29 16:38:42.187375+01
6444	-1	246	f	504	2024-02-29 16:38:42.187387+01
6445	-1	246	f	538	2024-02-29 16:38:42.187392+01
6446	-1	246	f	519	2024-02-29 16:38:42.187397+01
6447	-1	246	f	520	2024-02-29 16:38:42.187403+01
6448	-1	246	f	524	2024-02-29 16:38:42.187408+01
6449	-1	246	f	509	2024-02-29 16:38:42.187413+01
6450	-1	246	f	541	2024-02-29 16:38:42.187417+01
6451	-1	246	f	528	2024-02-29 16:38:42.18743+01
6452	-1	246	f	525	2024-02-29 16:38:42.187435+01
6453	-1	246	f	548	2024-02-29 16:38:42.187479+01
6454	-1	246	f	551	2024-02-29 16:38:42.187488+01
6455	-1	246	f	510	2024-02-29 16:38:42.187505+01
6506	-1	248	f	531	2024-03-02 16:33:48.295725+01
6507	-1	248	f	505	2024-03-02 16:33:48.296208+01
6508	-1	248	f	518	2024-03-02 16:33:48.296213+01
6509	-1	248	f	503	2024-03-02 16:33:48.296215+01
6510	-1	248	f	530	2024-03-02 16:33:48.296217+01
6511	-1	248	f	539	2024-03-02 16:33:48.29622+01
6512	-1	248	f	526	2024-03-02 16:33:48.296222+01
6513	-1	248	f	542	2024-03-02 16:33:48.296224+01
6514	-1	248	f	534	2024-03-02 16:33:48.296226+01
6515	-1	248	f	522	2024-03-02 16:33:48.296234+01
6516	-1	248	f	512	2024-03-02 16:33:48.296236+01
6517	-1	248	f	538	2024-03-02 16:33:48.296238+01
6518	-1	248	f	546	2024-03-02 16:33:48.29624+01
6519	-1	248	f	532	2024-03-02 16:33:48.296243+01
6520	-1	248	f	533	2024-03-02 16:33:48.29625+01
6521	-1	248	f	520	2024-03-02 16:33:48.296252+01
6522	-1	248	f	541	2024-03-02 16:33:48.296262+01
6523	-1	248	f	511	2024-03-02 16:33:48.296267+01
6524	-1	248	f	544	2024-03-02 16:33:48.29632+01
6525	-1	248	f	527	2024-03-02 16:33:48.296321+01
6526	-1	248	f	501	2024-03-02 16:33:48.296324+01
6527	-1	248	f	510	2024-03-02 16:33:48.296326+01
6528	-1	248	f	525	2024-03-02 16:33:48.296328+01
6529	-1	248	f	508	2024-03-02 16:33:48.29633+01
6530	-1	248	f	549	2024-03-02 16:33:48.297259+01
6531	-1	248	f	524	2024-03-02 16:33:48.297264+01
6532	-1	248	f	516	2024-03-02 16:33:48.297266+01
6533	-1	248	f	537	2024-03-02 16:33:48.297268+01
6534	-1	248	f	509	2024-03-02 16:33:48.297271+01
6535	-1	248	f	540	2024-03-02 16:33:48.297273+01
6536	-1	248	f	545	2024-03-02 16:33:48.297278+01
6537	-1	248	f	502	2024-03-02 16:33:48.29728+01
6566	-1	249	f	502	2024-03-02 16:34:07.509751+01
6567	-1	249	f	535	2024-03-02 16:34:07.509757+01
6568	-1	249	f	503	2024-03-02 16:34:07.509764+01
6569	-1	249	f	534	2024-03-02 16:34:07.509777+01
6570	-1	249	f	546	2024-03-02 16:34:07.509887+01
6571	-1	249	f	525	2024-03-02 16:34:07.509896+01
6572	-1	249	f	532	2024-03-02 16:34:07.509903+01
6573	-1	249	f	526	2024-03-02 16:34:07.515398+01
6574	-1	249	f	541	2024-03-02 16:34:07.515407+01
6575	-1	249	f	529	2024-03-02 16:34:07.51554+01
6576	-1	249	f	533	2024-03-02 16:34:07.51555+01
6577	-1	249	f	517	2024-03-02 16:34:07.515556+01
6578	-1	249	f	549	2024-03-02 16:34:07.515561+01
6579	-1	249	f	528	2024-03-02 16:34:07.515567+01
6580	-1	249	f	536	2024-03-02 16:34:07.516052+01
6581	-1	249	f	509	2024-03-02 16:34:07.538965+01
6582	-1	249	f	515	2024-03-02 16:34:07.538972+01
6583	-1	249	f	513	2024-03-02 16:34:07.538977+01
6584	-1	249	f	542	2024-03-02 16:34:07.538982+01
6585	-1	249	f	519	2024-03-02 16:34:07.538995+01
6586	-1	249	f	500	2024-03-02 16:34:07.539001+01
6587	-1	249	f	537	2024-03-02 16:34:07.539006+01
6588	-1	249	f	544	2024-03-02 16:34:07.539356+01
6589	-1	249	f	550	2024-03-02 16:34:07.560936+01
6590	-1	249	f	548	2024-03-02 16:34:07.560954+01
6591	-1	249	f	538	2024-03-02 16:34:07.560961+01
6592	-1	249	f	518	2024-03-02 16:34:07.560972+01
6593	-1	249	f	506	2024-03-02 16:34:07.560977+01
6594	-1	249	f	505	2024-03-02 16:34:07.561032+01
6595	-1	249	f	547	2024-03-02 16:34:07.561038+01
6596	-1	249	f	522	2024-03-02 16:34:07.561043+01
6597	-1	249	f	512	2024-03-02 16:34:07.59295+01
6598	-1	249	f	508	2024-03-02 16:34:07.593172+01
6599	-1	249	f	531	2024-03-02 16:34:07.593177+01
6600	-1	249	f	527	2024-03-02 16:34:07.593198+01
6601	-1	249	f	530	2024-03-02 16:34:07.59321+01
6602	-1	249	f	523	2024-03-02 16:34:07.593215+01
6603	-1	249	f	510	2024-03-02 16:34:07.593219+01
6604	-1	249	f	501	2024-03-02 16:34:07.593224+01
6605	-1	249	f	516	2024-03-02 16:34:07.593244+01
6606	-1	250	f	508	2024-03-02 16:34:58.479307+01
6607	-1	250	f	543	2024-03-02 16:34:58.479548+01
6608	-1	250	f	502	2024-03-02 16:34:58.479819+01
6609	-1	250	f	537	2024-03-02 16:34:58.479831+01
6610	-1	250	f	540	2024-03-02 16:34:58.479842+01
6611	-1	250	f	518	2024-03-02 16:34:58.479862+01
6612	-1	250	f	506	2024-03-02 16:34:58.479876+01
6613	-1	250	f	536	2024-03-02 16:34:58.479886+01
6614	-1	250	f	509	2024-03-02 16:34:58.479898+01
6615	-1	250	f	548	2024-03-02 16:34:58.479908+01
6616	-1	250	f	550	2024-03-02 16:34:58.481109+01
6617	-1	250	f	515	2024-03-02 16:34:58.481126+01
6618	-1	250	f	516	2024-03-02 16:34:58.481133+01
6619	-1	250	f	528	2024-03-02 16:34:58.481139+01
6620	-1	250	f	547	2024-03-02 16:34:58.481148+01
6621	-1	250	f	520	2024-03-02 16:34:58.481154+01
6622	-1	250	f	544	2024-03-02 16:34:58.481161+01
6623	-1	250	f	534	2024-03-02 16:34:58.481166+01
6624	-1	250	f	503	2024-03-02 16:34:58.481468+01
6625	-1	250	f	522	2024-03-02 16:34:58.481475+01
6626	-1	250	f	511	2024-03-02 16:34:58.481562+01
6627	-1	250	f	513	2024-03-02 16:34:58.481569+01
6628	-1	250	f	524	2024-03-02 16:34:58.481577+01
6629	-1	250	f	538	2024-03-02 16:34:58.481582+01
6630	-1	250	f	519	2024-03-02 16:34:58.481588+01
6631	-1	250	f	545	2024-03-02 16:34:58.481595+01
6632	-1	250	f	546	2024-03-02 16:34:58.48161+01
6633	-1	250	f	542	2024-03-02 16:34:58.481617+01
6634	-1	250	f	551	2024-03-02 16:34:58.481624+01
6635	-1	250	f	517	2024-03-02 16:34:58.481653+01
6636	-1	250	f	531	2024-03-02 16:34:58.481662+01
6637	-1	250	f	500	2024-03-02 16:34:58.481698+01
6638	-1	250	f	532	2024-03-02 16:34:58.481704+01
6639	-1	250	f	523	2024-03-02 16:34:58.481999+01
6640	-1	250	f	501	2024-03-02 16:34:58.482005+01
6641	-1	250	f	514	2024-03-02 16:34:58.482012+01
6642	-1	250	f	525	2024-03-02 16:34:58.482017+01
6643	-1	250	f	533	2024-03-02 16:34:58.482039+01
6644	-1	250	f	549	2024-03-02 16:34:58.482046+01
6645	-1	250	f	512	2024-03-02 16:34:58.482055+01
6646	-1	250	f	527	2024-03-02 16:34:58.482061+01
6647	-1	250	f	535	2024-03-02 16:34:58.482363+01
6648	-1	250	f	539	2024-03-02 16:34:58.482371+01
6649	-1	250	f	529	2024-03-02 16:34:58.482377+01
6650	-1	250	f	505	2024-03-02 16:34:58.482383+01
6651	-1	250	f	526	2024-03-02 16:34:58.482389+01
6652	-1	250	f	521	2024-03-02 16:34:58.482397+01
6653	-1	250	f	541	2024-03-02 16:34:58.482404+01
6654	-1	250	f	504	2024-03-02 16:34:58.482421+01
6655	-1	250	f	507	2024-03-02 16:34:58.482426+01
6656	-1	251	f	529	2024-03-02 16:36:01.620238+01
6657	-1	251	f	508	2024-03-02 16:36:01.620391+01
6658	-1	251	f	535	2024-03-02 16:36:01.620394+01
6659	-1	251	f	517	2024-03-02 16:36:01.620396+01
6660	-1	251	f	518	2024-03-02 16:36:01.620669+01
6661	-1	251	f	513	2024-03-02 16:36:01.620672+01
6662	-1	251	f	506	2024-03-02 16:36:01.620674+01
6663	-1	251	f	500	2024-03-02 16:36:01.620676+01
6664	-1	251	f	511	2024-03-02 16:36:01.620678+01
6665	-1	251	f	519	2024-03-02 16:36:01.62068+01
6666	-1	251	f	505	2024-03-02 16:36:01.620683+01
6667	-1	251	f	534	2024-03-02 16:36:01.620685+01
6668	-1	251	f	527	2024-03-02 16:36:01.620687+01
6669	-1	251	f	501	2024-03-02 16:36:01.620884+01
6670	-1	251	f	548	2024-03-02 16:36:01.620886+01
6671	-1	251	f	504	2024-03-02 16:36:01.62089+01
6672	-1	251	f	509	2024-03-02 16:36:01.620892+01
6673	-1	251	f	538	2024-03-02 16:36:01.620899+01
6674	-1	251	f	523	2024-03-02 16:36:01.620901+01
6675	-1	251	f	510	2024-03-02 16:36:01.620902+01
6676	-1	251	f	526	2024-03-02 16:36:01.620926+01
6677	-1	251	f	525	2024-03-02 16:36:01.620931+01
6678	-1	251	f	542	2024-03-02 16:36:01.620934+01
6679	-1	251	f	514	2024-03-02 16:36:01.620936+01
6680	-1	251	f	551	2024-03-02 16:36:01.620938+01
6681	-1	251	f	524	2024-03-02 16:36:01.620954+01
6682	-1	251	f	530	2024-03-02 16:36:01.620957+01
6683	-1	251	f	549	2024-03-02 16:36:01.620958+01
6684	-1	251	f	532	2024-03-02 16:36:01.62096+01
6685	-1	251	f	544	2024-03-02 16:36:01.620977+01
6686	-1	251	f	515	2024-03-02 16:36:01.620979+01
6687	-1	251	f	536	2024-03-02 16:36:01.620981+01
6688	-1	251	f	550	2024-03-02 16:36:01.620983+01
6689	-1	251	f	540	2024-03-02 16:36:01.620987+01
6690	-1	251	f	516	2024-03-02 16:36:01.620989+01
6691	-1	251	f	502	2024-03-02 16:36:01.620991+01
6692	-1	251	f	543	2024-03-02 16:36:01.620993+01
6693	-1	251	f	533	2024-03-02 16:36:01.620999+01
6694	-1	251	f	531	2024-03-02 16:36:01.621006+01
6695	-1	251	f	539	2024-03-02 16:36:01.62101+01
6696	-1	251	f	507	2024-03-02 16:36:01.621012+01
6697	-1	251	f	537	2024-03-02 16:36:01.621014+01
6698	-1	251	f	522	2024-03-02 16:36:01.621016+01
6699	-1	251	f	541	2024-03-02 16:36:01.621018+01
6700	-1	251	f	512	2024-03-02 16:36:01.621025+01
6701	-1	251	f	520	2024-03-02 16:36:01.621026+01
6702	-1	251	f	547	2024-03-02 16:36:01.621029+01
6703	-1	251	f	503	2024-03-02 16:36:01.621031+01
6704	-1	251	f	546	2024-03-02 16:36:01.621233+01
6705	-1	251	f	528	2024-03-02 16:36:01.621237+01
6706	-1	252	f	515	2024-03-02 16:36:29.211751+01
6707	-1	252	f	503	2024-03-02 16:36:29.211784+01
6708	-1	252	f	500	2024-03-02 16:36:29.211791+01
6709	-1	252	f	531	2024-03-02 16:36:29.211796+01
6710	-1	252	f	522	2024-03-02 16:36:29.212129+01
6711	-1	252	f	533	2024-03-02 16:36:29.212135+01
6712	-1	252	f	517	2024-03-02 16:36:29.212141+01
6713	-1	252	f	535	2024-03-02 16:36:29.212147+01
6714	-1	252	f	514	2024-03-02 16:36:29.212153+01
6715	-1	252	f	540	2024-03-02 16:36:29.212157+01
6716	-1	252	f	504	2024-03-02 16:36:29.212173+01
6717	-1	252	f	537	2024-03-02 16:36:29.212179+01
6718	-1	252	f	501	2024-03-02 16:36:29.212183+01
6719	-1	252	f	539	2024-03-02 16:36:29.212188+01
6720	-1	252	f	548	2024-03-02 16:36:29.212193+01
6721	-1	252	f	547	2024-03-02 16:36:29.237981+01
6722	-1	252	f	523	2024-03-02 16:36:29.237992+01
6723	-1	252	f	527	2024-03-02 16:36:29.238077+01
6724	-1	252	f	549	2024-03-02 16:36:29.238083+01
6725	-1	252	f	543	2024-03-02 16:36:29.238095+01
6726	-1	252	f	511	2024-03-02 16:36:29.238264+01
6727	-1	252	f	510	2024-03-02 16:36:29.23827+01
6728	-1	252	f	536	2024-03-02 16:36:29.238276+01
6729	-1	252	f	502	2024-03-02 16:36:29.238856+01
6730	-1	252	f	529	2024-03-02 16:36:29.238861+01
6731	-1	252	f	524	2024-03-02 16:36:29.238866+01
6732	-1	252	f	542	2024-03-02 16:36:29.238871+01
6733	-1	252	f	519	2024-03-02 16:36:29.238879+01
6734	-1	252	f	505	2024-03-02 16:36:29.238885+01
6735	-1	252	f	528	2024-03-02 16:36:29.23889+01
6736	-1	252	f	513	2024-03-02 16:36:29.238895+01
6737	-1	252	f	508	2024-03-02 16:36:29.271483+01
6738	-1	252	f	541	2024-03-02 16:36:29.271493+01
6739	-1	252	f	516	2024-03-02 16:36:29.271506+01
6740	-1	252	f	521	2024-03-02 16:36:29.271512+01
6741	-1	252	f	532	2024-03-02 16:36:29.271524+01
6742	-1	252	f	538	2024-03-02 16:36:29.271534+01
6743	-1	252	f	512	2024-03-02 16:36:29.27162+01
6744	-1	252	f	551	2024-03-02 16:36:29.271959+01
6745	-1	252	f	534	2024-03-02 16:36:29.272238+01
6746	-1	252	f	506	2024-03-02 16:36:29.272244+01
6747	-1	252	f	546	2024-03-02 16:36:29.272249+01
6748	-1	252	f	520	2024-03-02 16:36:29.272255+01
6749	-1	252	f	526	2024-03-02 16:36:29.272262+01
6750	-1	252	f	507	2024-03-02 16:36:29.272267+01
6751	-1	252	f	525	2024-03-02 16:36:29.272271+01
6752	-1	252	f	518	2024-03-02 16:36:29.272277+01
6753	-1	252	f	530	2024-03-02 16:36:29.297144+01
6754	-1	252	f	550	2024-03-02 16:36:29.297265+01
6755	-1	252	f	545	2024-03-02 16:36:29.297271+01
6756	-1	253	f	510	2024-03-02 16:36:43.230465+01
6757	-1	253	f	538	2024-03-02 16:36:43.230858+01
6758	-1	253	f	525	2024-03-02 16:36:43.230862+01
6759	-1	253	f	523	2024-03-02 16:36:43.230865+01
6760	-1	253	f	544	2024-03-02 16:36:43.230887+01
6761	-1	253	f	537	2024-03-02 16:36:43.230889+01
6762	-1	253	f	545	2024-03-02 16:36:43.230891+01
6763	-1	253	f	548	2024-03-02 16:36:43.230893+01
6764	-1	253	f	543	2024-03-02 16:36:43.230911+01
6765	-1	253	f	509	2024-03-02 16:36:43.230943+01
6766	-1	253	f	515	2024-03-02 16:36:43.230944+01
6767	-1	253	f	536	2024-03-02 16:36:43.230946+01
6768	-1	253	f	505	2024-03-02 16:36:43.230949+01
6769	-1	253	f	539	2024-03-02 16:36:43.230951+01
6770	-1	253	f	508	2024-03-02 16:36:43.230953+01
6771	-1	253	f	540	2024-03-02 16:36:43.230955+01
6772	-1	253	f	504	2024-03-02 16:36:43.230962+01
6773	-1	253	f	531	2024-03-02 16:36:43.230964+01
6774	-1	253	f	532	2024-03-02 16:36:43.230968+01
6775	-1	253	f	551	2024-03-02 16:36:43.231065+01
6776	-1	253	f	518	2024-03-02 16:36:43.23109+01
6777	-1	253	f	517	2024-03-02 16:36:43.231093+01
6778	-1	253	f	506	2024-03-02 16:36:43.231095+01
6779	-1	253	f	524	2024-03-02 16:36:43.231096+01
6780	-1	253	f	549	2024-03-02 16:36:43.231436+01
6781	-1	253	f	541	2024-03-02 16:36:43.23144+01
6782	-1	253	f	528	2024-03-02 16:36:43.231443+01
6783	-1	253	f	502	2024-03-02 16:36:43.231446+01
6784	-1	253	f	520	2024-03-02 16:36:43.231449+01
6785	-1	253	f	529	2024-03-02 16:36:43.231451+01
6786	-1	253	f	533	2024-03-02 16:36:43.231453+01
6787	-1	253	f	503	2024-03-02 16:36:43.231694+01
6788	-1	253	f	521	2024-03-02 16:36:43.231698+01
6789	-1	253	f	507	2024-03-02 16:36:43.231701+01
6790	-1	253	f	501	2024-03-02 16:36:43.231702+01
6791	-1	253	f	512	2024-03-02 16:36:43.231705+01
6792	-1	253	f	530	2024-03-02 16:36:43.231708+01
6793	-1	253	f	514	2024-03-02 16:36:43.23171+01
6794	-1	253	f	550	2024-03-02 16:36:43.231717+01
6795	-1	253	f	516	2024-03-02 16:36:43.23172+01
6796	-1	253	f	542	2024-03-02 16:36:43.231731+01
6797	-1	253	f	522	2024-03-02 16:36:43.231733+01
6798	-1	253	f	500	2024-03-02 16:36:43.231735+01
6799	-1	253	f	535	2024-03-02 16:36:43.231737+01
6800	-1	253	f	519	2024-03-02 16:36:43.23174+01
6801	-1	253	f	526	2024-03-02 16:36:43.231742+01
6802	-1	253	f	513	2024-03-02 16:36:43.231744+01
6803	-1	253	f	546	2024-03-02 16:36:43.231746+01
6804	-1	253	f	527	2024-03-02 16:36:43.231753+01
6805	-1	253	f	547	2024-03-02 16:36:43.231755+01
6806	-1	254	f	544	2024-03-02 16:44:30.054635+01
6807	-1	254	f	512	2024-03-02 16:44:30.054709+01
6808	-1	254	f	501	2024-03-02 16:44:30.054719+01
6809	-1	254	f	549	2024-03-02 16:44:30.054728+01
6810	-1	254	f	514	2024-03-02 16:44:30.055525+01
6811	-1	254	f	548	2024-03-02 16:44:30.055534+01
6812	-1	254	f	517	2024-03-02 16:44:30.055543+01
6813	-1	254	f	542	2024-03-02 16:44:30.055552+01
6814	-1	254	f	551	2024-03-02 16:44:30.055564+01
6815	-1	254	f	524	2024-03-02 16:44:30.055583+01
6816	-1	254	f	508	2024-03-02 16:44:30.055591+01
6817	-1	254	f	528	2024-03-02 16:44:30.055598+01
6818	-1	254	f	539	2024-03-02 16:44:30.055615+01
6819	-1	254	f	529	2024-03-02 16:44:30.055624+01
6820	-1	254	f	534	2024-03-02 16:44:30.055824+01
6821	-1	254	f	545	2024-03-02 16:44:30.055833+01
6822	-1	254	f	510	2024-03-02 16:44:30.055841+01
6823	-1	254	f	532	2024-03-02 16:44:30.055851+01
6824	-1	254	f	507	2024-03-02 16:44:30.055867+01
6825	-1	254	f	550	2024-03-02 16:44:30.055874+01
6826	-1	254	f	521	2024-03-02 16:44:30.056218+01
6827	-1	254	f	513	2024-03-02 16:44:30.056228+01
6828	-1	254	f	538	2024-03-02 16:44:30.056237+01
6829	-1	254	f	523	2024-03-02 16:44:30.056244+01
6830	-1	254	f	535	2024-03-02 16:44:30.056255+01
6831	-1	254	f	547	2024-03-02 16:44:30.056263+01
6832	-1	254	f	515	2024-03-02 16:44:30.05627+01
6833	-1	254	f	536	2024-03-02 16:44:30.056277+01
6834	-1	254	f	503	2024-03-02 16:44:30.059947+01
6835	-1	254	f	537	2024-03-02 16:44:30.059955+01
6836	-1	254	f	502	2024-03-02 16:44:30.059961+01
6837	-1	254	f	525	2024-03-02 16:44:30.059966+01
6838	-1	254	f	505	2024-03-02 16:44:30.059973+01
6839	-1	254	f	530	2024-03-02 16:44:30.059979+01
6840	-1	254	f	546	2024-03-02 16:44:30.059984+01
6841	-1	254	f	506	2024-03-02 16:44:30.05999+01
6842	-1	254	f	533	2024-03-02 16:44:30.060194+01
6843	-1	254	f	516	2024-03-02 16:44:30.0602+01
6844	-1	254	f	531	2024-03-02 16:44:30.060205+01
6845	-1	254	f	522	2024-03-02 16:44:30.060233+01
6846	-1	254	f	526	2024-03-02 16:44:30.06024+01
6847	-1	254	f	511	2024-03-02 16:44:30.060245+01
6848	-1	254	f	541	2024-03-02 16:44:30.06025+01
6849	-1	254	f	527	2024-03-02 16:44:30.060257+01
6850	-1	254	f	519	2024-03-02 16:44:30.060274+01
6851	-1	254	f	543	2024-03-02 16:44:30.060279+01
6852	-1	254	f	520	2024-03-02 16:44:30.060286+01
6853	-1	254	f	504	2024-03-02 16:44:30.060292+01
6854	-1	254	f	518	2024-03-02 16:44:30.060297+01
6855	-1	254	f	540	2024-03-02 16:44:30.060302+01
6856	-1	255	f	542	2024-03-02 17:04:18.684247+01
6857	-1	255	f	530	2024-03-02 17:04:18.684347+01
6858	-1	255	f	548	2024-03-02 17:04:18.68435+01
6859	-1	255	f	540	2024-03-02 17:04:18.684353+01
6860	-1	255	f	511	2024-03-02 17:04:18.684406+01
6861	-1	255	f	516	2024-03-02 17:04:18.684408+01
6862	-1	255	f	501	2024-03-02 17:04:18.684412+01
6863	-1	255	f	517	2024-03-02 17:04:18.684414+01
6864	-1	255	f	504	2024-03-02 17:04:18.684417+01
6865	-1	255	f	550	2024-03-02 17:04:18.684419+01
6866	-1	255	f	506	2024-03-02 17:04:18.684422+01
6867	-1	255	f	515	2024-03-02 17:04:18.684423+01
6868	-1	255	f	523	2024-03-02 17:04:18.684425+01
6869	-1	255	f	507	2024-03-02 17:04:18.684427+01
6870	-1	255	f	532	2024-03-02 17:04:18.68443+01
6871	-1	255	f	534	2024-03-02 17:04:18.684434+01
6872	-1	255	f	503	2024-03-02 17:04:18.685006+01
6873	-1	255	f	508	2024-03-02 17:04:18.68501+01
6874	-1	255	f	526	2024-03-02 17:04:18.685012+01
6875	-1	255	f	531	2024-03-02 17:04:18.685014+01
6876	-1	255	f	500	2024-03-02 17:04:18.685021+01
6877	-1	255	f	547	2024-03-02 17:04:18.685023+01
6878	-1	255	f	505	2024-03-02 17:04:18.685026+01
6879	-1	255	f	522	2024-03-02 17:04:18.685027+01
6880	-1	255	f	510	2024-03-02 17:04:18.68503+01
6881	-1	255	f	520	2024-03-02 17:04:18.685032+01
6882	-1	255	f	536	2024-03-02 17:04:18.685034+01
6883	-1	255	f	502	2024-03-02 17:04:18.685038+01
6884	-1	255	f	525	2024-03-02 17:04:18.68504+01
6885	-1	255	f	543	2024-03-02 17:04:18.685043+01
6886	-1	255	f	509	2024-03-02 17:04:18.685046+01
6887	-1	255	f	535	2024-03-02 17:04:18.685048+01
6888	-1	255	f	549	2024-03-02 17:04:18.818745+01
6889	-1	255	f	529	2024-03-02 17:04:18.818757+01
6890	-1	255	f	512	2024-03-02 17:04:18.818776+01
6891	-1	255	f	514	2024-03-02 17:04:18.818781+01
6892	-1	255	f	528	2024-03-02 17:04:18.818786+01
6893	-1	255	f	541	2024-03-02 17:04:18.818792+01
6894	-1	255	f	544	2024-03-02 17:04:18.818802+01
6895	-1	255	f	537	2024-03-02 17:04:18.818807+01
6896	-1	255	f	521	2024-03-02 17:04:18.818811+01
6897	-1	255	f	546	2024-03-02 17:04:18.818822+01
6898	-1	255	f	513	2024-03-02 17:04:18.818828+01
6899	-1	255	f	524	2024-03-02 17:04:18.818833+01
6900	-1	255	f	539	2024-03-02 17:04:18.818868+01
6901	-1	255	f	538	2024-03-02 17:04:18.818879+01
6902	-1	255	f	519	2024-03-02 17:04:18.818884+01
6903	-1	255	f	551	2024-03-02 17:04:18.818889+01
6904	-1	255	f	527	2024-03-02 17:04:18.818948+01
6905	-1	255	f	533	2024-03-02 17:04:18.818954+01
6906	-1	256	f	504	2024-03-02 17:04:55.616088+01
6907	-1	256	f	541	2024-03-02 17:04:55.616236+01
6908	-1	256	f	550	2024-03-02 17:04:55.616254+01
6909	-1	256	f	545	2024-03-02 17:04:55.616282+01
6910	-1	256	f	537	2024-03-02 17:04:55.616292+01
6911	-1	256	f	500	2024-03-02 17:04:55.616306+01
6912	-1	256	f	520	2024-03-02 17:04:55.616308+01
6913	-1	256	f	549	2024-03-02 17:04:55.616312+01
6914	-1	256	f	502	2024-03-02 17:04:55.616314+01
6915	-1	256	f	547	2024-03-02 17:04:55.616316+01
6916	-1	256	f	538	2024-03-02 17:04:55.616318+01
6917	-1	256	f	551	2024-03-02 17:04:55.61632+01
6918	-1	256	f	540	2024-03-02 17:04:55.616535+01
6919	-1	256	f	531	2024-03-02 17:04:55.616547+01
6920	-1	256	f	503	2024-03-02 17:04:55.616556+01
6921	-1	256	f	516	2024-03-02 17:04:55.616558+01
6922	-1	256	f	544	2024-03-02 17:04:55.616665+01
6923	-1	256	f	526	2024-03-02 17:04:55.616669+01
6924	-1	256	f	548	2024-03-02 17:04:55.616671+01
6925	-1	256	f	505	2024-03-02 17:04:55.616673+01
6926	-1	256	f	517	2024-03-02 17:04:55.616675+01
6927	-1	256	f	539	2024-03-02 17:04:55.61668+01
6928	-1	256	f	501	2024-03-02 17:04:55.616682+01
6929	-1	256	f	525	2024-03-02 17:04:55.616684+01
6930	-1	256	f	529	2024-03-02 17:04:55.616687+01
6931	-1	256	f	515	2024-03-02 17:04:55.616689+01
6932	-1	256	f	543	2024-03-02 17:04:55.616762+01
6933	-1	256	f	534	2024-03-02 17:04:55.616774+01
6934	-1	256	f	523	2024-03-02 17:04:55.616777+01
6935	-1	256	f	513	2024-03-02 17:04:55.616779+01
6936	-1	256	f	535	2024-03-02 17:04:55.616781+01
6937	-1	256	f	536	2024-03-02 17:04:55.616784+01
6938	-1	256	f	542	2024-03-02 17:04:55.616792+01
6939	-1	256	f	530	2024-03-02 17:04:55.616795+01
6940	-1	256	f	511	2024-03-02 17:04:55.616799+01
6941	-1	256	f	512	2024-03-02 17:04:55.616801+01
6942	-1	256	f	506	2024-03-02 17:04:55.616803+01
6943	-1	256	f	518	2024-03-02 17:04:55.616805+01
6944	-1	256	f	514	2024-03-02 17:04:55.616807+01
6945	-1	256	f	546	2024-03-02 17:04:55.616809+01
6946	-1	256	f	509	2024-03-02 17:04:55.616813+01
6947	-1	256	f	533	2024-03-02 17:04:55.616817+01
6948	-1	256	f	522	2024-03-02 17:04:55.616819+01
6949	-1	256	f	510	2024-03-02 17:04:55.616821+01
6950	-1	256	f	519	2024-03-02 17:04:55.616823+01
6951	-1	256	f	528	2024-03-02 17:04:55.616826+01
6952	-1	256	f	524	2024-03-02 17:04:55.616828+01
6953	-1	256	f	532	2024-03-02 17:04:55.616836+01
6954	-1	256	f	508	2024-03-02 17:04:55.616843+01
6955	-1	256	f	521	2024-03-02 17:04:55.616844+01
6956	-1	257	f	524	2024-03-02 17:19:18.836575+01
6957	-1	257	f	550	2024-03-02 17:19:18.838244+01
6958	-1	257	f	547	2024-03-02 17:19:18.838259+01
6959	-1	257	f	507	2024-03-02 17:19:18.838262+01
6960	-1	257	f	548	2024-03-02 17:19:18.838264+01
6961	-1	257	f	506	2024-03-02 17:19:18.838272+01
6962	-1	257	f	531	2024-03-02 17:19:18.838274+01
6963	-1	257	f	505	2024-03-02 17:19:18.838278+01
6964	-1	257	f	542	2024-03-02 17:19:18.83828+01
6965	-1	257	f	514	2024-03-02 17:19:18.83951+01
6966	-1	257	f	528	2024-03-02 17:19:18.839514+01
6967	-1	257	f	526	2024-03-02 17:19:18.839516+01
6968	-1	257	f	513	2024-03-02 17:19:18.839519+01
6969	-1	257	f	522	2024-03-02 17:19:18.841639+01
6970	-1	257	f	530	2024-03-02 17:19:18.841644+01
6971	-1	257	f	534	2024-03-02 17:19:18.841646+01
6972	-1	257	f	504	2024-03-02 17:19:18.841649+01
6973	-1	257	f	525	2024-03-02 17:19:18.841656+01
6974	-1	257	f	518	2024-03-02 17:19:18.841659+01
6975	-1	257	f	503	2024-03-02 17:19:18.841783+01
6976	-1	257	f	501	2024-03-02 17:19:18.841785+01
6977	-1	257	f	527	2024-03-02 17:19:18.841788+01
6978	-1	257	f	520	2024-03-02 17:19:18.841791+01
6979	-1	257	f	532	2024-03-02 17:19:18.841793+01
6980	-1	257	f	515	2024-03-02 17:19:18.841802+01
6981	-1	257	f	523	2024-03-02 17:19:18.841804+01
6982	-1	257	f	516	2024-03-02 17:19:18.841806+01
6983	-1	257	f	537	2024-03-02 17:19:18.841808+01
6984	-1	257	f	517	2024-03-02 17:19:18.84181+01
6985	-1	257	f	545	2024-03-02 17:19:18.841813+01
6986	-1	257	f	543	2024-03-02 17:19:18.841815+01
6987	-1	257	f	529	2024-03-02 17:19:18.841818+01
6988	-1	257	f	533	2024-03-02 17:19:18.841823+01
6989	-1	257	f	500	2024-03-02 17:19:18.841825+01
6990	-1	257	f	551	2024-03-02 17:19:18.841827+01
6991	-1	257	f	511	2024-03-02 17:19:18.841838+01
6992	-1	257	f	540	2024-03-02 17:19:18.841841+01
6993	-1	257	f	544	2024-03-02 17:19:18.850343+01
6994	-1	257	f	539	2024-03-02 17:19:18.850354+01
6995	-1	257	f	509	2024-03-02 17:19:18.850356+01
6996	-1	257	f	546	2024-03-02 17:19:18.850359+01
6997	-1	257	f	549	2024-03-02 17:19:18.850363+01
6998	-1	257	f	521	2024-03-02 17:19:18.850376+01
6999	-1	257	f	519	2024-03-02 17:19:18.850379+01
7000	-1	257	f	541	2024-03-02 17:19:18.850381+01
7001	-1	257	f	502	2024-03-02 17:19:18.850386+01
7002	-1	257	f	510	2024-03-02 17:19:18.850391+01
7003	-1	257	f	512	2024-03-02 17:19:18.850393+01
7004	-1	257	f	536	2024-03-02 17:19:18.850395+01
7005	-1	257	f	535	2024-03-02 17:19:18.850397+01
\.


--
-- Data for Name: Users; Type: TABLE DATA; Schema: public; Owner: DrivingSchoolUser
--

COPY public."Users" ("Id", "Email", "UserName", "CreationDate") FROM stdin;
2	shadycodebe@gmail.com	Shady	2024-01-21 15:25:38.4271+01
3	laurent.kl1996@gmail.com	Laurent	2024-03-02 17:19:46.208039+01
\.


--
-- Data for Name: __EFMigrationsHistory; Type: TABLE DATA; Schema: public; Owner: DrivingSchoolUser
--

COPY public."__EFMigrationsHistory" ("MigrationId", "ProductVersion") FROM stdin;
20231215215708_Init	8.0.0
20231217110341_AddExplanationToQuestion	8.0.0
20231217190701_AddSavedQuestionsAndRenameExplanation	8.0.0
20231217193242_Migration1	8.0.0
20231217193433_Migration2	8.0.0
20231217194640_Migration3	8.0.0
20240105084908_AddIsSeriousToQuestion	8.0.0
20240204161247_AddUserToQuizSummaryRelationShip	8.0.0
20240213164539_nullableQuizSumAndSavedQuestion	8.0.0
20240229132044_AddThumbnailOnQuestion	8.0.0
\.


--
-- Name: Questions_Id_seq; Type: SEQUENCE SET; Schema: public; Owner: DrivingSchoolUser
--

SELECT pg_catalog.setval('public."Questions_Id_seq"', 551, true);


--
-- Name: QuizSummaries_Id_seq; Type: SEQUENCE SET; Schema: public; Owner: DrivingSchoolUser
--

SELECT pg_catalog.setval('public."QuizSummaries_Id_seq"', 257, true);


--
-- Name: QuizzSummaryElement_Id_seq; Type: SEQUENCE SET; Schema: public; Owner: DrivingSchoolUser
--

SELECT pg_catalog.setval('public."QuizzSummaryElement_Id_seq"', 7005, true);


--
-- Name: Users_Id_seq; Type: SEQUENCE SET; Schema: public; Owner: DrivingSchoolUser
--

SELECT pg_catalog.setval('public."Users_Id_seq"', 3, true);


--
-- Name: QuestionUser PK_QuestionUser; Type: CONSTRAINT; Schema: public; Owner: DrivingSchoolUser
--

ALTER TABLE ONLY public."QuestionUser"
    ADD CONSTRAINT "PK_QuestionUser" PRIMARY KEY ("SavedQuestionsId", "UsersId");


--
-- Name: Questions PK_Questions; Type: CONSTRAINT; Schema: public; Owner: DrivingSchoolUser
--

ALTER TABLE ONLY public."Questions"
    ADD CONSTRAINT "PK_Questions" PRIMARY KEY ("Id");


--
-- Name: QuizSummaries PK_QuizSummaries; Type: CONSTRAINT; Schema: public; Owner: DrivingSchoolUser
--

ALTER TABLE ONLY public."QuizSummaries"
    ADD CONSTRAINT "PK_QuizSummaries" PRIMARY KEY ("Id");


--
-- Name: QuizzSummaryElement PK_QuizzSummaryElement; Type: CONSTRAINT; Schema: public; Owner: DrivingSchoolUser
--

ALTER TABLE ONLY public."QuizzSummaryElement"
    ADD CONSTRAINT "PK_QuizzSummaryElement" PRIMARY KEY ("Id");


--
-- Name: Users PK_Users; Type: CONSTRAINT; Schema: public; Owner: DrivingSchoolUser
--

ALTER TABLE ONLY public."Users"
    ADD CONSTRAINT "PK_Users" PRIMARY KEY ("Id");


--
-- Name: __EFMigrationsHistory PK___EFMigrationsHistory; Type: CONSTRAINT; Schema: public; Owner: DrivingSchoolUser
--

ALTER TABLE ONLY public."__EFMigrationsHistory"
    ADD CONSTRAINT "PK___EFMigrationsHistory" PRIMARY KEY ("MigrationId");


--
-- Name: IX_QuestionUser_UsersId; Type: INDEX; Schema: public; Owner: DrivingSchoolUser
--

CREATE INDEX "IX_QuestionUser_UsersId" ON public."QuestionUser" USING btree ("UsersId");


--
-- Name: IX_QuizSummaries_UserId; Type: INDEX; Schema: public; Owner: DrivingSchoolUser
--

CREATE INDEX "IX_QuizSummaries_UserId" ON public."QuizSummaries" USING btree ("UserId");


--
-- Name: IX_QuizzSummaryElement_QuestionId; Type: INDEX; Schema: public; Owner: DrivingSchoolUser
--

CREATE INDEX "IX_QuizzSummaryElement_QuestionId" ON public."QuizzSummaryElement" USING btree ("QuestionId");


--
-- Name: IX_QuizzSummaryElement_QuizzSummaryId; Type: INDEX; Schema: public; Owner: DrivingSchoolUser
--

CREATE INDEX "IX_QuizzSummaryElement_QuizzSummaryId" ON public."QuizzSummaryElement" USING btree ("QuizzSummaryId");


--
-- Name: QuestionUser FK_QuestionUser_Questions_SavedQuestionsId; Type: FK CONSTRAINT; Schema: public; Owner: DrivingSchoolUser
--

ALTER TABLE ONLY public."QuestionUser"
    ADD CONSTRAINT "FK_QuestionUser_Questions_SavedQuestionsId" FOREIGN KEY ("SavedQuestionsId") REFERENCES public."Questions"("Id") ON DELETE CASCADE;


--
-- Name: QuestionUser FK_QuestionUser_Users_UsersId; Type: FK CONSTRAINT; Schema: public; Owner: DrivingSchoolUser
--

ALTER TABLE ONLY public."QuestionUser"
    ADD CONSTRAINT "FK_QuestionUser_Users_UsersId" FOREIGN KEY ("UsersId") REFERENCES public."Users"("Id") ON DELETE CASCADE;


--
-- Name: QuizSummaries FK_QuizSummaries_Users_UserId; Type: FK CONSTRAINT; Schema: public; Owner: DrivingSchoolUser
--

ALTER TABLE ONLY public."QuizSummaries"
    ADD CONSTRAINT "FK_QuizSummaries_Users_UserId" FOREIGN KEY ("UserId") REFERENCES public."Users"("Id") ON DELETE CASCADE;


--
-- Name: QuizzSummaryElement FK_QuizzSummaryElement_Questions_QuestionId; Type: FK CONSTRAINT; Schema: public; Owner: DrivingSchoolUser
--

ALTER TABLE ONLY public."QuizzSummaryElement"
    ADD CONSTRAINT "FK_QuizzSummaryElement_Questions_QuestionId" FOREIGN KEY ("QuestionId") REFERENCES public."Questions"("Id") ON DELETE CASCADE;


--
-- Name: QuizzSummaryElement FK_QuizzSummaryElement_QuizSummaries_QuizzSummaryId; Type: FK CONSTRAINT; Schema: public; Owner: DrivingSchoolUser
--

ALTER TABLE ONLY public."QuizzSummaryElement"
    ADD CONSTRAINT "FK_QuizzSummaryElement_QuizSummaries_QuizzSummaryId" FOREIGN KEY ("QuizzSummaryId") REFERENCES public."QuizSummaries"("Id");


--
-- PostgreSQL database dump complete
--

